"issue_key","issuetype","created","sp_fluctuate","text_multinomial","text_gaussian","text_bernoulli","text_complement","GROUP"
"BAM-9692","Story","2011-09-05T04:43:32.000+0000",False,0.013680465968264964,0.0,6.520783530150574e-23,0.24071788899940408,"A"
"BAM-9297","Task","2011-07-18T00:01:21.000+0000",False,0.0031683661955514597,0.0,4.3891894426061846e-17,0.06772943813793306,"A"
"BAM-8379","Bug","2011-03-29T04:17:51.000+0000",False,0.018533539582229825,0.0,1.5576433675959134e-15,0.30149221392126413,"A"
"BAM-10092","Bug","2011-11-01T23:20:48.000+0000",False,0.006067165411550634,0.0,5.214839051331499e-18,0.12244104874001209,"A"
"BAM-4534","Story","2009-09-15T07:38:18.000+0000",False,0.012232672557573224,0.0,3.492559358070425e-23,0.22061723382500903,"A"
"BAM-4576","Story","2009-09-18T05:41:19.000+0000",False,0.015377781002681595,0.0,2.9248476740733493e-21,0.2630703993058133,"A"
"BAM-3809","Story","2009-04-17T01:36:48.000+0000",False,0.01577851771700865,0.0,4.5094955601729274e-20,0.26816788562212857,"A"
"BAM-8805","Story","2011-05-16T14:11:02.000+0000",False,0.013491765707446795,0.0,3.141845355209215e-22,0.238153720190216,"A"
"BAM-3917","Story","2009-05-18T06:26:31.000+0000",False,0.030437216387305514,0.0,3.35324220551739e-23,0.4177746299451058,"A"
"BAM-4594","Story","2009-09-22T00:44:04.000+0000",False,0.009639294249197931,0.0,5.7828036372655e-23,0.18198481290308385,"A"
"BAM-10054","Story","2011-10-28T00:18:55.000+0000",False,0.06565734467455726,0.0,2.263513425355273e-22,0.6162992992269273,"A"
"BAM-8678","Task","2011-05-04T06:16:52.000+0000",False,0.013626967430364116,0.0,6.69728254273488e-22,0.2399925750430345,"A"
"BAM-7531","Task","2010-12-14T10:05:51.000+0000",False,0.007775970997957856,0.0,3.111132870508372e-10,0.1519166489747757,"A"
"BAM-4794","Story","2009-11-02T07:34:36.000+0000",False,0.015486260340450884,0.0,1.7198824280730441e-22,0.2644568732033114,"A"
"BAM-7690","Story","2011-01-07T09:55:08.000+0000",False,0.007896467690590277,0.0,4.740205951770465e-21,0.15392425327176554,"A"
"BAM-8806","Story","2011-05-16T14:12:06.000+0000",False,0.013427135169044086,0.0,1.205091369121356e-22,0.23727172334023086,"A"
"BAM-5376","Story","2010-02-23T07:17:05.000+0000",False,0.019658320560928238,0.0,5.323567674014927e-22,0.3142904010579729,"A"
"BAM-3805","Story","2009-04-17T01:31:49.000+0000",False,0.005461987305376238,0.0,4.722032556893622e-22,0.11153052655293037,"A"
"BAM-10940","Bug","2012-02-20T04:00:22.000+0000",False,0.0050977271116825745,0.0,6.463449120119302e-22,0.10483821903530574,"A"
"BAM-6785","Bug","2010-09-09T04:38:50.000+0000",False,0.0436642144399568,0.0,8.059771986311827e-15,0.5106692426530863,"A"
"BAM-8787","Story","2011-05-16T11:32:22.000+0000",False,0.009015768504458689,0.0,1.268852883793701e-19,0.17215084550829815,"A"
"BAM-4341","Bug","2009-08-12T01:05:27.000+0000",False,0.013214747274164265,0.0,2.021189844606605e-18,0.2343597022427424,"A"
"BAM-10101","Story","2011-11-02T05:10:23.000+0000",True,0.01988971412085552,0.0,5.617043872262188e-22,0.3168688889092329,"A"
"BAM-3905","Bug","2009-05-14T02:48:22.000+0000",False,0.004472371301618601,0.0,2.4768434384297122e-17,0.09312259286358508,"A"
"BAM-8556","Bug","2011-04-18T05:17:04.000+0000",True,0.12112147404428683,1.0,4.1301601944138816e-11,0.7590376956904593,"A"
"BAM-6358","Story","2010-07-27T04:34:27.000+0000",False,0.012229138733310366,0.0,4.736662804999804e-23,0.2205669433610052,"A"
"BAM-11096","Bug","2012-03-02T17:31:10.000+0000",False,0.004965922227320985,0.0,1.9470571163216219e-13,0.10239297141083306,"A"
"BAM-8806","Story","2011-05-16T14:12:06.000+0000",False,0.013427135169044086,0.0,1.205091369121356e-22,0.23727172334023086,"A"
"BAM-4704","Bug","2009-10-12T01:22:33.000+0000",False,0.016760883699942553,0.0,6.722670960528985e-20,0.2803873874361814,"A"
"BAM-10105","Bug","2011-11-02T20:00:44.000+0000",False,0.02109981996063277,0.0,8.621634513741254e-22,0.33006269718486436,"A"
"BAM-8783","Story","2011-05-16T11:21:49.000+0000",False,0.008345142440389258,0.0,2.0545622519143108e-22,0.16132100504391408,"A"
"BAM-5187","Story","2010-01-11T05:32:05.000+0000",False,0.0065269244129896415,0.0,2.3672112526007407e-19,0.13056101925342706,"A"
"BAM-10107","Story","2011-11-02T23:53:10.000+0000",False,0.05905024188611339,0.0,6.397479533174754e-22,0.5892250155382107,"A"
"BAM-10097","Story","2011-11-02T05:06:27.000+0000",False,0.020753179295277983,0.0,7.764644159901836e-23,0.3263323372756141,"A"
"BAM-4940","Story","2009-12-01T07:25:10.000+0000",False,0.016668716811117833,0.0,1.179274884172673e-20,0.2792572873883554,"A"
"BAM-10651","Bug","2012-01-18T00:08:19.000+0000",False,0.019416940856378472,0.0,1.7838950421337266e-19,0.31158112136728544,"A"
"BAM-4360","Bug","2009-08-17T05:25:12.000+0000",False,0.023100784224526827,0.0,1.347674462614038e-16,0.35086179217390767,"A"
"BAM-10063","Story","2011-10-31T01:45:15.000+0000",False,0.012931952676914656,0.0,7.792196646089588e-23,0.2304496267413311,"A"
"BAM-7507","Story","2010-12-12T23:04:54.000+0000",False,0.005423631761524127,0.0,3.7608653263060126e-20,0.11083033363493182,"A"
"BAM-4341","Bug","2009-08-12T01:05:27.000+0000",False,0.013214747274164265,0.0,2.021189844606605e-18,0.2343597022427424,"A"
"BAM-3809","Story","2009-04-17T01:36:48.000+0000",False,0.01577851771700865,0.0,4.5094955601729274e-20,0.26816788562212857,"A"
"BAM-7471","Bug","2010-12-07T04:00:23.000+0000",False,0.012718615536647108,0.0,3.004637998583131e-22,0.22747487975294955,"A"
"BAM-7365","Task","2010-11-19T17:20:00.000+0000",False,0.008129347526199851,0.0,2.960024510659712e-19,0.15777883438704127,"A"
"BAM-6506","Story","2010-08-10T08:33:24.000+0000",False,0.008691497534363102,0.0,3.246377154556336e-23,0.16694755599793235,"A"
"BAM-3718","Story","2009-04-03T03:40:47.000+0000",False,0.007594634582984199,0.0,9.2035401848464e-21,0.1488782952884681,"A"
"BAM-10890","Bug","2012-02-13T23:09:36.000+0000",False,0.0023953758710082624,0.0,0.00032070329771063185,0.05202749326512588,"A"
"BAM-3740","Story","2009-04-07T07:32:15.000+0000",False,0.025102359028972773,0.0,3.3603476944077587e-20,0.3704919349511273,"A"
"BAM-7593","Story","2010-12-23T01:25:26.000+0000",False,0.007855069446694842,0.0,1.2102342537713277e-19,0.15323553180495889,"A"
"BAM-5261","Story","2010-01-28T01:27:42.000+0000",False,0.02021696306291731,0.0,2.316307514688468e-21,0.3204846412198884,"A"
"BAM-4537","Story","2009-09-15T08:51:01.000+0000",False,0.010450481371224722,0.0,6.21376877239299e-23,0.19445189741106206,"A"
"BAM-10096","Story","2011-11-02T05:06:17.000+0000",False,0.028761987313350945,0.0,6.957519836044727e-22,0.4036563343021333,"A"
"BAM-10254","Bug","2011-11-24T03:25:30.000+0000",False,0.023389678358008512,0.0,3.8984692378720747e-22,0.3537652603307474,"A"
"BAM-10063","Story","2011-10-31T01:45:15.000+0000",False,0.012931952676914656,0.0,7.792196646089588e-23,0.2304496267413311,"A"
"BAM-8015","Story","2011-02-11T00:00:49.000+0000",False,0.01338323066434269,0.0,4.3966116652876434e-17,0.23667146983077625,"A"
"BAM-5425","Bug","2010-03-05T05:06:28.000+0000",False,0.0046004887897646935,0.0,1.0,0.09554649146315466,"A"
"BAM-9014","Bug","2011-06-08T09:27:26.000+0000",False,0.024619930558429384,0.0,8.21692641225956e-21,0.36586272845372986,"A"
"BAM-7483","Story","2010-12-09T05:50:43.000+0000",False,0.011408181641202752,0.0,2.738161590401975e-20,0.20871523921144594,"A"
"BAM-10101","Story","2011-11-02T05:10:23.000+0000",True,0.01988971412085552,0.0,5.617043872262188e-22,0.3168688889092329,"A"
"BAM-10254","Bug","2011-11-24T03:25:30.000+0000",False,0.023389678358008512,0.0,3.8984692378720747e-22,0.3537652603307474,"A"
"BAM-6749","Bug","2010-09-06T06:01:24.000+0000",False,0.016905268436179233,0.0,4.320345350381629e-18,0.28215107045576326,"A"
"BAM-6216","Bug","2010-07-09T13:31:30.000+0000",False,0.02324862041308822,0.0,1.0,0.35235062531773964,"A"
"BAM-8806","Story","2011-05-16T14:12:06.000+0000",False,0.013427135169044086,0.0,1.205091369121356e-22,0.23727172334023086,"A"
"BAM-8059","Bug","2011-02-17T15:32:11.000+0000",False,0.012979821749299292,0.0,1.463464484896934e-20,0.23111413863382463,"A"
"BAM-9485","Bug","2011-08-09T11:55:19.000+0000",True,0.034569282534964704,1.0,2.0080327591665716e-10,0.4500805675797003,"A"
"BAM-3683","Story","2009-03-24T11:03:00.000+0000",False,0.02334716594548218,0.0,9.923709341659535e-23,0.3533395219646945,"A"
"BAM-5778","Bug","2010-05-11T03:59:30.000+0000",False,0.00925294155834923,0.0,1.3524238277500226e-18,0.17591770607999976,"A"
"BAM-3633","Story","2009-03-10T04:27:20.000+0000",False,0.020320120571114708,0.0,3.001922075852017e-22,0.32161699703898444,"A"
"BAM-3735","Story","2009-04-07T07:29:41.000+0000",False,0.023042369217739646,0.0,2.6366532358532285e-22,0.35027174081862805,"A"
"BAM-8213","Bug","2011-03-08T06:51:06.000+0000",False,0.008710086483217638,0.0,3.2150452335972184e-17,0.16724751060674564,"A"
"BAM-10613","Story","2012-01-13T03:32:36.000+0000",False,0.008637631592869274,0.0,1.2135071287605896e-20,0.16607720762045555,"A"
"BAM-3718","Story","2009-04-03T03:40:47.000+0000",False,0.007594634582984199,0.0,9.2035401848464e-21,0.1488782952884681,"A"
"BAM-10677","Bug","2012-01-20T09:14:43.000+0000",False,0.015023425432513192,0.0,1.8230042967195995e-07,0.2585068915474517,"A"
"BAM-7593","Story","2010-12-23T01:25:26.000+0000",False,0.007855069446694842,0.0,1.2102342537713277e-19,0.15323553180495889,"A"
"BAM-4627","Story","2009-09-22T08:43:40.000+0000",False,0.05652684905348832,0.0,3.053449028202903e-23,0.5779616885641403,"A"
"BAM-9342","Improvement","2011-07-22T10:01:47.000+0000",False,0.013511863923719496,0.0,3.898143379926914e-16,0.23842760340847208,"A"
"BAM-6757","Bug","2010-09-07T07:42:36.000+0000",False,0.0028790059029083505,0.0,1.2910783112137996e-08,0.06191004547841846,"A"
"BAM-9868","Bug","2011-09-26T18:13:22.000+0000",False,0.006470058756628787,0.0,5.6427673030172636e-08,0.12956444269169753,"A"
"BAM-11132","Bug","2012-03-06T02:56:57.000+0000",False,0.013065804367963455,0.0,2.4067221470342758e-21,0.23230502125421132,"A"
"BAM-8447","Story","2011-04-05T09:05:25.000+0000",False,0.012107294783170706,0.0,2.3939040381110868e-23,0.21882920357843608,"A"
"BAM-4503","Task","2009-09-03T22:51:36.000+0000",False,0.007129784053094117,0.0,3.6670552754853114e-21,0.14099439084356996,"A"
"BAM-10882","Story","2012-02-13T04:39:07.000+0000",False,0.0076889709790900875,0.0,1.9426815761892911e-19,0.15046150712879217,"A"
"BAM-4497","Task","2009-09-03T04:52:27.000+0000",False,0.011923477475817503,0.0,1.503898848860282e-19,0.21619370534197677,"A"
"BAM-10038","Bug","2011-10-27T06:47:38.000+0000",False,0.029832230210895854,0.0,3.6817013478110086e-20,0.4127481945996717,"A"
"BAM-7503","Bug","2010-12-11T12:54:52.000+0000",False,0.006954415108559465,0.0,2.020091487967601e-15,0.13798399022517568,"A"
"BAM-10106","Story","2011-11-02T23:35:25.000+0000",True,0.02618810691593917,0.0,1.4465638434885608e-22,0.3806832670601984,"A"
"BAM-5184","Bug","2010-01-11T04:23:56.000+0000",False,0.005054143847390006,0.0,1.0,0.1040310652077614,"A"
"BAM-7436","Story","2010-12-01T18:48:22.000+0000",False,0.009214659739684317,0.0,2.8747637368113745e-18,0.17531190164169533,"A"
"BAM-11602","Bug","2012-05-25T02:41:57.000+0000",False,0.028759553800388582,0.0,9.281295390271394e-23,0.40363536366294167,"A"
"BAM-10097","Story","2011-11-02T05:06:27.000+0000",False,0.020753179295277983,0.0,7.764644159901836e-23,0.3263323372756141,"A"
"BAM-4666","Story","2009-10-06T07:07:04.000+0000",False,0.017476402214616247,0.0,2.102297213158482e-21,0.2890486130850497,"A"
"BAM-6262","Story","2010-07-14T08:35:10.000+0000",False,0.02079673770860965,0.0,4.152690678355974e-23,0.32680322427534914,"A"
"BAM-5860","Bug","2010-05-26T12:59:30.000+0000",False,0.01691013596063416,0.0,3.1957760023800466e-18,0.2822103864377402,"A"
"BAM-6529","Bug","2010-08-13T10:18:55.000+0000",False,0.012653057827165198,0.0,2.660276474872038e-20,0.2265563859117241,"A"
"BAM-6901","Bug","2010-09-22T10:04:14.000+0000",False,0.014679435156351905,0.0,7.457700260081094e-19,0.2540256778241554,"A"
"BAM-7476","Story","2010-12-09T00:08:37.000+0000",False,0.020282902991984108,0.0,1.1645480701848173e-22,0.3212088691200995,"A"
"BAM-4416","Story","2009-08-31T02:21:06.000+0000",False,0.029269016055228074,0.0,6.458428537643519e-20,0.40799594975176645,"A"
"BAM-9692","Story","2011-09-05T04:43:32.000+0000",False,0.013680465968264964,0.0,6.520783530150574e-23,0.24071788899940408,"A"
"BAM-4937","Story","2009-12-01T05:04:52.000+0000",False,0.00960475470817557,0.0,1.997246468863279e-20,0.18144586680754063,"A"
"BAM-7448","Story","2010-12-02T15:38:39.000+0000",False,0.00954217661010907,0.0,2.1538969622268662e-21,0.18046769926086673,"A"
"BAM-5140","Bug","2009-12-29T07:16:19.000+0000",False,0.01207145314506635,0.0,9.39041983099149e-18,0.21831663574504906,"A"
"BAM-5261","Story","2010-01-28T01:27:42.000+0000",False,0.02021696306291731,0.0,2.316307514688468e-21,0.3204846412198884,"A"
"BAM-10677","Bug","2012-01-20T09:14:43.000+0000",False,0.015023425432513192,0.0,1.8230042967195995e-07,0.2585068915474517,"A"
"BAM-4628","Story","2009-09-22T08:43:56.000+0000",False,0.031583167767738576,0.0,4.736387994587232e-22,0.42708002801084116,"A"
"BAM-3724","Story","2009-04-07T07:19:28.000+0000",False,0.018609368144176425,0.0,1.1531630343513679e-18,0.3023690822059438,"A"
"BAM-10940","Bug","2012-02-20T04:00:22.000+0000",False,0.0050977271116825745,0.0,6.463449120119302e-22,0.10483821903530574,"A"
"BAM-11118","Story","2012-03-05T04:53:18.000+0000",False,0.021157167711977176,0.0,3.053449028202903e-23,0.3306761164981021,"A"
"BAM-4794","Story","2009-11-02T07:34:36.000+0000",False,0.015486260340450884,0.0,1.7198824280730441e-22,0.2644568732033114,"A"
"BAM-7365","Task","2010-11-19T17:20:00.000+0000",False,0.008129347526199851,0.0,2.960024510659712e-19,0.15777883438704127,"A"
"BAM-4503","Task","2009-09-03T22:51:36.000+0000",False,0.007129784053094117,0.0,3.6670552754853114e-21,0.14099439084356996,"A"
"BAM-4537","Story","2009-09-15T08:51:01.000+0000",False,0.010450481371224722,0.0,6.21376877239299e-23,0.19445189741106206,"A"
"BAM-4037","Story","2009-06-05T02:29:05.000+0000",False,0.013332339665372906,0.0,1.9067123610319384e-17,0.23597458207500976,"A"
"BAM-7448","Story","2010-12-02T15:38:39.000+0000",False,0.00954217661010907,0.0,2.1538969622268662e-21,0.18046769926086673,"A"
"BAM-8503","Story","2011-04-12T00:46:27.000+0000",False,0.02050182348523819,0.0,2.746740978495044e-22,0.3236029669607276,"A"
"BAM-10882","Story","2012-02-13T04:39:07.000+0000",False,0.0076889709790900875,0.0,1.9426815761892911e-19,0.15046150712879217,"A"
"BAM-4850","Story","2009-11-17T06:42:43.000+0000",False,0.030112904276677125,1.0,1.791857842027265e-22,0.41509010101672433,"A"
"BAM-8551","Bug","2011-04-15T12:01:54.000+0000",False,0.008472585069585018,0.0,8.727536574020817e-14,0.1633996733337471,"A"
"BAM-7200","Story","2010-10-22T16:24:12.000+0000",False,0.007614419076271402,0.0,7.780140659763271e-21,0.14921079476201926,"A"
"BAM-4794","Story","2009-11-02T07:34:36.000+0000",False,0.015486260340450884,0.0,1.7198824280730441e-22,0.2644568732033114,"A"
"BAM-9750","Bug","2011-09-12T14:15:37.000+0000",False,0.010966063885939233,0.0,1.0473330166735995e-22,0.20219049180788365,"A"
"BAM-7531","Task","2010-12-14T10:05:51.000+0000",False,0.007775970997957856,0.0,3.111132870508372e-10,0.1519166489747757,"A"
"BAM-10060","Story","2011-10-31T01:20:48.000+0000",False,0.009450422390249782,0.0,1.8966311056953315e-22,0.17902946565875028,"A"
"BAM-7476","Story","2010-12-09T00:08:37.000+0000",False,0.020282902991984108,0.0,1.1645480701848173e-22,0.3212088691200995,"A"
"BAM-4605","Story","2009-09-22T00:51:58.000+0000",False,0.022326649028375334,0.0,4.277479588413111e-22,0.3429600258518224,"A"
"BAM-11116","Story","2012-03-05T04:52:50.000+0000",False,0.017332525844312847,0.0,4.508057760988943e-22,0.2873227965831542,"A"
"BAM-10997","Task","2012-02-27T00:16:28.000+0000",False,0.01040442469413244,0.0,1.750132942684488e-21,0.1937536996030769,"A"
"BAM-4037","Story","2009-06-05T02:29:05.000+0000",False,0.013332339665372906,0.0,1.9067123610319384e-17,0.23597458207500976,"A"
"BAM-5425","Bug","2010-03-05T05:06:28.000+0000",False,0.0046004887897646935,0.0,1.0,0.09554649146315466,"A"
"BAM-10062","Story","2011-10-31T01:23:42.000+0000",False,0.0056916561376205545,0.0,5.1237921590054935e-23,0.11570136147198146,"A"
"BAM-10038","Bug","2011-10-27T06:47:38.000+0000",False,0.029832230210895854,0.0,3.6817013478110086e-20,0.4127481945996717,"A"
"BAM-5376","Story","2010-02-23T07:17:05.000+0000",False,0.019658320560928238,0.0,5.323567674014927e-22,0.3142904010579729,"A"
"BAM-8783","Story","2011-05-16T11:21:49.000+0000",False,0.008345142440389258,0.0,2.0545622519143108e-22,0.16132100504391408,"A"
"BAM-8805","Story","2011-05-16T14:11:02.000+0000",False,0.013491765707446795,0.0,3.141845355209215e-22,0.238153720190216,"A"
"BAM-8805","Story","2011-05-16T14:11:02.000+0000",False,0.013491765707446795,0.0,3.141845355209215e-22,0.238153720190216,"A"
"BAM-11118","Story","2012-03-05T04:53:18.000+0000",False,0.021157167711977176,0.0,3.053449028202903e-23,0.3306761164981021,"A"
"BAM-6969","Bug","2010-09-30T18:20:36.000+0000",False,0.008403887575566028,0.0,1.064604207097063e-11,0.1622803900771027,"A"
"BAM-3912","Story","2009-05-18T06:21:48.000+0000",False,0.04191616766467069,1.0,1.9542073780498757e-23,0.5,"A"
"BAM-8213","Bug","2011-03-08T06:51:06.000+0000",False,0.008710086483217638,0.0,3.2150452335972184e-17,0.16724751060674564,"A"
"BAM-8985","Bug","2011-06-03T14:47:29.000+0000",False,0.0025711615839567425,0.0,1.9159216725726074e-18,0.055642402222425405,"A"
"BAM-11609","Bug","2012-05-25T03:58:05.000+0000",False,0.0069681180112201755,0.0,1.6468149877916528e-22,0.13821993692806409,"A"
"BAM-5070","Story","2009-12-15T06:00:33.000+0000",False,0.00404009486334097,0.0,6.638614573299173e-24,0.08485216123959079,"A"
"BAM-3922","Story","2009-05-18T07:18:30.000+0000",False,0.03870658890557788,0.0,4.702311503432487e-23,0.479260363382095,"A"
"BAM-3981","Story","2009-06-01T02:21:54.000+0000",False,0.007904432245373176,0.0,7.209118681220505e-24,0.15405663360691427,"A"
"BAM-7485","Story","2010-12-09T05:53:57.000+0000",False,0.01143434365370577,0.0,1.35988107005524e-20,0.20909817498572272,"A"
"BAM-7200","Story","2010-10-22T16:24:12.000+0000",False,0.007614419076271402,0.0,7.780140659763271e-21,0.14921079476201926,"A"
"BAM-5143","Bug","2009-12-30T23:37:29.000+0000",False,0.005503781334029664,0.0,1.0,0.11229229706026184,"A"
"BAM-5328","Bug","2010-02-12T04:04:07.000+0000",False,0.005115822715774178,0.0,1.0,0.10517293985181422,"A"
"BAM-6501","Story","2010-08-10T07:24:18.000+0000",False,0.004568853610833753,0.0,3.692759566404064e-20,0.09494912225749154,"A"
"BAM-5172","Bug","2010-01-08T00:13:46.000+0000",False,0.008808544577551515,0.0,2.5198631253906554e-19,0.16883283976306965,"A"
"BAM-5510","Bug","2010-03-20T21:08:28.000+0000",False,0.015428420617460803,0.0,4.366682687897768e-19,0.2637182358675079,"A"
"BAM-6501","Story","2010-08-10T07:24:18.000+0000",False,0.004568853610833753,0.0,3.692759566404064e-20,0.09494912225749154,"A"
"BAM-4924","Story","2009-11-29T22:07:15.000+0000",False,0.017123713274534977,0.0,1.2096275040054568e-20,0.2848040116948035,"A"
"BAM-9692","Story","2011-09-05T04:43:32.000+0000",False,0.013680465968264964,0.0,6.520783530150574e-23,0.24071788899940408,"A"
"BAM-4665","Story","2009-10-06T07:03:54.000+0000",False,0.029004089454288676,0.0,1.2068060755949012e-20,0.4057358091514673,"A"
"BAM-7441","Story","2010-12-01T19:30:13.000+0000",False,0.009212631737617664,0.0,1.2822748806949029e-19,0.1752797852556611,"A"
"BAM-4666","Story","2009-10-06T07:07:04.000+0000",False,0.017476402214616247,0.0,2.102297213158482e-21,0.2890486130850497,"A"
"BAM-4925","Story","2009-11-29T22:07:52.000+0000",False,0.035827789061018814,0.0,6.302714106808263e-22,0.4592698446847166,"A"
"BAM-5860","Bug","2010-05-26T12:59:30.000+0000",False,0.01691013596063416,0.0,3.1957760023800466e-18,0.2822103864377402,"A"
"BAM-9033","Bug","2011-06-14T05:09:25.000+0000",False,0.017218777989179933,0.0,7.459427454026773e-17,0.2859527935798648,"A"
"BAM-10090","Bug","2011-10-31T18:19:47.000+0000",False,0.02728684061567716,0.0,1.6626976284761486e-17,0.3906880355243255,"A"
"BAM-9511","Story","2011-08-12T10:50:49.000+0000",False,0.002978002240935811,0.0,2.2998223617420817e-15,0.06390876170125498,"A"
"BAM-7724","Story","2011-01-11T06:20:54.000+0000",False,0.0049382880993396345,0.0,4.576646230245279e-22,0.10187868981518218,"A"
"BAM-9750","Bug","2011-09-12T14:15:37.000+0000",False,0.010966063885939233,0.0,1.0473330166735995e-22,0.20219049180788365,"A"
"BAM-8639","Story","2011-04-29T06:18:50.000+0000",False,0.00495271115594884,0.0,6.819005408912061e-21,0.10214717830206299,"A"
"BAM-4731","Story","2009-10-19T07:09:08.000+0000",False,0.010235329656705108,0.0,1.0560849299057464e-20,0.1911804465951139,"A"
"BAM-3809","Story","2009-04-17T01:36:48.000+0000",False,0.01577851771700865,0.0,4.5094955601729274e-20,0.26816788562212857,"A"
"BAM-10092","Bug","2011-11-01T23:20:48.000+0000",False,0.006067165411550634,0.0,5.214839051331499e-18,0.12244104874001209,"A"
"BAM-8447","Story","2011-04-05T09:05:25.000+0000",False,0.012107294783170706,0.0,2.3939040381110868e-23,0.21882920357843608,"A"
"BAM-7454","Story","2010-12-03T19:50:19.000+0000",False,0.011977209630845923,0.0,4.701887973921205e-23,0.28200421209648713,"B"
"BAM-7732","Bug","2011-01-12T22:38:28.000+0000",False,0.013624376747321604,0.0,4.1204772712377975e-24,0.3091666395012093,"B"
"BAM-6934","Bug","2010-09-28T14:07:40.000+0000",False,0.009343358419700696,0.0,2.741782224674646e-23,0.23405686835346248,"B"
"BAM-7436","Story","2010-12-01T18:48:22.000+0000",False,0.008663599477721011,0.0,1.5812500741358588e-18,0.2206701675110442,"B"
"BAM-4536","Story","2009-09-15T08:23:27.000+0000",False,0.005765493127720108,0.0,1.944543946396815e-24,0.15816782955948966,"B"
"BAM-4737","Story","2009-10-19T07:28:48.000+0000",False,0.01193352264200468,0.0,4.0561193405251293e-23,0.2812559734439636,"B"
"BAM-7924","Bug","2011-02-04T04:39:34.000+0000",False,0.003595955888432988,0.0,7.536685885313124e-05,0.10468829928818103,"B"
"BAM-3685","Story","2009-03-24T11:07:42.000+0000",False,0.006022082886550694,0.0,2.0680009161926383e-24,0.1640876024468979,"B"
"BAM-5425","Bug","2010-03-05T05:06:28.000+0000",False,0.017951070989526103,0.0,1.0,0.3719564036967023,"B"
"BAM-7833","Bug","2011-01-27T03:44:09.000+0000",True,0.0212134609985878,0.0,5.424200628355624e-13,0.4125292795700758,"B"
"BAM-8783","Story","2011-05-16T11:21:49.000+0000",False,0.0032543273254647996,0.0,2.5581772739890763e-24,0.0956646310280387,"B"
"BAM-7683","Story","2011-01-06T07:01:22.000+0000",False,0.009147059088952483,0.0,3.1524543969404046e-19,0.23023667616767765,"B"
"BAM-5425","Bug","2010-03-05T05:06:28.000+0000",False,0.017951070989526103,0.0,1.0,0.3719564036967023,"B"
"BAM-7628","Task","2010-12-30T03:36:51.000+0000",False,0.011580112833776208,0.0,1.5357416357970872e-20,0.27514768201765494,"B"
"BAM-10171","Bug","2011-11-14T00:02:08.000+0000",False,0.01126420402682728,0.0,3.226268140003189e-22,0.2696027828495629,"B"
"BAM-8216","Bug","2011-03-08T23:12:08.000+0000",False,0.003581904384624907,0.0,3.9179178929376034e-14,0.10432057900628165,"B"
"BAM-11604","Bug","2012-05-25T02:53:22.000+0000",False,0.025045008670990694,0.0,1.2503537478352533e-19,0.45423883349757066,"B"
"BAM-11116","Story","2012-03-05T04:52:50.000+0000",False,0.022738065223014425,0.0,5.861173481434756e-23,0.42982727672653476,"B"
"BAM-8070","Story","2011-02-21T09:03:20.000+0000",False,0.005934432341343704,0.0,9.800429445798903e-22,0.16207446207500148,"B"
"BAM-10064","Story","2011-10-31T01:45:59.000+0000",False,0.008771928088659975,0.0,1.1588943183887135e-20,0.22283352801186126,"B"
"BAM-8216","Bug","2011-03-08T23:12:08.000+0000",False,0.003581904384624907,0.0,3.9179178929376034e-14,0.10432057900628165,"B"
"BAM-4905","Bug","2009-11-24T22:23:32.000+0000",False,0.006047093580792296,0.0,4.426123469856492e-20,0.16466033528345367,"B"
"BAM-4806","Story","2009-11-04T04:52:07.000+0000",False,0.00840406045247954,0.0,6.5982765265937836e-24,0.2154397120364238,"B"
"BAM-7299","Bug","2010-11-10T07:07:32.000+0000",False,0.02839536116750728,0.0,9.53886535416695e-19,0.4863621944768958,"B"
"BAM-6757","Bug","2010-09-07T07:42:36.000+0000",False,0.002121470316819548,0.0,3.5650407447062282e-12,0.06444283259164041,"B"
"BAM-3631","Story","2009-03-10T04:24:28.000+0000",False,0.019694991760680687,0.0,8.581641152755095e-21,0.3942837163417846,"B"
"BAM-9342","Improvement","2011-07-22T10:01:47.000+0000",False,0.014332786518321159,0.0,5.191677743908579e-16,0.32025271155112406,"B"
"BAM-6018","Bug","2010-06-10T05:05:04.000+0000",False,0.003907059871181125,0.0,9.419376070466318e-18,0.11275568318825016,"B"
"BAM-10677","Bug","2012-01-20T09:14:43.000+0000",False,0.011589708970598554,0.0,2.753796523185604e-06,0.27531485327173544,"B"
"BAM-3801","Story","2009-04-17T01:30:18.000+0000",False,0.014664956439558072,0.0,3.5754391857879486e-19,0.32533462169907473,"B"
"BAM-8556","Bug","2011-04-18T05:17:04.000+0000",True,0.019479581234175633,1.0,3.955213334878218e-19,0.39160795827998107,"B"
"BAM-3683","Story","2009-03-24T11:03:00.000+0000",False,0.014788385944839492,0.0,2.676549338581807e-24,0.32720453738553623,"B"
"BAM-4537","Story","2009-09-15T08:51:01.000+0000",False,0.008186719653710274,0.0,6.20472801216694e-24,0.2110074971473527,"B"
"BAM-7058","Story","2010-10-14T02:14:57.000+0000",False,0.009963373986132569,0.0,2.0253484085507493e-21,0.2458874442059745,"B"
"BAM-6501","Story","2010-08-10T07:24:18.000+0000",False,0.003758268620830665,0.0,5.330312407578801e-21,0.10891489620143815,"B"
"BAM-7673","Bug","2011-01-05T15:12:08.000+0000",False,0.014867706176104218,0.0,2.123504448298112e-18,0.32840099687854013,"B"
"BAM-3807","Story","2009-04-17T01:32:36.000+0000",False,0.00941022351610927,0.0,2.209842206792137e-17,0.2353498334519232,"B"
"BAM-7673","Bug","2011-01-05T15:12:08.000+0000",False,0.014867706176104218,0.0,2.123504448298112e-18,0.32840099687854013,"B"
"BAM-9358","Bug","2011-07-26T01:23:44.000+0000",False,0.020477545009269602,0.0,3.1209471785748923e-21,0.40381893634189003,"B"
"BAM-7360","Story","2010-11-18T13:54:34.000+0000",True,0.005490145302904267,0.0,9.004991852832716e-22,0.15172478651916765,"B"
"BAM-4341","Bug","2009-08-12T01:05:27.000+0000",False,0.013023877616979413,0.0,2.0106546984134775e-20,0.2994951613013927,"B"
"BAM-10105","Bug","2011-11-02T20:00:44.000+0000",False,0.01253166356757294,0.0,1.7181896540081632e-23,0.29137250021823047,"B"
"BAM-4579","Story","2009-09-18T05:42:24.000+0000",False,0.034252846831111065,1.0,4.470133965995435e-23,0.5347006384987528,"B"
"BAM-4583","Story","2009-09-18T05:45:19.000+0000",False,0.029940119760479063,1.0,1.2678391603808571e-24,0.5,"B"
"BAM-7413","Bug","2010-11-29T06:11:49.000+0000",False,0.014271585893009532,0.0,1.3908298190432605e-13,0.3193084090219792,"B"
"BAM-7825","Story","2011-01-25T06:31:04.000+0000",False,0.010765943608446005,0.0,3.46428572317559e-21,0.2606901153619106,"B"
"BAM-5277","Bug","2010-02-03T03:14:46.000+0000",False,0.028227150746961215,0.0,2.3767556349667817e-18,0.4848348146371836,"B"
"BAM-8556","Bug","2011-04-18T05:17:04.000+0000",True,0.019479581234175633,1.0,3.955213334878218e-19,0.39160795827998107,"B"
"BAM-5425","Bug","2010-03-05T05:06:28.000+0000",False,0.017951070989526103,0.0,1.0,0.3719564036967023,"B"
"BAM-4416","Story","2009-08-31T02:21:06.000+0000",False,0.01829767078043713,0.0,4.653752731154723e-21,0.3765175539727741,"B"
"BAM-8213","Bug","2011-03-08T06:51:06.000+0000",False,0.009360259427773123,0.0,2.2519241982762618e-15,0.23438407807660433,"B"
"BAM-3807","Story","2009-04-17T01:32:36.000+0000",False,0.00941022351610927,0.0,2.209842206792137e-17,0.2353498334519232,"B"
"BAM-8447","Story","2011-04-05T09:05:25.000+0000",False,0.009029437548378646,0.0,2.098978165519425e-24,0.22793005763415988,"B"
"BAM-4537","Story","2009-09-15T08:51:01.000+0000",False,0.008186719653710274,0.0,6.20472801216694e-24,0.2110074971473527,"B"
"BAM-4793","Story","2009-11-02T07:11:11.000+0000",False,0.019262540857349447,0.0,4.147142038947284e-23,0.388889143242506,"B"
"BAM-4341","Bug","2009-08-12T01:05:27.000+0000",False,0.013023877616979413,0.0,2.0106546984134775e-20,0.2994951613013927,"B"
"BAM-10656","Bug","2012-01-18T12:59:54.000+0000",False,0.009302865388341283,0.0,2.907988593852196e-10,0.23327181496572252,"B"
"BAM-5213","Bug","2010-01-14T03:46:38.000+0000",False,0.024233888959956373,0.0,8.473892976428783e-13,0.4458846799017129,"B"
"BAM-5244","Bug","2010-01-22T16:34:10.000+0000",False,0.007025462876908368,0.0,1.2407472637511939e-14,0.18648622321149436,"B"
"BAM-6261","Story","2010-07-14T08:18:51.000+0000",False,0.016534933502183862,0.0,1.295400881258705e-24,0.35264147869847634,"B"
"BAM-9758","Story","2011-09-13T03:00:03.000+0000",False,0.009218109305407165,0.0,1.355651833566294e-22,0.23162360565537723,"B"
"BAM-8070","Story","2011-02-21T09:03:20.000+0000",False,0.005934432341343704,0.0,9.800429445798903e-22,0.16207446207500148,"B"
"BAM-6757","Bug","2010-09-07T07:42:36.000+0000",False,0.002121470316819548,0.0,3.5650407447062282e-12,0.06444283259164041,"B"
"BAM-7724","Story","2011-01-11T06:20:54.000+0000",False,0.009650375288582501,0.0,1.4321292265065116e-22,0.2399592724961823,"B"
"BAM-4732","Story","2009-10-19T07:18:41.000+0000",False,0.00332041701705768,0.0,6.662984884427023e-24,0.09742398052826097,"B"
"BAM-5860","Bug","2010-05-26T12:59:30.000+0000",False,0.01314403813506105,0.0,1.2578412180018462e-19,0.3014510959598121,"B"
"BAM-8070","Story","2011-02-21T09:03:20.000+0000",False,0.005934432341343704,0.0,9.800429445798903e-22,0.16207446207500148,"B"
"BAM-7593","Story","2010-12-23T01:25:26.000+0000",False,0.006848287848340812,0.0,6.7912674149237015e-19,0.18261556262017725,"B"
"BAM-7483","Story","2010-12-09T05:50:43.000+0000",False,0.010726661549482376,0.0,1.4315390700300255e-19,0.2599785829451241,"B"
"BAM-8379","Bug","2011-03-29T04:17:51.000+0000",False,0.020657658595752547,0.0,1.1648270787223118e-14,0.40597333798749674,"B"
"BAM-10945","Bug","2012-02-20T21:11:32.000+0000",False,0.01674360683767758,0.0,5.011719778154349e-22,0.355558332975445,"B"
"BAM-8446","Story","2011-04-05T07:33:59.000+0000",False,0.029940119760479063,1.0,1.2678391603808571e-24,0.5,"B"
"BAM-3695","Story","2009-03-26T01:21:02.000+0000",False,0.0058679647684537865,0.0,9.860619070902956e-21,0.16054160969726528,"B"
"BAM-5675","Bug","2010-04-22T02:43:32.000+0000",False,0.01100304761312881,0.0,5.84902386949672e-11,0.26495717821789866,"B"
"BAM-6497","Story","2010-08-10T07:21:43.000+0000",False,0.011190544442052575,0.0,8.569522470337907e-23,0.2682981910422658,"B"
"BAM-8957","Bug","2011-06-01T01:37:11.000+0000",False,0.01659404467715744,0.0,1.0,0.35347029099446337,"B"
"BAM-3621","Story","2009-03-09T18:45:50.000+0000",False,0.010018179026758,0.0,1.3240697756997767e-23,0.2469163282594011,"B"
"BAM-4581","Story","2009-09-18T05:44:22.000+0000",False,0.021346594948198103,0.0,4.689761913840174e-24,0.414079316275486,"B"
"BAM-5328","Bug","2010-02-12T04:04:07.000+0000",False,0.01975628237124723,0.0,1.0,0.3950409656492826,"B"
"BAM-3616","Story","2009-03-09T13:17:18.000+0000",False,0.01641088755887778,0.0,1.501986004822461e-19,0.35089559886582594,"B"
"BAM-4593","Story","2009-09-22T00:43:35.000+0000",False,0.015780784229542662,0.0,3.2541205116442046e-24,0.3418868105882456,"B"
"BAM-9390","Bug","2011-08-01T03:21:44.000+0000",False,0.007641982449957786,0.0,0.08838353655856673,0.19968432936557196,"B"
"BAM-9384","Bug","2011-07-29T11:09:49.000+0000",False,0.025715846853315898,0.0,6.629200497385889e-13,0.4609702726643383,"B"
"BAM-3809","Story","2009-04-17T01:36:48.000+0000",False,0.010362378921395136,0.0,1.4584484716670347e-18,0.2533170915802747,"B"
"BAM-10062","Story","2011-10-31T01:23:42.000+0000",False,0.0054628298795400985,0.0,9.094712338394352e-24,0.15108043010111616,"B"
"BAM-6529","Bug","2010-08-13T10:18:55.000+0000",False,0.009203442654802142,0.0,6.711233230299174e-20,0.23133769983094574,"B"
"BAM-5675","Bug","2010-04-22T02:43:32.000+0000",False,0.01100304761312881,0.0,5.84902386949672e-11,0.26495717821789866,"B"
"BAM-7059","Story","2010-10-14T02:52:22.000+0000",False,0.015469706189070774,0.0,3.575290127758073e-23,0.33735076157112537,"B"
"BAM-7228","Story","2010-10-28T02:55:25.000+0000",False,0.007177156693661591,0.0,1.324810187427978e-22,0.1897722797053041,"B"
"BAM-11117","Story","2012-03-05T04:53:06.000+0000",False,0.029940119760479063,1.0,1.2678391603808571e-24,0.5,"B"
"BAM-8639","Story","2011-04-29T06:18:50.000+0000",False,0.004723590616788019,0.0,9.243106862074763e-20,0.1332766447017371,"B"
"BAM-8446","Story","2011-04-05T07:33:59.000+0000",False,0.029940119760479063,1.0,1.2678391603808571e-24,0.5,"B"
"BAM-3621","Story","2009-03-09T18:45:50.000+0000",False,0.010018179026758,0.0,1.3240697756997767e-23,0.2469163282594011,"B"
"BAM-4795","Story","2009-11-02T07:36:05.000+0000",True,0.026363675938467068,0.0,9.584687963707012e-23,0.46732357090198445,"B"
"BAM-7689","Bug","2011-01-07T08:28:59.000+0000",False,0.012426734061995645,0.0,1.8734827949292183e-14,0.2896175679971334,"B"
"BAM-4735","Story","2009-10-19T07:23:07.000+0000",False,0.008967962572655174,0.0,2.3698078675869419e-23,0.2267192119623016,"B"
"BAM-3724","Story","2009-04-07T07:19:28.000+0000",False,0.009561373564183188,0.0,1.5116086527201895e-18,0.23825722164380816,"B"
"BAM-4737","Story","2009-10-19T07:28:48.000+0000",False,0.01193352264200468,0.0,4.0561193405251293e-23,0.2812559734439636,"B"
"BAM-4667","Story","2009-10-06T07:08:39.000+0000",False,0.011429824772443377,0.0,3.3834795498880363e-22,0.2725198889038239,"B"
"BAM-7299","Bug","2010-11-10T07:07:32.000+0000",False,0.02839536116750728,0.0,9.53886535416695e-19,0.4863621944768958,"B"
"BAM-10882","Story","2012-02-13T04:39:07.000+0000",False,0.00470700546942958,0.0,8.494389046908161e-20,0.13286895013450375,"B"
"BAM-4794","Story","2009-11-02T07:34:36.000+0000",False,0.008442606908700708,0.0,3.7025777051161787e-23,0.21622079457553434,"B"
"BAM-5197","Bug","2010-01-12T03:18:52.000+0000",False,0.004896166832535688,0.0,0.9367899165344403,0.13749705745975707,"B"
"BAM-7408","Bug","2010-11-26T16:51:19.000+0000",False,0.015073886283688737,0.0,2.7665766361455435e-20,0.3314920763148529,"B"
"BAM-8447","Story","2011-04-05T09:05:25.000+0000",False,0.009029437548378646,0.0,2.098978165519425e-24,0.22793005763415988,"B"
"BAM-7059","Story","2010-10-14T02:52:22.000+0000",False,0.015469706189070774,0.0,3.575290127758073e-23,0.33735076157112537,"B"
"BAM-6122","Bug","2010-06-22T23:43:43.000+0000",False,0.013273790977019695,0.0,5.660805419964615e-19,0.3035514731621047,"B"
"BAM-7619","Story","2010-12-29T04:53:17.000+0000",False,0.01806270463721294,0.0,3.6391679603524474e-24,0.37343238541975954,"B"
"BAM-8783","Story","2011-05-16T11:21:49.000+0000",False,0.0032543273254647996,0.0,2.5581772739890763e-24,0.0956646310280387,"B"
"BAM-4360","Bug","2009-08-17T05:25:12.000+0000",False,0.02538270161080147,0.0,3.908397214388586e-18,0.4576470950051774,"B"
"BAM-9485","Bug","2011-08-09T11:55:19.000+0000",True,0.022091916377339635,1.0,2.1476442522973525e-10,0.4226155361653188,"B"
"BAM-4940","Story","2009-12-01T07:25:10.000+0000",False,0.021043748000762558,0.0,8.411971849664247e-20,0.41054205065375043,"B"
"BAM-6140","Bug","2010-06-25T09:44:42.000+0000",False,0.00443737497660065,0.0,1.2673114077640337e-11,0.12618863561058213,"B"
"BAM-9018","Bug","2011-06-09T01:42:57.000+0000",False,0.013134316733102579,0.0,5.890439699871216e-22,0.3012932425914855,"B"
"BAM-10940","Bug","2012-02-20T04:00:22.000+0000",False,0.0033418604040137694,0.0,8.286647819805626e-22,0.09799339712377875,"B"
"BAM-8070","Story","2011-02-21T09:03:20.000+0000",False,0.005934432341343704,0.0,9.800429445798903e-22,0.16207446207500148,"B"
"BAM-10945","Bug","2012-02-20T21:11:32.000+0000",False,0.01674360683767758,0.0,5.011719778154349e-22,0.355558332975445,"B"
"BAM-10693","Story","2012-01-24T05:35:16.000+0000",False,0.02277909540992418,0.0,9.426222443253e-23,0.4302794585379763,"B"
"BAM-4341","Bug","2009-08-12T01:05:27.000+0000",False,0.013023877616979413,0.0,2.0106546984134775e-20,0.2994951613013927,"B"
"BAM-10062","Story","2011-10-31T01:23:42.000+0000",False,0.0054628298795400985,0.0,9.094712338394352e-24,0.15108043010111616,"B"
"BAM-9750","Bug","2011-09-12T14:15:37.000+0000",False,0.005951481028938702,0.0,4.4199242949363624e-24,0.16246676434961624,"B"
"BAM-3809","Story","2009-04-17T01:36:48.000+0000",False,0.010362378921395136,0.0,1.4584484716670347e-18,0.2533170915802747,"B"
"BAM-7825","Story","2011-01-25T06:31:04.000+0000",False,0.010765943608446005,0.0,3.46428572317559e-21,0.2606901153619106,"B"
"BAM-4724","Story","2009-10-19T06:06:43.000+0000",False,0.03649358211780524,0.0,2.786750507620358e-22,0.5510009315277093,"B"
"BAM-8957","Bug","2011-06-01T01:37:11.000+0000",False,0.01659404467715744,0.0,1.0,0.35347029099446337,"B"
"BAM-6957","Bug","2010-09-30T00:26:19.000+0000",False,0.020095785622392837,0.0,0.0319462222710217,0.39920318384959813,"B"
"BAM-10092","Bug","2011-11-01T23:20:48.000+0000",False,0.00580827056337661,0.0,3.157007637828849e-15,0.1591603500460804,"B"
"BAM-6133","Bug","2010-06-25T03:34:50.000+0000",False,0.00948053839331597,0.0,1.650303213098323e-20,0.236704993492428,"B"
"BAM-4793","Story","2009-11-02T07:11:11.000+0000",False,0.019262540857349447,0.0,4.147142038947284e-23,0.388889143242506,"B"
"BAM-5143","Bug","2009-12-30T23:37:29.000+0000",False,0.01968219608808826,0.0,1.0,0.39412539771489796,"B"
"BAM-3616","Story","2009-03-09T13:17:18.000+0000",False,0.01641088755887778,0.0,1.501986004822461e-19,0.35089559886582594,"B"
"BAM-8847","Story","2011-05-17T08:57:15.000+0000",False,0.007159885957097965,0.0,5.465588554769403e-23,0.1893994428908678,"B"
"BAM-3476","Bug","2009-01-29T15:06:21.000+0000",False,0.005614607186630224,0.0,0.9999999997695568,0.15464888140863575,"B"
"BAM-9231","Bug","2011-07-12T02:24:46.000+0000",False,0.015089951623620545,0.0,0.9779715721262048,0.33173178958165334,"B"
"BAM-6358","Story","2010-07-27T04:34:27.000+0000",False,0.01197364031543187,0.0,5.938334890901527e-24,0.28194313545065014,"B"
"BAM-7673","Bug","2011-01-05T15:12:08.000+0000",False,0.014867706176104218,0.0,2.123504448298112e-18,0.32840099687854013,"B"
"BAM-8556","Bug","2011-04-18T05:17:04.000+0000",True,0.019479581234175633,1.0,3.955213334878218e-19,0.39160795827998107,"B"
"BAM-4581","Story","2009-09-18T05:44:22.000+0000",False,0.021346594948198103,0.0,4.689761913840174e-24,0.414079316275486,"B"
"BAM-7812","Bug","2011-01-24T05:45:03.000+0000",False,0.007909870711472831,0.0,1.1399938412588318e-21,0.20529155883220826,"B"
"BAM-7673","Bug","2011-01-05T15:12:08.000+0000",False,0.014867706176104218,0.0,2.123504448298112e-18,0.32840099687854013,"B"
"BAM-8503","Story","2011-04-12T00:46:27.000+0000",False,0.011163346248971499,0.0,3.953369026348694e-23,0.2678153517071209,"B"
"BAM-7448","Story","2010-12-02T15:38:39.000+0000",False,0.009841801780745979,0.0,8.887851081670567e-22,0.2435954487023948,"B"
"BAM-9390","Bug","2011-08-01T03:21:44.000+0000",False,0.007641982449957786,0.0,0.08838353655856673,0.19968432936557196,"B"
"BAM-7684","Story","2011-01-06T07:29:19.000+0000",False,0.005858921595089946,0.0,5.842761196501757e-18,0.16033264148690285,"B"
"BAM-9556","Bug","2011-08-23T02:42:53.000+0000",False,0.03125630114877823,0.0,2.219203626913367e-16,0.5110930141902247,"B"
"BAM-8957","Bug","2011-06-01T01:37:11.000+0000",False,0.01659404467715744,0.0,1.0,0.35347029099446337,"B"
"BAM-5263","Bug","2010-01-28T07:01:49.000+0000",False,0.017956087716019902,0.0,8.352242646553471e-24,0.3720228751258804,"B"
"BAM-7690","Story","2011-01-07T09:55:08.000+0000",False,0.004710361057334653,0.0,2.2330052514937276e-23,0.1329514667384209,"B"
"BAM-4341","Bug","2009-08-12T01:05:27.000+0000",False,0.013023877616979413,0.0,2.0106546984134775e-20,0.2994951613013927,"B"
"BAM-4666","Story","2009-10-06T07:07:04.000+0000",False,0.009710603263096997,0.0,4.707597897245813e-22,0.24110692406109435,"B"
"BAM-3801","Story","2009-04-17T01:30:18.000+0000",False,0.014664956439558072,0.0,3.5754391857879486e-19,0.32533462169907473,"B"
"BAM-8957","Bug","2011-06-01T01:37:11.000+0000",False,0.01659404467715744,0.0,1.0,0.35347029099446337,"B"
"BAM-6038","Bug","2010-06-15T05:11:52.000+0000",False,0.02004320666794096,0.0,6.4068362509369596e-24,0.398562144358365,"B"
"BAM-8015","Story","2011-02-11T00:00:49.000+0000",False,0.013102047479119984,0.0,3.7946004778939775e-19,0.30076877410477976,"B"
"BAM-8379","Bug","2011-03-29T04:17:51.000+0000",False,0.020657658595752547,0.0,1.1648270787223118e-14,0.40597333798749674,"B"
"BAM-4000","Story","2009-06-01T07:36:49.000+0000",False,0.027321934534524583,0.0,3.02161508417031e-22,0.4764661782202145,"B"
"BAM-4503","Task","2009-09-03T22:51:36.000+0000",False,0.003915601524037933,0.0,1.102775415777876e-16,0.11297520107614471,"B"
"BAM-9114","Bug","2011-06-24T14:00:43.000+0000",False,0.0033622110771701027,0.0,1.129557953374748e-14,0.09853315587984346,"B"
"BAM-4581","Story","2009-09-18T05:44:22.000+0000",False,0.021346594948198103,0.0,4.689761913840174e-24,0.414079316275486,"B"
"BAM-10063","Story","2011-10-31T01:45:15.000+0000",False,0.011945580727354743,0.0,2.8853029027926383e-23,0.2814626446307226,"B"
"BAM-3685","Story","2009-03-24T11:07:42.000+0000",False,0.006022082886550694,0.0,2.0680009161926383e-24,0.1640876024468979,"B"
"BAM-6957","Bug","2010-09-30T00:26:19.000+0000",False,0.020095785622392837,0.0,0.0319462222710217,0.39920318384959813,"B"
"BAM-11128","Bug","2012-03-05T22:30:11.000+0000",False,0.0036441456206967463,0.0,4.556566897938399e-23,0.10594718701444249,"B"
"BAM-9556","Bug","2011-08-23T02:42:53.000+0000",False,0.03125630114877823,0.0,2.219203626913367e-16,0.5110930141902247,"B"
"BAM-8551","Bug","2011-04-15T12:01:54.000+0000",False,0.009746052219214232,0.0,2.8122988789359235e-12,0.24178085452194054,"B"
"BAM-6829","Story","2010-09-15T00:59:57.000+0000",False,0.002334255739165325,0.0,1.6143199386502113e-22,0.07046510189757645,"B"
"BAM-4923","Story","2009-11-29T21:57:30.000+0000",False,0.03159138704236536,0.0,1.752769974448121e-21,0.5138436672207994,"B"
"BAM-11170","Story","2012-03-08T10:20:51.000+0000",False,0.02479317531226076,0.0,1.4089769121825699e-21,0.40553943678153226,"S"
"BAM-10870","Story","2012-02-13T00:07:10.000+0000",False,0.009349264954614796,0.0,1.6296864156366224e-22,0.2020679504253087,"S"
"BAM-10503","Story","2011-12-21T22:07:47.000+0000",False,0.0223833918706754,0.0,5.868991097101608e-22,0.38056437530033166,"S"
"BAM-10108","Story","2011-11-03T00:16:58.000+0000",False,0.009041942279946617,0.0,1.6007525669586907e-23,0.19668344253012116,"S"
"BAM-10104","Bug","2011-11-02T15:24:09.000+0000",False,0.004901822484184156,0.0,1.2092348184312005e-19,0.1167483453349583,"S"
"BAM-10100","Story","2011-11-02T05:06:52.000+0000",False,0.037280968284950644,0.0,3.030765850410559e-20,0.509590386846104,"S"
"BAM-10095","Story","2011-11-02T05:06:06.000+0000",False,0.0270887687397159,1.0,4.486183399878928e-18,0.4276296460146561,"S"
"BAM-10094","Bug","2011-11-02T00:48:14.000+0000",False,0.005469145827598677,0.0,6.605937954752163e-16,0.12858773233024562,"S"
"BAM-10059","Story","2011-10-31T01:20:12.000+0000",False,0.011327559937053266,0.0,8.328436773695466e-23,0.23514579840523878,"S"
"BAM-10058","Story","2011-10-31T01:19:48.000+0000",False,0.0098215660493125,0.0,1.3469283014280381e-22,0.210210062089605,"S"
"BAM-10057","Bug","2011-10-30T23:06:47.000+0000",False,0.006747725315282319,0.0,1.334326072738521e-24,0.1541867146802632,"S"
"BAM-9856","Bug","2011-09-23T14:43:19.000+0000",False,0.016133987539237806,0.0,3.245401903847221e-18,0.30556909362316587,"S"
"BAM-9656","Bug","2011-08-30T11:08:55.000+0000",False,0.0014018902056864675,0.0,7.1112370097551e-08,0.03630266802180196,"S"
"BAM-9597","Bug","2011-08-25T04:19:45.000+0000",False,0.003306335775646274,0.0,2.7045702375502756e-11,0.08173843032232962,"S"
"BAM-9518","Bug","2011-08-16T00:23:22.000+0000",False,0.005122596857268999,0.0,6.68710659512906e-20,0.1213920796256964,"S"
"BAM-9459","Task","2011-08-03T18:14:58.000+0000",False,0.009614880352591617,0.0,2.296556392957302e-11,0.20666654243577798,"S"
"BAM-9420","Bug","2011-08-01T19:04:59.000+0000",False,0.0021862131493164644,0.0,3.802929123515918e-16,0.055527357969703914,"S"
"BAM-9339","Bug","2011-07-22T05:01:42.000+0000",False,0.0063200864415526616,0.0,7.141002934100613e-12,0.14578657283758686,"S"
"BAM-9102","Bug","2011-06-23T02:50:33.000+0000",False,0.008952583539762148,0.0,4.268313424113756e-17,0.19510478465619985,"S"
"BAM-8976","Bug","2011-06-03T00:25:56.000+0000",False,0.012642744991874557,0.0,6.22699921733446e-18,0.25572584418789857,"S"
"BAM-8969","Bug","2011-06-02T01:04:53.000+0000",False,0.0027832455141970575,0.0,8.96689854680267e-19,0.06967414792301362,"S"
"BAM-8955","Story","2011-06-01T00:25:28.000+0000",False,0.007126210089421347,0.0,5.214076741589052e-21,0.1614905652647861,"S"
"BAM-8868","Story","2011-05-19T19:49:44.000+0000",False,0.001315705088815981,0.0,1.8295996511864684e-24,0.03414422355873955,"S"
"BAM-8790","Story","2011-05-16T11:45:57.000+0000",False,0.0032338941507266527,0.0,6.58353161526558e-22,0.08008562514751791,"S"
"BAM-8789","Story","2011-05-16T11:44:05.000+0000",True,0.004621296687658795,0.0,1.6196975609975958e-17,0.11077954490112006,"S"
"BAM-8786","Story","2011-05-16T11:26:47.000+0000",False,0.0020348428979209553,0.0,6.173994256151068e-22,0.05187473048252769,"S"
"BAM-8785","Story","2011-05-16T11:25:55.000+0000",False,0.0032129281157996076,0.0,1.286671634539373e-22,0.07960620491336763,"S"
"BAM-8784","Story","2011-05-16T11:23:03.000+0000",False,0.0037078078443082995,0.0,9.870732458530562e-20,0.09079595044248612,"S"
"BAM-8782","Story","2011-05-16T11:20:12.000+0000",False,0.005517531829158879,0.0,2.786572985836716e-23,0.12958343526071064,"S"
"BAM-8707","Story","2011-05-05T07:53:43.000+0000",False,0.004388742517130979,0.0,1.7683912194091378e-14,0.10577253947972606,"S"
"BAM-8529","Bug","2011-04-13T13:12:08.000+0000",False,0.008607313881511052,0.0,3.254772582511149e-17,0.188949043029028,"S"
"BAM-8507","Bug","2011-04-12T00:46:48.000+0000",False,0.00432643130564316,0.0,4.544371457220812e-19,0.10442175649703439,"S"
"BAM-8456","Bug","2011-04-06T13:25:10.000+0000",False,0.0029053055917073224,0.0,6.602414154142612e-23,0.07251640672699038,"S"
"BAM-8448","Story","2011-04-05T09:14:08.000+0000",False,0.009753667728519173,0.0,3.953514224136013e-23,0.20904931405442106,"S"
"BAM-8419","Story","2011-04-03T23:57:59.000+0000",False,0.006643435355841156,0.0,7.456335714653644e-22,0.1521527448320182,"S"
"BAM-8325","Story","2011-03-22T06:26:12.000+0000",False,0.010582968758914136,0.0,3.021480142059628e-22,0.22300754611459692,"S"
"BAM-8324","Story","2011-03-22T06:25:03.000+0000",False,0.00649127175808793,0.0,6.545410391989852e-23,0.149168256786292,"S"
"BAM-8222","Bug","2011-03-09T07:00:14.000+0000",False,0.018145241108621493,0.0,6.374226227504015e-22,0.3315040813814267,"S"
"BAM-8158","Story","2011-03-04T07:30:19.000+0000",False,0.035928143712574835,1.0,1.7047593683808626e-24,0.5,"S"
"BAM-8089","Story","2011-02-22T06:44:08.000+0000",True,0.01860993877579063,0.0,3.29814888122552e-22,0.33723749016017623,"S"
"BAM-8083","Story","2011-02-22T06:43:34.000+0000",False,0.021768328631960078,0.0,1.261575346640715e-22,0.37387101671435125,"S"
"BAM-8078","Story","2011-02-21T10:56:56.000+0000",False,0.018436176847480633,0.0,1.997570989296704e-21,0.33510454173412263,"S"
"BAM-8073","Story","2011-02-21T10:44:43.000+0000",False,0.00723505338014386,0.0,2.317921751989614e-21,0.16356870160795658,"S"
"BAM-8072","Story","2011-02-21T10:42:47.000+0000",False,0.023085182617976235,0.0,8.649435406171025e-19,0.3880387879477217,"S"
"BAM-7814","Story","2011-01-24T05:52:42.000+0000",False,0.006053492221010523,0.0,1.839694963890438e-19,0.14046862638780475,"S"
"BAM-7676","Bug","2011-01-05T16:31:44.000+0000",False,0.0005411503408768608,0.0,0.12519424089344428,0.014320668584143931,"S"
"BAM-7633","Story","2010-12-30T11:16:28.000+0000",False,0.023035903068233356,0.0,7.199240248857347e-18,0.38751948327504987,"S"
"BAM-7501","Bug","2010-12-10T13:58:09.000+0000",False,0.02696256374854162,0.0,5.938557360183853e-24,0.4264553089035919,"S"
"BAM-7469","Story","2010-12-07T03:06:25.000+0000",False,0.005737833066867279,0.0,3.746573180285912e-21,0.13408946122683932,"S"
"BAM-7442","Story","2010-12-01T19:34:17.000+0000",False,0.005479696056046268,0.0,1.337269867766842e-19,0.12880502426449647,"S"
"BAM-7437","Story","2010-12-01T18:56:41.000+0000",False,0.004795894434512022,0.0,3.083084037404877e-18,0.1145035394027696,"S"
"BAM-7368","Story","2010-11-23T03:19:50.000+0000",False,0.0037327950962182626,0.0,6.829585631255216e-20,0.09135401781417853,"S"
"BAM-7366","Bug","2010-11-20T02:14:30.000+0000",False,0.0038794841845047135,0.0,6.9954076817824825e-22,0.09461697798425754,"S"
"BAM-7291","Bug","2010-11-08T14:20:53.000+0000",False,0.005769693839799131,0.0,2.3022986406628664e-14,0.1347374447410338,"S"
"BAM-7081","Bug","2010-10-18T11:12:55.000+0000",True,0.004554104439317374,0.0,2.2290318344466183e-20,0.10933839229658564,"S"
"BAM-7024","Bug","2010-10-11T06:59:50.000+0000",False,0.004298455973371676,0.0,6.986096341038234e-23,0.10381403388823483,"S"
"BAM-6872","Bug","2010-09-20T10:37:17.000+0000",False,0.007304255034158462,0.0,2.4589592761349236e-20,0.16488485086521257,"S"
"BAM-6855","Task","2010-09-16T15:47:12.000+0000",False,0.0032820828054911915,0.0,1.571175772276032e-20,0.08118571724312322,"S"
"BAM-6823","Bug","2010-09-14T09:38:49.000+0000",False,0.010643767106842237,0.0,1.5401829139800783e-22,0.2240124069193668,"S"
"BAM-6765","Bug","2010-09-08T05:42:59.000+0000",False,0.005582675013384661,0.0,2.906053459190788e-14,0.1309205369278056,"S"
"BAM-6755","Bug","2010-09-07T05:38:47.000+0000",False,0.004290677798190589,0.0,1.5159319821633375e-06,0.10364492407379956,"S"
"BAM-6747","Bug","2010-09-04T19:56:40.000+0000",False,0.0023324097621695364,0.0,0.9524080838799407,0.059029565941849015,"S"
"BAM-6551","Bug","2010-08-18T21:52:25.000+0000",False,0.0075324506281824796,0.0,1.0,0.16919700049560454,"S"
"BAM-6505","Story","2010-08-10T07:24:57.000+0000",False,0.035928143712574835,1.0,1.7047593683808626e-24,0.5,"S"
"BAM-6500","Story","2010-08-10T07:24:11.000+0000",False,0.010232692419783414,0.0,3.575329796497133e-23,0.2171696359906358,"S"
"BAM-6498","Story","2010-08-10T07:22:28.000+0000",False,0.007041178609278334,0.0,1.3401444320108534e-23,0.15986018616391076,"S"
"BAM-6260","Story","2010-07-14T08:15:27.000+0000",False,0.007870028693212159,0.0,3.750278822299422e-23,0.17549863765675378,"S"
"BAM-6259","Story","2010-07-14T08:15:16.000+0000",False,0.009057358039085604,0.0,6.477754329426226e-23,0.19695518796086123,"S"
"BAM-6247","Bug","2010-07-13T15:14:36.000+0000",False,0.010147294119177648,0.0,6.540897726665039e-23,0.2157336459730742,"S"
"BAM-6226","Bug","2010-07-12T04:35:17.000+0000",False,0.0027394559644632606,0.0,1.0,0.06865039601197119,"S"
"BAM-6215","Bug","2010-07-09T12:47:40.000+0000",False,0.005562654048700917,0.0,9.42246126916369e-20,0.13051001383766392,"S"
"BAM-6119","Bug","2010-06-21T18:35:22.000+0000",False,0.013257165347797313,0.0,5.417103724749735e-15,0.2649833087533631,"S"
"BAM-6087","Story","2010-06-17T03:24:38.000+0000",False,0.0024562512686872144,0.0,2.5623745363164682e-24,0.06197678624702327,"S"
"BAM-5713","Bug","2010-04-30T06:06:10.000+0000",False,0.006286288024245938,0.0,3.7732300135447766e-20,0.14511585964332976,"S"
"BAM-5701","Bug","2010-04-28T13:18:48.000+0000",False,0.03655683750661934,0.0,5.938557360183853e-24,0.5044997889342739,"S"
"BAM-5645","Bug","2010-04-15T11:59:11.000+0000",False,0.005222369332017087,0.0,1.757535972100467e-24,0.12347536628383543,"S"
"BAM-5519","Story","2010-03-22T06:59:45.000+0000",False,0.005052269928905468,0.0,1.2401877551012377e-21,0.11991791924445841,"S"
"BAM-5456","Bug","2010-03-11T01:15:26.000+0000",False,0.016630017288874845,0.0,1.944288326091517e-15,0.31214049850977243,"S"
"BAM-5431","Bug","2010-03-08T03:33:40.000+0000",False,0.002918034448164693,0.0,5.548871654783863e-19,0.07281184779019083,"S"
"BAM-5287","Bug","2010-02-04T23:37:50.000+0000",False,0.0014496777896793884,0.0,6.397336266088624e-13,0.03749548122578293,"S"
"BAM-5281","Bug","2010-02-04T06:10:30.000+0000",False,0.014900625590095397,0.0,1.0,0.2887024159760193,"S"
"BAM-5127","Bug","2009-12-22T08:48:12.000+0000",False,0.007132044752840395,0.0,2.999497409895603e-17,0.16160221635513847,"S"
"BAM-5124","Bug","2009-12-22T04:10:50.000+0000",False,0.013940184712905661,0.0,2.421139913384047e-23,0.27502075370936613,"S"
"BAM-5076","Story","2009-12-15T06:46:05.000+0000",False,0.006511117286756492,0.0,4.8330304524422243e-23,0.1495586395710209,"S"
"BAM-4943","Story","2009-12-01T07:27:45.000+0000",False,0.003540088579438145,0.0,9.197606084125392e-24,0.08703300904646882,"S"
"BAM-4942","Story","2009-12-01T07:26:52.000+0000",False,0.02131808558893122,0.0,5.663033962096627e-20,0.36888434110430496,"S"
"BAM-4941","Story","2009-12-01T07:26:32.000+0000",False,0.005881923916879546,0.0,7.263518749661795e-22,0.13701260127975237,"S"
"BAM-4939","Story","2009-12-01T07:16:23.000+0000",False,0.009531079425147958,0.0,1.1747053768921059e-22,0.20522116738477017,"S"
"BAM-4935","Story","2009-12-01T05:02:33.000+0000",False,0.008405076123260332,0.0,1.0168870536341963e-16,0.18530148737338062,"S"
"BAM-4933","Story","2009-12-01T05:00:50.000+0000",False,0.008456112847993117,0.0,3.092585627322407e-19,0.18622493546220226,"S"
"BAM-4932","Story","2009-11-30T15:52:20.000+0000",False,0.008491288235421142,0.0,0.9999793109415183,0.18686022926729223,"S"
"BAM-4849","Story","2009-11-17T06:42:32.000+0000",False,0.011439474142359466,0.0,1.3139552518808567e-23,0.23693905332844423,"S"
"BAM-4845","Story","2009-11-17T06:41:05.000+0000",False,0.006780537118842335,0.0,3.855174133124831e-24,0.1548247154897199,"S"
"BAM-4791","Story","2009-11-02T05:58:08.000+0000",False,0.00964069572942134,0.0,1.1985376525739535e-22,0.20711078941195027,"S"
"BAM-4790","Story","2009-11-02T05:53:39.000+0000",False,0.023397684707601125,0.0,2.4660825771461587e-23,0.3913127317388342,"S"
"BAM-4780","Story","2009-11-02T04:14:05.000+0000",False,0.012840552214139175,0.0,8.188238409433429e-20,0.25873028972055306,"S"
"BAM-4734","Story","2009-10-19T07:22:28.000+0000",False,0.009445203786979677,0.0,3.1921226887738463e-24,0.20373478934972813,"S"
"BAM-4729","Story","2009-10-19T06:19:43.000+0000",False,0.013843400182325636,0.0,5.820647215346212e-20,0.2736143037474696,"S"
"BAM-4690","Story","2009-10-08T05:43:43.000+0000",False,0.01973402386941066,0.0,1.7608216644052093e-23,0.3507293534730603,"S"
"BAM-4673","Story","2009-10-06T07:44:58.000+0000",False,0.012128432303851789,0.0,5.563811160716032e-22,0.24780465037994318,"S"
"BAM-4664","Story","2009-10-06T06:58:28.000+0000",False,0.011807757207410854,0.0,3.903782456089684e-21,0.24278413523115705,"S"
"BAM-4580","Story","2009-09-18T05:43:35.000+0000",False,0.024099898784532295,0.0,6.709842121424225e-22,0.39855066066775086,"S"
"BAM-4574","Bug","2009-09-18T03:04:30.000+0000",False,0.008999598581519648,0.0,3.3099005058146976e-24,0.1959361139612065,"S"
"BAM-4535","Story","2009-09-15T07:49:39.000+0000",False,0.002913728871738482,0.0,4.794540758326862e-22,0.07271193412872085,"S"
"BAM-4484","Story","2009-09-02T02:29:10.000+0000",False,0.008342934373484923,0.0,1.8307691446330116e-23,0.18417440268708113,"S"
"BAM-4418","Story","2009-08-31T06:00:08.000+0000",False,0.0024108316535670013,0.0,2.4474513716249295e-24,0.06089793695764241,"S"
"BAM-4088","Story","2009-06-18T05:42:52.000+0000",False,0.024815753349858905,0.0,1.7535397670336837e-23,0.4057644764440104,"S"
"BAM-4030","Story","2009-06-04T01:36:38.000+0000",False,0.0034758152333505174,0.0,2.6369046679466474e-16,0.08558304508911023,"S"
"BAM-4003","Story","2009-06-01T08:01:53.000+0000",False,0.039355189996971414,0.0,2.246985249242593e-23,0.5236493452108569,"S"
"BAM-3918","Story","2009-05-18T06:27:16.000+0000",False,0.006028564854026217,0.0,1.016079871496125e-22,0.13996814216711098,"S"
"BAM-3864","Story","2009-05-04T07:28:03.000+0000",False,0.011806403860040903,0.0,1.5800186640408967e-23,0.24276281204630357,"S"
"BAM-3806","Story","2009-04-17T01:32:09.000+0000",True,0.0036170301259783196,0.0,3.0899896474257042e-24,0.08876296818851637,"S"
"BAM-3804","Story","2009-04-17T01:31:29.000+0000",False,0.013875171606842556,0.0,1.3373238655163063e-17,0.2740765694069344,"S"
"BAM-3748","Story","2009-04-07T07:37:23.000+0000",True,0.012570567973040039,0.0,4.313192673924071e-18,0.2546237933212197,"S"
"BAM-3745","Story","2009-04-07T07:36:24.000+0000",False,0.006809022435574559,0.0,3.455906811881868e-21,0.1553778451523791,"S"
"BAM-3742","Story","2009-04-07T07:35:04.000+0000",False,0.007815697880002765,0.0,2.998094679792601e-21,0.17449060800713004,"S"
"BAM-3737","Story","2009-04-07T07:31:03.000+0000",False,0.005922140252314324,0.0,9.950041955155812e-24,0.13782509232238366,"S"
"BAM-3733","Story","2009-04-07T07:29:02.000+0000",False,0.0037096910137028615,0.0,2.7472505985810377e-22,0.09083803221280085,"S"
"BAM-3731","Story","2009-04-07T07:24:23.000+0000",False,0.005522559095114209,0.0,5.302320994796068e-23,0.12968676305433946,"S"
"BAM-3728","Story","2009-04-07T07:23:08.000+0000",False,0.006880503041100456,0.0,2.0308791272628897e-22,0.15676281651272522,"S"
"BAM-3681","Story","2009-03-24T07:10:22.000+0000",False,0.03603667619424657,0.0,3.4910886661908336e-22,0.5007822120459977,"S"
"BAM-3626","Story","2009-03-10T04:09:48.000+0000",False,0.0034557746060760314,0.0,3.6657762304163066e-22,0.0851300378363384,"S"
"BAM-10061","Story","2011-10-31T01:22:27.000+0000",False,0.013379277396910748,0.0,6.256458979107093e-21,0.2667971541772924,"S"
"BAM-9941","Bug","2011-10-10T01:01:22.000+0000",False,0.0015243593932028588,0.0,7.54897586815545e-09,0.03935391472055071,"S"
"BAM-9680","Bug","2011-09-02T10:16:47.000+0000",False,0.005196508028853045,0.0,1.0,0.12293628160260998,"S"
"BAM-8944","Story","2011-05-31T08:10:35.000+0000",False,0.0025661710024725485,0.0,3.608279703235958e-25,0.06457787679953776,"S"
"BAM-8896","Story","2011-05-25T05:34:32.000+0000",False,0.008149786019089708,0.0,9.946257233142091e-22,0.18065212415514684,"S"
"BAM-6144","Bug","2010-06-28T05:47:27.000+0000",False,0.0092207566650345,0.0,1.870982176185968e-15,0.19982479533227993,"S"
