issue_key,issuetype,created,sp_change,text_multinomial,text_gaussian,text_bernoulli,text_complement,GROUP
TISTUD-5769,Improvement,2013-11-19T23:34:57.000+0000,FALSE,0.002518415,0,6.31E-22,0.072152255,A
TISTUD-6236,Story,2014-03-07T18:44:54.000+0000,FALSE,0.01392911,0,5.16E-12,0.303173186,A
TISTUD-8787,Improvement,2017-06-06T08:11:27.000+0000,FALSE,0.008809492,0,1.06E-22,0.214912825,A
TISTUD-5470,Story,2013-10-04T21:51:58.000+0000,FALSE,0.007219614,0,7.25E-25,0.182993972,A
TISTUD-5067,Improvement,2013-07-03T14:01:21.000+0000,FALSE,0.004591236,0,2.77E-11,0.124391039,A
TISTUD-7956,Bug,2016-01-14T21:37:34.000+0000,FALSE,0.003347994,0,8.20E-19,0.093763416,A
TISTUD-8474,Bug,2016-04-28T14:51:38.000+0000,FALSE,0.009909262,0,4.64E-22,0.235625891,A
TISTUD-8866,Improvement,2017-09-19T04:36:54.000+0000,FALSE,0.003791473,0,3.83E-26,0.104922591,A
TISTUD-8541,Bug,2016-07-26T08:00:56.000+0000,FALSE,0.002908426,0,7.21E-24,0.082434806,A
TISTUD-7515,Bug,2015-05-17T05:52:04.000+0000,FALSE,0.025558007,0,2.99E-25,0.446851633,A
TISTUD-2346,Story,2012-09-26T15:12:47.000+0000,FALSE,0.00304555,0,1.88E-25,0.085997988,A
TISTUD-5070,Improvement,2013-07-03T14:14:03.000+0000,FALSE,0.004705008,0,4.63E-11,0.12709444,A
TISTUD-8916,Bug,2017-11-16T10:29:54.000+0000,FALSE,0.005272886,0,5.78E-24,0.140351227,A
TISTUD-8718,Improvement,2017-02-22T17:43:48.000+0000,FALSE,0.010417542,0,1.54E-13,0.244848776,A
TISTUD-9142,Bug,2018-08-20T12:55:58.000+0000,FALSE,0.006885033,0,1.71E-20,0.175957188,A
TISTUD-5294,Bug,2013-08-23T00:04:48.000+0000,FALSE,0.025387958,0,3.32E-10,0.445159062,A
TISTUD-6778,Improvement,2014-08-08T01:03:16.000+0000,FALSE,0.031423464,0,4.27E-20,0.499810516,A
TISTUD-5631,Story,2013-10-31T20:48:38.000+0000,FALSE,0.004644413,0,6.30E-21,0.125656616,A
TISTUD-5093,Bug,2013-04-19T15:40:23.000+0000,FALSE,0.014763368,0,2.95E-22,0.315783355,A
TISTUD-5064,Bug,2013-07-02T21:34:20.000+0000,FALSE,0.016013223,0,1,0.333881167,A
TISTUD-6523,Bug,2014-05-20T17:25:36.000+0000,FALSE,0.004229845,0,2.50E-26,0.115695838,A
TISTUD-1541,Bug,2012-04-18T09:26:44.000+0000,FALSE,0.015909475,0,1.14E-21,0.332413708,A
TISTUD-5431,Bug,2013-09-23T22:20:25.000+0000,FALSE,0.001615342,0,3.34E-14,0.047467564,A
TISTUD-8576,Bug,2016-08-31T08:52:37.000+0000,FALSE,0.017004713,0,1,0.347601446,A
TISTUD-7485,Bug,2015-05-07T08:43:11.000+0000,FALSE,0.026694473,0,1.23E-17,0.457918082,A
TISTUD-5822,Improvement,2013-12-02T19:18:46.000+0000,FALSE,0.007957144,0,3.06E-24,0.198104849,A
TISTUD-4831,Bug,2013-06-01T00:18:28.000+0000,FALSE,0.011607296,0,2.24E-25,0.265625538,A
TISTUD-5093,Bug,2013-04-19T15:40:23.000+0000,FALSE,0.014763368,0,2.95E-22,0.315783355,A
TISTUD-5392,Story,2013-09-13T21:05:20.000+0000,FALSE,0.023428415,0,1.64E-20,0.424925983,A
TISTUD-582,Bug,2011-08-10T15:31:26.000+0000,FALSE,0.004613978,0,2.12E-23,0.124932707,A
TISTUD-5075,Improvement,2013-07-03T14:15:53.000+0000,FALSE,0.004980642,0,3.64E-11,0.133577738,A
TISTUD-7466,Story,2015-04-30T08:27:52.000+0000,FALSE,0.009853823,0,3.14E-15,0.23460686,A
TISTUD-5355,Story,2013-09-06T22:15:53.000+0000,FALSE,0.006201022,0,2.93E-20,0.161202745,A
TISTUD-6009,Bug,2014-01-09T22:18:13.000+0000,FALSE,0.006918867,0,2.94E-19,0.176674059,A
TISTUD-7208,New Feature,2015-02-17T23:16:06.000+0000,FALSE,0.011417335,0,1.94E-25,0.262381973,A
TISTUD-6514,Improvement,2014-05-19T19:12:43.000+0000,FALSE,0.023888417,1,1.09E-18,0.429799674,A
TISTUD-9142,Bug,2018-08-20T12:55:58.000+0000,FALSE,0.006885033,0,1.71E-20,0.175957188,A
TISTUD-8540,Bug,2016-07-26T07:44:10.000+0000,FALSE,0.005931688,0,4.14E-21,0.155252833,A
TISTUD-5765,Story,2013-11-19T14:48:06.000+0000,FALSE,0.002188228,0,4.61E-24,0.063271526,A
TISTUD-8948,Bug,2017-12-04T06:51:14.000+0000,FALSE,0.018870576,0,1,0.372014133,A
TISTUD-9121,Bug,2018-09-07T09:53:41.000+0000,FALSE,0.008020978,0,1.95E-20,0.199387507,A
TISTUD-5195,Story,2013-08-02T18:31:14.000+0000,FALSE,0.001785243,0,1.13E-23,0.052208002,A
TISTUD-9063,Story,2018-04-17T04:24:42.000+0000,FALSE,0.015889668,0,6.06E-17,0.332132845,A
TISTUD-6155,Bug,2014-02-11T00:31:45.000+0000,FALSE,0.007628987,0,5.16E-16,0.191448228,A
TISTUD-8527,Bug,2016-06-24T03:39:24.000+0000,FALSE,0.006869687,0,3.98E-25,0.17563164,A
TISTUD-5610,Improvement,2013-10-28T11:22:28.000+0000,FALSE,0.001140114,0,1.29E-28,0.033961643,A
TISTUD-5386,Story,2013-09-13T20:36:00.000+0000,FALSE,0.00853571,0,1.48E-24,0.209588154,A
TISTUD-5648,Improvement,2013-11-05T13:55:43.000+0000,FALSE,0.008773352,0,6.29E-20,0.214213902,A
TISTUD-5079,Story,2013-07-03T18:39:38.000+0000,FALSE,0.019409571,0,4.89E-13,0.378746073,A
TISTUD-8819,Bug,2017-07-13T07:59:11.000+0000,FALSE,0.002252006,0,2.58E-22,0.064999672,A
TISTUD-7110,Story,2015-01-06T19:00:25.000+0000,FALSE,0.005139234,0,5.05E-24,0.137266194,A
TISTUD-7796,Bug,2015-10-20T21:38:26.000+0000,FALSE,0.024165502,0,4.78E-10,0.43269789,A
TISTUD-5329,Improvement,2013-08-27T18:03:28.000+0000,FALSE,0.004645591,0,1.18E-23,0.125684598,A
TISTUD-8544,Improvement,2016-07-29T07:18:14.000+0000,FALSE,0.00448482,0,6.36E-21,0.121847788,A
TISTUD-9060,Bug,2018-04-13T17:07:50.000+0000,FALSE,0.004435123,0,4.26E-22,0.120655203,A
TISTUD-5365,Bug,2013-09-07T00:10:32.000+0000,FALSE,0.002878585,0,2.90E-25,0.081655836,A
TISTUD-8873,Improvement,2017-09-27T02:58:28.000+0000,FALSE,0.00779931,0,7.03E-25,0.194916381,A
TISTUD-8642,Bug,2016-11-01T07:46:14.000+0000,FALSE,0.005414452,1,2.62E-23,0.143595846,A
TISTUD-7463,Bug,2015-04-29T19:59:29.000+0000,FALSE,0.004442867,0,7.30E-20,0.120841238,A
TISTUD-4365,Story,2013-04-22T22:20:40.000+0000,FALSE,0.004396084,0,3.47E-24,0.119716175,A
TISTUD-5441,Bug,2013-09-26T17:38:17.000+0000,FALSE,0.004262169,0,5.65E-21,0.116480339,A
TISTUD-8883,Bug,2017-10-10T12:23:52.000+0000,FALSE,0.036735897,0,1,0.540148742,A
TISTUD-5339,Story,2013-08-29T14:10:31.000+0000,FALSE,0.003217967,0,6.21E-23,0.090440554,A
TISTUD-8682,Bug,2017-01-04T06:05:07.000+0000,FALSE,0.001609225,0,1.82E-26,0.047296059,A
TISTUD-5970,Bug,2014-01-03T01:00:44.000+0000,FALSE,0.013633731,0,3.40E-26,0.298601534,A
TISTUD-7799,Bug,2015-10-20T08:33:02.000+0000,FALSE,0.005435947,0,1,0.144086425,A
TISTUD-5825,Bug,2013-12-02T22:29:51.000+0000,FALSE,0.01009337,0,1,0.238991378,A
TISTUD-4518,Story,2013-05-04T01:23:30.000+0000,FALSE,0.018662428,0,1.49E-18,0.369377211,A
TISTUD-5858,Bug,2013-12-06T11:08:46.000+0000,FALSE,0.004963903,0,0.998287549,0.133186677,A
TISTUD-8641,Bug,2016-10-31T23:39:49.000+0000,FALSE,0.001897667,0,2.01E-23,0.05531977,A
TISTUD-5643,Bug,2013-11-04T21:59:09.000+0000,FALSE,0.002972785,0,2.67E-26,0.084110516,A
TISTUD-6455,Story,2014-05-12T14:45:35.000+0000,FALSE,0.006619215,0,5.58E-21,0.170283055,A
TISTUD-6272,Story,2014-03-25T01:09:38.000+0000,FALSE,0.012048097,0,3.39E-23,0.273048046,A
TISTUD-5071,Improvement,2013-07-03T14:14:13.000+0000,FALSE,0.004595613,0,4.63E-11,0.124495342,A
TISTUD-7032,Bug,2014-10-27T15:57:55.000+0000,FALSE,0.013070845,0,1.66E-20,0.289729238,A
TISTUD-2467,Bug,2012-10-10T23:40:49.000+0000,FALSE,0.002939106,0,5.08E-21,0.08323435,A
TISTUD-6144,Bug,2014-02-10T07:01:48.000+0000,FALSE,0.020957282,0,3.89E-18,0.397336757,A
TISTUD-6218,Story,2014-03-06T16:11:29.000+0000,FALSE,0.007275499,0,3.18E-21,0.184158085,A
TISTUD-5040,Bug,2013-06-27T20:57:59.000+0000,FALSE,0.003424795,0,1.98E-20,0.095715104,A
TISTUD-8902,Bug,2017-10-31T01:20:19.000+0000,FALSE,0.005388408,0,2.49E-23,0.143000699,A
TISTUD-5823,Bug,2013-12-02T19:25:31.000+0000,FALSE,0.002070372,0,1.21E-25,0.060061829,A
TISTUD-8642,Bug,2016-11-01T07:46:14.000+0000,FALSE,0.005414452,0,2.62E-23,0.143595846,A
TISTUD-6113,Bug,2014-01-30T00:27:11.000+0000,FALSE,0.009563042,0,3.72E-07,0.22921914,A
TISTUD-6123,Improvement,2014-02-01T03:44:01.000+0000,FALSE,0.004346681,0,1.83E-22,0.118525088,A
TISTUD-6581,Improvement,2014-05-30T15:30:54.000+0000,FALSE,0.016249164,0,4.11E-22,0.337195651,A
TISTUD-6951,Bug,2014-09-24T21:26:43.000+0000,FALSE,0.00444288,0,0.974636929,0.120841547,A
TISTUD-5821,Bug,2013-11-28T14:45:47.000+0000,FALSE,0.004060842,0,3.74E-25,0.111572225,A
TISTUD-7595,Bug,2015-06-19T21:16:47.000+0000,FALSE,0.005931049,0,7.02E-07,0.155238616,A
TISTUD-4318,Bug,2013-04-18T10:51:48.000+0000,FALSE,0.009229491,0,8.46E-23,0.222948763,A
TISTUD-5386,Story,2013-09-13T20:36:00.000+0000,FALSE,0.00853571,0,1.48E-24,0.209588154,A
TISTUD-5668,Bug,2013-11-07T01:42:31.000+0000,FALSE,0.000583778,0,3.78E-23,0.017672916,A
TISTUD-5294,Bug,2013-08-23T00:04:48.000+0000,FALSE,0.025387958,0,3.32E-10,0.445159062,A
TISTUD-4335,Bug,2013-04-16T02:18:48.000+0000,FALSE,0.004005022,0,1.55E-22,0.110202085,A
TISTUD-5770,Bug,2013-11-20T00:13:49.000+0000,FALSE,0.008072533,0,8.37E-25,0.200420548,A
TISTUD-5263,Story,2013-08-14T15:05:55.000+0000,FALSE,0.024329551,0,9.41E-19,0.434400707,A
TISTUD-5388,Story,2013-09-13T20:46:11.000+0000,FALSE,0.006426232,0,3.53E-25,0.166116377,A
TISTUD-5061,Story,2013-07-02T13:33:56.000+0000,FALSE,0.011449731,0,2.51E-17,0.262937071,A
TISTUD-4847,Improvement,2013-06-03T22:50:59.000+0000,FALSE,0.001189082,0,1.13E-23,0.035370402,A
TISTUD-6261,Bug,2014-03-20T20:54:38.000+0000,FALSE,0.002721432,0,9.00E-21,0.077532338,A
TISTUD-6094,Bug,2014-01-27T00:27:14.000+0000,FALSE,0.012853775,0,1.55E-22,0.28625025,A
TISTUD-5045,Improvement,2013-06-28T20:18:01.000+0000,FALSE,0.006077309,0,2.01E-15,0.158479813,A
TISTUD-2948,Story,2012-12-03T21:34:37.000+0000,FALSE,0.011775902,0,1.35E-25,0.268481691,A
TISTUD-4365,Story,2013-04-22T22:20:40.000+0000,FALSE,0.004396084,0,3.47E-24,0.119716175,A
TISTUD-2300,Bug,2012-09-18T18:14:28.000+0000,FALSE,0.0019754,0,2.92E-22,0.05745985,A
TISTUD-9063,Story,2018-04-17T04:24:42.000+0000,FALSE,0.015889668,0,6.06E-17,0.332132845,A
TISTUD-6012,Bug,2014-01-10T23:26:17.000+0000,FALSE,0.001609962,0,2.65E-26,0.047316716,A
TISTUD-5749,Bug,2013-05-03T12:34:34.000+0000,FALSE,0.009375835,0,4.80E-18,0.225711847,A
TISTUD-3814,Improvement,2013-03-13T23:49:47.000+0000,FALSE,0.007376914,0,2.78E-21,0.186262491,A
TISTUD-7111,Story,2015-01-06T19:01:57.000+0000,FALSE,0.016694462,0,1.41E-23,0.343366389,A
TISTUD-7911,Bug,2015-12-15T10:09:42.000+0000,FALSE,0.013201555,0,4.11E-20,0.291808557,A
TISTUD-6270,Story,2014-03-25T01:00:48.000+0000,FALSE,0.014771923,0,9.87E-23,0.31591042,A
TISTUD-7488,Bug,2015-05-08T23:23:19.000+0000,FALSE,0.003593268,0,7.07E-27,0.099968136,A
TISTUD-6456,Story,2014-05-12T14:47:12.000+0000,FALSE,0.009133282,0,1.13E-23,0.221121931,A
TISTUD-8865,Improvement,2017-09-19T04:23:33.000+0000,FALSE,0.014352555,0,2.90E-26,0.309628635,A
TISTUD-8938,Bug,2017-11-30T06:17:17.000+0000,FALSE,0.008047317,0,1.34E-22,0.199915592,A
TISTUD-5843,Bug,2013-12-04T22:20:20.000+0000,FALSE,0.003556267,0,3.22E-21,0.09903736,A
TISTUD-5324,Improvement,2013-08-27T13:22:12.000+0000,FALSE,0.006479403,0,1.69E-24,0.167268384,A
TISTUD-6201,Story,2014-02-28T19:10:30.000+0000,FALSE,0.012405657,0,7.51E-16,0.278964318,A
TISTUD-5551,Bug,2013-10-20T07:16:31.000+0000,FALSE,0.004353082,0,2.22E-13,0.118679586,A
TISTUD-5557,Bug,2013-10-21T21:28:52.000+0000,FALSE,0.020370508,0,1,0.390414184,A
TISTUD-273,Improvement,2011-04-06T10:42:00.000+0000,FALSE,0.038918118,0,4.10E-16,0.555005225,A
TISTUD-8573,Bug,2016-08-30T05:17:28.000+0000,FALSE,0.00841952,0,6.96E-07,0.207307425,A
TISTUD-7910,Bug,2015-12-15T09:53:37.000+0000,FALSE,0.011798525,0,2.19E-26,0.268863292,A
TISTUD-5302,Story,2013-08-26T04:40:10.000+0000,FALSE,0.004482838,0,3.08E-24,0.121800292,A
TISTUD-7426,Story,2015-04-20T03:42:29.000+0000,FALSE,0.019407712,0,4.40E-18,0.378723097,A
TISTUD-8885,Bug,2017-10-10T21:04:48.000+0000,FALSE,0.005152338,0,6.96E-24,0.137569609,A
TISTUD-8698,Bug,2017-02-02T04:58:26.000+0000,FALSE,0.006926591,0,4.27E-24,0.17683755,A
TISTUD-5425,Improvement,2013-09-20T21:20:23.000+0000,FALSE,0.004263883,0,2.64E-24,0.116521894,A
TISTUD-6129,Improvement,2014-02-03T23:34:39.000+0000,FALSE,0.006418321,0,8.45E-21,0.16594471,A
TISTUD-8934,Bug,2017-11-28T22:41:03.000+0000,FALSE,0.005371911,0,3.27E-18,0.142623309,A
TISTUD-5823,Bug,2013-12-02T19:25:31.000+0000,FALSE,0.002070372,0,1.21E-25,0.060061829,A
TISTUD-4014,Improvement,2013-03-29T23:08:59.000+0000,FALSE,0.00599724,0,1.22E-25,0.156708421,A
TISTUD-7426,Story,2015-04-20T03:42:29.000+0000,FALSE,0.019407712,0,4.40E-18,0.378723097,A
TISTUD-6871,Bug,2014-09-02T20:24:20.000+0000,FALSE,0.001608914,0,1.19E-26,0.047287325,A
TISTUD-4251,Improvement,2013-04-12T20:21:46.000+0000,FALSE,0.01015275,0,1.95E-25,0.2400708,A
TISTUD-5378,Bug,2013-09-08T08:23:34.000+0000,FALSE,0.038208608,0,3.71E-23,0.55027403,A
TISTUD-5365,Bug,2013-09-07T00:10:32.000+0000,FALSE,0.002878585,0,2.90E-25,0.081655836,A
TISTUD-7548,Bug,2015-05-24T18:05:15.000+0000,FALSE,0.009945197,0,1.56E-17,0.236285013,A
TISTUD-8573,Bug,2016-08-30T05:17:28.000+0000,FALSE,0.00841952,0,6.96E-07,0.207307425,A
TISTUD-8741,Bug,2017-04-13T03:03:15.000+0000,FALSE,0.021563248,0,1.68E-24,0.404331051,A
TISTUD-5479,Story,2013-10-07T05:36:15.000+0000,FALSE,0.010290016,0,5.96E-26,0.242554871,A
TISTUD-7605,Bug,2015-06-22T23:11:01.000+0000,FALSE,0.012597585,0,1,0.282102185,A
TISTUD-8779,Bug,2017-05-31T15:55:35.000+0000,FALSE,0.014753757,0,1,0.315640567,A
TISTUD-7495,Bug,2015-05-13T08:03:50.000+0000,FALSE,0.003382187,0,6.77E-19,0.094633344,A
TISTUD-6399,Bug,2014-05-01T18:50:55.000+0000,FALSE,0.004289581,0,1.31E-05,0.117144552,A
TISTUD-7032,Bug,2014-10-27T15:57:55.000+0000,FALSE,0.013070845,0,1.66E-20,0.289729238,A
TISTUD-7530,Story,2015-05-21T02:33:12.000+0000,FALSE,0.005868669,0,1.69E-23,0.153848928,A
TISTUD-5858,Bug,2013-12-06T11:08:46.000+0000,FALSE,0.004963903,0,0.998287549,0.133186677,A
TISTUD-9055,Bug,2018-04-03T04:10:00.000+0000,FALSE,0.002041042,0,2.83E-14,0.059259744,A
TISTUD-7426,Story,2015-04-20T03:42:29.000+0000,FALSE,0.019407712,0,4.40E-18,0.378723097,A
TISTUD-5045,Improvement,2013-06-28T20:18:01.000+0000,FALSE,0.006077309,0,2.01E-15,0.158479813,A
TISTUD-7783,Bug,2015-10-15T23:01:53.000+0000,FALSE,0.007968281,0,4.68E-25,0.198328905,A
TISTUD-5075,Improvement,2013-07-03T14:15:53.000+0000,FALSE,0.004980642,0,3.64E-11,0.133577738,A
TISTUD-4389,Bug,2013-04-23T20:58:51.000+0000,FALSE,0.010037107,0,5.74E-23,0.23796592,A
TISTUD-5631,Story,2013-10-31T20:48:38.000+0000,FALSE,0.004644413,0,6.30E-21,0.125656616,A
TISTUD-5977,Bug,2014-01-05T16:44:45.000+0000,FALSE,0.009612606,0,5.04E-21,0.230142617,A
TISTUD-7607,Bug,2015-06-23T16:53:09.000+0000,FALSE,0.004300178,0,5.26E-23,0.117401094,A
TISTUD-7979,Improvement,2016-02-02T17:08:34.000+0000,FALSE,0.006735369,0,2.88E-18,0.172771674,A
TISTUD-8779,Bug,2017-05-31T15:55:35.000+0000,FALSE,0.014753757,0,1,0.315640567,A
TISTUD-9086,Improvement,2018-06-11T10:57:12.000+0000,FALSE,0.002727627,0,1.91E-26,0.077695557,A
TISTUD-4675,Bug,2013-05-16T17:55:14.000+0000,FALSE,0.010074782,0,6.27E-15,0.238652894,A
TISTUD-6220,Story,2014-03-06T16:25:20.000+0000,FALSE,0.008297009,0,7.59E-24,0.204888917,A
TISTUD-6272,Story,2014-03-25T01:09:38.000+0000,FALSE,0.012048097,0,3.39E-23,0.273048046,A
TISTUD-8932,Bug,2017-11-27T15:03:33.000+0000,FALSE,0.014389209,0,1.20E-25,0.310182056,A
TISTUD-6425,Bug,2014-05-08T17:57:35.000+0000,FALSE,0.00488992,0,9.86E-22,0.131454089,A
TISTUD-8540,Bug,2016-07-26T07:44:10.000+0000,FALSE,0.005931688,0,4.14E-21,0.155252833,A
TISTUD-8881,Bug,2017-10-06T21:03:09.000+0000,FALSE,0.004402249,0,1.08E-25,0.119864587,A
TISTUD-6237,Bug,2014-03-07T19:02:05.000+0000,FALSE,0.002017732,0,4.04E-19,0.058621328,A
TISTUD-7704,Story,2015-09-14T02:59:41.000+0000,FALSE,0.012536251,0,1.77E-22,0.281102267,A
TISTUD-7523,Bug,2015-05-20T05:13:23.000+0000,FALSE,0.002561301,0,4.08E-26,0.073293794,A
TISTUD-7529,Bug,2015-05-20T23:43:57.000+0000,FALSE,0.003135136,0,3.69E-24,0.088311516,A
TISTUD-9043,Bug,2018-03-22T03:58:35.000+0000,FALSE,0.004206309,0,1.95E-22,0.115123783,A
TISTUD-5914,Improvement,2013-12-13T21:44:19.000+0000,FALSE,0.013056884,0,2.39E-10,0.289506461,A
TISTUD-8747,Improvement,2017-04-28T10:54:24.000+0000,FALSE,0.005031507,0,2.50E-25,0.13476405,A
TISTUD-7725,Bug,2015-09-24T18:29:17.000+0000,FALSE,0.015645979,0,8.01E-19,0.328658883,A
TISTUD-8530,Improvement,2016-07-05T08:36:10.000+0000,FALSE,0.005311536,0,9.86E-25,0.141239395,A
TISTUD-3421,Story,2013-02-01T01:19:56.000+0000,FALSE,0.001200655,0,2.92E-24,0.035702749,A
TISTUD-6235,Story,2014-03-07T18:44:45.000+0000,FALSE,0.014041935,0,1.16E-11,0.304904435,A
TISTUD-7479,Bug,2015-05-06T00:48:26.000+0000,FALSE,0.003814721,0,8.19E-21,0.105500283,A
TISTUD-4360,Story,2013-04-22T22:10:59.000+0000,FALSE,0.009527279,0,2.25E-24,0.228551477,A
TISTUD-5251,Bug,2013-08-12T22:36:01.000+0000,FALSE,0.002559943,0,2.96E-25,0.073257696,A
TISTUD-7607,Bug,2015-06-23T16:53:09.000+0000,FALSE,0.004300178,0,5.26E-23,0.117401094,A
TISTUD-5999,Bug,2014-01-09T00:26:56.000+0000,FALSE,0.001508046,0,8.74E-25,0.044450245,A
TISTUD-9148,Improvement,2018-10-31T15:47:12.000+0000,FALSE,0.005177962,0,8.35E-24,0.138162326,A
TISTUD-5504,Improvement,2013-10-10T11:29:04.000+0000,FALSE,0.009582425,0,1.30E-16,0.229580533,A
TISTUD-2729,Story,2012-09-12T16:43:42.000+0000,FALSE,0.00643865,0,2.87E-21,0.166385696,A
TISTUD-7331,Improvement,2015-03-27T22:32:24.000+0000,FALSE,0.010742854,0,2.94E-25,0.250640569,A
TISTUD-8890,Improvement,2017-10-13T03:58:17.000+0000,FALSE,0.003007554,0,2.36E-25,0.08501333,A
TISTUD-7111,Story,2015-01-06T19:01:57.000+0000,FALSE,0.016694462,0,1.41E-23,0.343366389,A
TISTUD-6847,New Feature,2014-08-28T23:05:19.000+0000,TRUE,0.015287725,0,5.56E-18,0.323488781,A
TISTUD-7530,Story,2015-05-21T02:33:12.000+0000,FALSE,0.005868669,0,1.69E-23,0.153848928,A
TISTUD-5629,Story,2013-10-31T20:09:42.000+0000,FALSE,0.006591541,0,1.62E-19,0.169688009,A
TISTUD-3814,Improvement,2013-03-13T23:49:47.000+0000,FALSE,0.007376914,0,2.78E-21,0.186262491,A
TISTUD-5834,Improvement,2013-12-03T23:26:41.000+0000,FALSE,0.016406156,0,1.66E-20,0.339383728,A
TISTUD-5200,Improvement,2013-08-05T15:03:34.000+0000,FALSE,0.003570163,0,2.28E-19,0.099387142,A
TISTUD-5372,Story,2013-09-09T18:44:45.000+0000,FALSE,0.004513119,0,1.05E-23,0.122525504,A
TISTUD-5833,Improvement,2013-12-03T22:32:42.000+0000,FALSE,0.011736347,0,2.14E-23,0.267813542,A
TISTUD-8713,Improvement,2017-02-14T16:14:32.000+0000,FALSE,0.017155274,0,1.26E-20,0.349637991,A
TISTUD-8794,Bug,2017-06-14T06:08:38.000+0000,FALSE,0.010930465,0,1,0.253942258,A
TISTUD-7109,Story,2015-01-06T18:58:16.000+0000,FALSE,0.007942893,0,3.83E-23,0.197817954,A
TISTUD-4360,Story,2013-04-22T22:10:59.000+0000,FALSE,0.009527279,0,2.25E-24,0.228551477,A
TISTUD-5834,Improvement,2013-12-03T23:26:41.000+0000,FALSE,0.016406156,0,1.66E-20,0.339383728,A
TISTUD-8023,Bug,2016-03-18T09:17:08.000+0000,FALSE,0.009912745,0,4.23E-19,0.235689829,A
TISTUD-6234,Story,2014-03-07T18:44:27.000+0000,FALSE,0.014216409,0,1.28E-11,0.307565557,A
TISTUD-5200,Improvement,2013-08-05T15:03:34.000+0000,FALSE,0.003570163,0,2.28E-19,0.099387142,A
TISTUD-4325,Bug,2013-04-18T21:52:08.000+0000,FALSE,0.010461372,0,9.90E-12,0.245634094,A
TISTUD-6307,Improvement,2014-04-08T00:28:14.000+0000,FALSE,0.03228381,0,8.07E-15,0.506785013,A
TISTUD-6009,Bug,2014-01-09T22:18:13.000+0000,FALSE,0.006918867,0,2.94E-19,0.176674059,A
TISTUD-8580,Bug,2016-09-02T19:59:37.000+0000,FALSE,0.00488496,0,1.51E-12,0.131337708,A
TISTUD-5868,Bug,2013-12-10T01:24:23.000+0000,FALSE,0.004691777,0,7.08E-26,0.126780874,A
TISTUD-7522,Bug,2015-05-19T22:56:51.000+0000,FALSE,0.00656279,0,2.20E-25,0.169068927,A
TISTUD-6940,Bug,2014-09-17T17:52:07.000+0000,TRUE,0.006487917,0,5.37E-23,0.167452582,A
TISTUD-7612,Bug,2015-06-24T21:02:39.000+0000,FALSE,0.001556747,0,7.47E-31,0.045822062,A
TISTUD-4318,Bug,2013-04-18T10:51:48.000+0000,FALSE,0.009229491,0,8.46E-23,0.222948763,A
TISTUD-8009,New Feature,2016-03-03T05:41:24.000+0000,FALSE,0.004154386,0,8.62E-19,0.113859247,A
TISTUD-5067,Improvement,2013-07-03T14:01:21.000+0000,FALSE,0.004591236,0,2.77E-11,0.124391039,A
TISTUD-4217,Improvement,2013-04-10T23:22:58.000+0000,FALSE,0.007366844,0,5.46E-25,0.186053996,A
TISTUD-6350,Bug,2014-03-05T01:16:26.000+0000,FALSE,0.003154485,0,1.47E-22,0.088809697,A
TISTUD-5431,Bug,2013-09-23T22:20:25.000+0000,FALSE,0.001615342,0,3.34E-14,0.047467564,A
TISTUD-8919,Bug,2017-11-22T05:50:09.000+0000,FALSE,0.013138051,0,0.000103832,0.290799804,A
TISTUD-7659,Bug,2015-08-04T06:46:07.000+0000,FALSE,0.004318623,0,4.88E-26,0.117847249,A
TISTUD-6250,Bug,2014-03-12T05:35:03.000+0000,FALSE,0.006222996,0,7.13E-14,0.161684634,A
TISTUD-9148,Improvement,2018-10-31T15:47:12.000+0000,FALSE,0.005177962,0,8.35E-24,0.138162326,A
TISTUD-9060,Bug,2018-04-13T17:07:50.000+0000,FALSE,0.004435123,0,4.26E-22,0.120655203,A
TISTUD-4359,Story,2013-04-22T22:07:52.000+0000,FALSE,0.006073009,0,8.06E-27,0.158384863,A
TISTUD-5408,Story,2013-09-18T22:44:16.000+0000,FALSE,0.008199731,0,7.48E-24,0.202958413,A
TISTUD-5504,Improvement,2013-10-10T11:29:04.000+0000,FALSE,0.009582425,0,1.30E-16,0.229580533,A
TISTUD-8461,Story,2016-04-12T02:37:08.000+0000,FALSE,0.008808032,0,7.74E-20,0.214884621,A
TISTUD-5225,Bug,2013-08-08T22:26:40.000+0000,FALSE,0.007038369,0,1,0.179196494,A
TISTUD-5381,Improvement,2013-09-11T01:00:37.000+0000,FALSE,0.003549053,0,5.55E-22,0.098855686,A
TISTUD-8890,Improvement,2017-10-13T03:58:17.000+0000,FALSE,0.003007554,0,2.36E-25,0.08501333,A
TISTUD-7659,Bug,2015-08-04T06:46:07.000+0000,FALSE,0.004318623,0,4.88E-26,0.117847249,A
TISTUD-6847,New Feature,2014-08-28T23:05:19.000+0000,TRUE,0.015287725,0,5.56E-18,0.323488781,A
TISTUD-4389,Bug,2013-04-23T20:58:51.000+0000,FALSE,0.010037107,0,5.74E-23,0.23796592,A
TISTUD-5858,Bug,2013-12-06T11:08:46.000+0000,FALSE,0.004963903,0,0.998287549,0.133186677,A
TISTUD-8698,Bug,2017-02-02T04:58:26.000+0000,FALSE,0.006926591,0,4.27E-24,0.17683755,A
TISTUD-5368,Story,2013-09-08T00:05:00.000+0000,FALSE,0.002894688,0,6.93E-25,0.082076342,A
TISTUD-5503,Improvement,2013-10-10T11:24:57.000+0000,FALSE,0.003763888,0,7.73E-24,0.104236223,A
TISTUD-582,Bug,2011-08-10T15:31:26.000+0000,FALSE,0.004613978,0,2.12E-23,0.124932707,A
TISTUD-6514,Improvement,2014-05-19T19:12:43.000+0000,FALSE,0.023888417,0,1.09E-18,0.429799674,A
TISTUD-6507,Improvement,2014-05-17T03:27:04.000+0000,FALSE,0.005272887,0,4.38E-23,0.140351246,A
TISTUD-8524,Improvement,2016-06-20T07:23:03.000+0000,FALSE,0.014204406,0,5.27E-23,0.307383107,A
TISTUD-5388,Story,2013-09-13T20:46:11.000+0000,FALSE,0.006426232,0,3.53E-25,0.166116377,A
TISTUD-5671,Bug,2013-11-07T21:11:05.000+0000,FALSE,0.001701251,0,3.92E-25,0.049870246,A
TISTUD-7608,Bug,2015-06-23T16:56:47.000+0000,FALSE,0.001843446,0,1.20E-21,0.053821481,A
TISTUD-5385,Story,2013-09-13T18:44:07.000+0000,FALSE,0.014904878,0,3.25E-19,0.317879282,A
TISTUD-5327,Improvement,2013-08-27T07:46:23.000+0000,FALSE,0.004029926,0,3.53E-16,0.110813891,A
TISTUD-5732,Improvement,2013-11-15T21:40:13.000+0000,FALSE,0.003200442,0,4.25E-21,0.089990896,A
TISTUD-8760,Bug,2017-05-10T23:06:50.000+0000,FALSE,0.001500291,0,1.73E-10,0.044231444,A
TISTUD-5785,Improvement,2013-11-22T00:58:59.000+0000,FALSE,0.006406454,0,1.14E-20,0.165687084,A
TISTUD-3804,Improvement,2013-03-13T17:11:27.000+0000,FALSE,0.024584907,0,3.78E-20,0.437032159,A
TISTUD-6124,Improvement,2014-02-01T05:47:28.000+0000,FALSE,0.00380903,0,6.24E-24,0.105358925,A
TISTUD-5470,Story,2013-10-04T21:51:58.000+0000,FALSE,0.007219614,0,7.25E-25,0.182993972,A
TISTUD-8984,Bug,2018-01-16T09:24:59.000+0000,FALSE,0.012682929,0,1.06E-18,0.283489134,A
TISTUD-5078,Improvement,2013-07-03T14:18:26.000+0000,FALSE,0.004805616,0,3.64E-11,0.129471681,A
TISTUD-9060,Bug,2018-04-13T17:07:50.000+0000,FALSE,0.004435123,0,4.26E-22,0.120655203,A
TISTUD-4356,Story,2013-04-22T22:04:45.000+0000,FALSE,0.002311406,0,7.92E-26,0.066603645,A
TISTUD-7110,Story,2015-01-06T19:00:25.000+0000,FALSE,0.005139234,0,5.05E-24,0.137266194,A
TISTUD-8933,Bug,2017-11-28T05:42:28.000+0000,FALSE,0.031672768,0,1.00E-20,0.501850462,A
TISTUD-7447,Bug,2015-04-21T22:23:05.000+0000,FALSE,0.001430165,0,3.18E-27,0.042248508,A
TISTUD-8010,New Feature,2016-03-03T05:42:53.000+0000,FALSE,0.00392121,0,2.77E-19,0.108137201,A
TISTUD-8979,Bug,2018-01-09T03:54:38.000+0000,FALSE,0.007754467,0,8.45E-25,0.19400605,A
TISTUD-7605,Bug,2015-06-22T23:11:01.000+0000,FALSE,0.012597585,0,1,0.282102185,A
TISTUD-5151,Bug,2013-07-25T10:15:48.000+0000,FALSE,0.015662307,0,4.74E-13,0.328892728,A
TISTUD-7691,Bug,2015-08-28T03:46:22.000+0000,FALSE,0.004641506,0,2.58E-22,0.125587508,A
TISTUD-8009,New Feature,2016-03-03T05:41:24.000+0000,FALSE,0.004154386,0,8.62E-19,0.113859247,A
TISTUD-5039,Improvement,2013-06-27T20:38:29.000+0000,FALSE,0.007981579,0,8.24E-19,0.198596294,A
TISTUD-5843,Bug,2013-12-04T22:20:20.000+0000,FALSE,0.003556267,0,3.22E-21,0.09903736,A
TISTUD-5353,Story,2013-09-06T22:06:28.000+0000,FALSE,0.008890245,0,7.88E-20,0.216470242,A
TISTUD-6951,Bug,2014-09-24T21:26:43.000+0000,FALSE,0.00444288,0,0.974636929,0.120841547,A
TISTUD-5779,Bug,2013-11-11T15:17:56.000+0000,FALSE,0.005848063,0,1.33E-25,0.153388911,A
TISTUD-7704,Story,2015-09-14T02:59:41.000+0000,FALSE,0.012536251,0,1.77E-22,0.281102267,A
TISTUD-9027,Bug,2018-03-09T03:48:13.000+0000,FALSE,0.006361525,0,2.77E-25,0.164710282,A
TISTUD-7488,Bug,2015-05-08T23:23:19.000+0000,FALSE,0.003593268,0,7.07E-27,0.099968136,A
TISTUD-8934,Bug,2017-11-28T22:41:03.000+0000,FALSE,0.005371911,0,3.27E-18,0.142623309,A
TISTUD-8464,Bug,2016-04-12T18:28:38.000+0000,FALSE,0.003515757,0,2.02E-17,0.098016196,A
TISTUD-6148,Improvement,2014-02-10T17:39:20.000+0000,FALSE,0.003977741,0,3.11E-20,0.109530986,A
TISTUD-5169,Bug,2013-07-27T00:42:21.000+0000,FALSE,0.006385535,0,1.33E-21,0.165232561,A
TISTUD-7466,Story,2015-04-30T08:27:52.000+0000,FALSE,0.009853823,0,3.14E-15,0.23460686,A
TISTUD-4215,Improvement,2013-04-10T20:06:42.000+0000,FALSE,0.002608607,0,1.16E-24,0.074549851,A
TISTUD-6951,Bug,2014-09-24T21:26:43.000+0000,FALSE,0.00444288,0,0.974636929,0.120841547,A
TISTUD-7867,Bug,2015-11-18T21:11:03.000+0000,FALSE,0.00230202,0,1.17E-25,0.066350559,A
TISTUD-9137,Bug,2018-10-10T11:57:49.000+0000,FALSE,0.00572608,0,3.28E-22,0.15065579,A
TISTUD-7518,Bug,2015-05-18T21:49:50.000+0000,FALSE,0.001069535,0,6.67E-24,0.031924199,A
TISTUD-8971,Bug,2018-01-03T15:28:50.000+0000,FALSE,0.013758918,0,7.74E-23,0.300546052,A
TISTUD-4360,Story,2013-04-22T22:10:59.000+0000,FALSE,0.009527279,0,2.25E-24,0.228551477,A
TISTUD-7754,Improvement,2015-10-07T03:01:04.000+0000,FALSE,0.003868733,0,9.86E-28,0.106839632,A
TISTUD-7354,Bug,2015-03-31T20:49:18.000+0000,FALSE,0.009287186,0,4.99E-24,0.224040334,A
TISTUD-8685,Improvement,2017-01-10T04:51:01.000+0000,FALSE,0.012316751,0,4.01E-16,0.277501873,A
TISTUD-9086,Improvement,2018-06-11T10:57:12.000+0000,FALSE,0.002727627,0,1.91E-26,0.077695557,A
TISTUD-5370,Story,2013-09-08T00:18:20.000+0000,FALSE,0.003830462,0,3.28E-23,0.105891015,A
TISTUD-7683,Bug,2015-08-25T04:45:46.000+0000,FALSE,0.003890446,0,1.53E-24,0.107376962,A
TISTUD-6847,New Feature,2014-08-28T23:05:19.000+0000,TRUE,0.015287725,0,5.56E-18,0.323488781,A
TISTUD-7593,Bug,2015-06-18T23:36:01.000+0000,FALSE,0.004373541,0,0.00049005,0.119173051,A
TISTUD-4087,Story,2013-04-03T01:58:34.000+0000,FALSE,0.004064466,0,0.325547369,0.111661037,A
TISTUD-7511,Bug,2015-05-16T00:21:30.000+0000,FALSE,0.001329884,0,4.42E-24,0.039399013,A
TISTUD-6443,Improvement,2014-05-09T21:38:08.000+0000,FALSE,0.013836003,0,6.73E-24,0.301738304,A
TISTUD-5063,Improvement,2013-07-02T20:15:18.000+0000,FALSE,0.013522872,0,7.40E-26,0.296870938,A
TISTUD-7705,Improvement,2015-09-14T21:44:56.000+0000,FALSE,0.005843524,0,4.29E-20,0.153287501,A
TISTUD-8977,Bug,2018-01-05T15:46:37.000+0000,FALSE,0.009182244,0,9.69E-26,0.222052654,A
TISTUD-6084,Improvement,2014-01-22T12:35:32.000+0000,FALSE,0.018835747,0,2.05E-17,0.371574357,A
TISTUD-9148,Improvement,2018-10-31T15:47:12.000+0000,FALSE,0.005177962,0,8.35E-24,0.138162326,A
TISTUD-7799,Bug,2015-10-20T08:33:02.000+0000,FALSE,0.005435947,0,1,0.144086425,A
TISTUD-7122,Improvement,2015-01-13T17:51:17.000+0000,FALSE,0.009073824,0,2.14E-21,0.219988808,A
TISTUD-7129,Story,2015-01-14T23:54:04.000+0000,FALSE,0.017322618,0,2.20E-21,0.351887416,A
TISTUD-4215,Improvement,2013-04-10T20:06:42.000+0000,FALSE,0.002608607,0,1.16E-24,0.074549851,A
TISTUD-7965,Bug,2016-01-19T09:43:53.000+0000,FALSE,0.020724018,0,1.03E-21,0.394602695,A
TISTUD-8569,Bug,2016-08-22T03:32:13.000+0000,FALSE,0.017499629,0,1,0.354250736,A
TISTUD-5538,Bug,2013-10-17T18:08:03.000+0000,FALSE,0.013686327,0,7.57E-24,0.299419767,A
TISTUD-8652,Bug,2016-11-09T00:33:21.000+0000,FALSE,0.010860834,0,7.46E-22,0.252720111,A
TISTUD-6250,Bug,2014-03-12T05:35:03.000+0000,FALSE,0.006222996,0,7.13E-14,0.161684634,A
TISTUD-5074,Improvement,2013-07-03T14:15:42.000+0000,FALSE,0.004868029,0,3.64E-11,0.130940156,A
TISTUD-9116,Bug,2018-08-30T05:41:44.000+0000,FALSE,0.017401376,0,1,0.352940962,A
TISTUD-5337,Improvement,2013-08-29T00:11:29.000+0000,FALSE,0.006220346,0,1.41E-22,0.16162653,A
TISTUD-6726,Bug,2014-07-17T15:03:28.000+0000,FALSE,0.003570931,0,1.09E-22,0.09940645,A
TISTUD-6236,Story,2014-03-07T18:44:54.000+0000,FALSE,0.01392911,0,5.16E-12,0.303173186,A
TISTUD-5551,Bug,2013-10-20T07:16:31.000+0000,FALSE,0.004353082,0,2.22E-13,0.118679586,A
TISTUD-5431,Bug,2013-09-23T22:20:25.000+0000,FALSE,0.001615342,0,3.34E-14,0.047467564,A
TISTUD-7523,Bug,2015-05-20T05:13:23.000+0000,FALSE,0.000855176,0,1.37E-58,0.062958661,B
TISTUD-5937,Bug,2013-12-19T00:35:09.000+0000,FALSE,0.000941107,0,5.85E-56,0.068854935,B
TISTUD-5470,Story,2013-10-04T21:51:58.000+0000,FALSE,0.002775956,0,1.04E-60,0.179331729,B
TISTUD-5668,Bug,2013-11-07T01:42:31.000+0000,FALSE,0.000124677,0,5.66E-57,0.009693466,B
TISTUD-7624,Bug,2015-06-29T09:24:26.000+0000,FALSE,0.000557576,0,3.74E-57,0.041956684,B
TISTUD-5472,Story,2013-10-04T21:57:38.000+0000,FALSE,0.005902901,0,6.70E-61,0.317931885,B
TISTUD-5472,Story,2013-10-04T21:57:38.000+0000,FALSE,0.005902901,0,6.70E-61,0.317931885,B
TISTUD-4215,Improvement,2013-04-10T20:06:42.000+0000,FALSE,0.000706583,0,2.89E-60,0.052587057,B
TISTUD-5937,Bug,2013-12-19T00:35:09.000+0000,FALSE,0.000941107,0,5.85E-56,0.068854935,B
TISTUD-5223,Story,2013-08-08T17:11:46.000+0000,FALSE,0.006447619,0,9.84E-49,0.337495045,B
TISTUD-6113,Bug,2014-01-30T00:27:11.000+0000,FALSE,0.003032435,0,1.88E-28,0.192747779,B
TISTUD-3971,Story,2013-03-28T06:20:26.000+0000,FALSE,0.003632774,0,1.07E-53,0.222523494,B
TISTUD-7526,Improvement,2015-05-20T18:41:59.000+0000,FALSE,0.004727975,0,3.54E-60,0.271619678,B
TISTUD-8948,Bug,2017-12-04T06:51:14.000+0000,FALSE,0.002452312,0,1,0.161762777,B
TISTUD-4619,Story,2013-05-10T17:26:58.000+0000,FALSE,0.003939889,0,4.74E-56,0.236935149,B
TISTUD-4932,Bug,2013-06-13T08:15:31.000+0000,FALSE,0.001353971,0,1.77E-54,0.096192949,B
TISTUD-6009,Bug,2014-01-09T22:18:13.000+0000,FALSE,0.001292498,0,8.07E-51,0.092223242,B
TISTUD-7899,Bug,2015-12-02T08:08:11.000+0000,FALSE,0.001327808,0,9.92E-64,0.094507618,B
TISTUD-8464,Bug,2016-04-12T18:28:38.000+0000,FALSE,0.001268054,0,4.03E-40,0.090635157,B
TISTUD-5283,Bug,2013-08-20T18:39:19.000+0000,FALSE,0.006962766,0,7.29E-50,0.355009103,B
TISTUD-6514,Improvement,2014-05-19T19:12:43.000+0000,FALSE,0.008300161,0,9.98E-51,0.396505525,B
TISTUD-4847,Improvement,2013-06-03T22:50:59.000+0000,FALSE,0.000309435,0,8.04E-61,0.023721741,B
TISTUD-5383,Improvement,2013-09-13T00:46:08.000+0000,FALSE,0.003188035,0,2.65E-60,0.200678562,B
TISTUD-6531,Bug,2014-05-21T18:57:33.000+0000,FALSE,0.000869666,0,3.05E-59,0.063958035,B
TISTUD-5849,Bug,2013-12-05T02:06:16.000+0000,FALSE,0.001354361,0,5.56E-58,0.096217983,B
TISTUD-5200,Improvement,2013-08-05T15:03:34.000+0000,FALSE,0.00174754,0,6.55E-48,0.120818871,B
TISTUD-5063,Improvement,2013-07-02T20:15:18.000+0000,FALSE,0.004006869,0,2.82E-64,0.240008757,B
TISTUD-5648,Improvement,2013-11-05T13:55:43.000+0000,FALSE,0.004405976,0,7.30E-52,0.257829768,B
TISTUD-5504,Improvement,2013-10-10T11:29:04.000+0000,FALSE,0.001435606,0,4.13E-51,0.101411995,B
TISTUD-9031,Bug,2018-03-09T15:57:20.000+0000,FALSE,0.001244157,0,1.02E-57,0.089077266,B
TISTUD-5168,Bug,2013-07-27T00:40:54.000+0000,FALSE,0.004164399,0,1.35E-62,0.247142351,B
TISTUD-7473,Bug,2015-05-04T05:13:01.000+0000,FALSE,0.000911846,0,2.24E-57,0.066855353,B
TISTUD-5206,Bug,2013-08-07T06:25:08.000+0000,FALSE,0.003590842,0,7.16E-56,0.220514173,B
TISTUD-5225,Bug,2013-08-08T22:26:40.000+0000,FALSE,0.002823794,0,1,0.181867284,B
TISTUD-8577,Bug,2016-09-01T06:20:15.000+0000,FALSE,0.006326707,0,1,0.333248282,B
TISTUD-7515,Bug,2015-05-17T05:52:04.000+0000,FALSE,0.008764352,0,4.24E-61,0.409710785,B
TISTUD-7015,Bug,2014-10-16T18:45:58.000+0000,FALSE,0.001218127,0,4.89E-51,0.087374387,B
TISTUD-6423,Story,2014-05-08T17:15:14.000+0000,TRUE,0.00173594,0,6.33E-54,0.120111967,B
TISTUD-5393,Story,2013-09-13T21:12:01.000+0000,FALSE,0.000854249,0,4.48E-58,0.062894669,B
TISTUD-6102,Bug,2014-01-28T21:40:22.000+0000,FALSE,0.001014824,0,2.19E-59,0.073855071,B
TISTUD-5469,Improvement,2013-10-04T21:44:05.000+0000,FALSE,0.01327097,0,4.49E-63,0.513567197,B
TISTUD-9060,Bug,2018-04-13T17:07:50.000+0000,FALSE,0.001215818,0,5.78E-52,0.087223026,B
TISTUD-8960,Bug,2017-12-15T08:31:23.000+0000,TRUE,0.002091144,0,8.22E-42,0.14126148,B
TISTUD-8878,Improvement,2017-10-02T04:05:54.000+0000,FALSE,0.003186961,0,1.35E-17,0.200624354,B
TISTUD-8938,Bug,2017-11-30T06:17:17.000+0000,FALSE,0.001867764,0,5.66E-61,0.128079693,B
TISTUD-7591,Bug,2015-06-18T05:29:08.000+0000,FALSE,0.002939858,0,1.09E-60,0.187955298,B
TISTUD-5068,Improvement,2013-07-03T14:12:28.000+0000,FALSE,0.000614088,0,2.72E-43,0.046015947,B
TISTUD-6594,Bug,2014-06-05T11:00:28.000+0000,FALSE,0.002211629,0,2.45E-55,0.148209587,B
TISTUD-4031,Improvement,2013-03-30T23:09:54.000+0000,FALSE,0.006654828,0,3.38E-61,0.344650677,B
TISTUD-8929,Bug,2017-11-26T02:53:26.000+0000,FALSE,0.008741743,0,1.01E-57,0.409080739,B
TISTUD-9017,Improvement,2018-02-20T09:52:01.000+0000,FALSE,0.000902936,0,4.71E-66,0.066244804,B
TISTUD-7171,Bug,2015-02-04T00:54:26.000+0000,FALSE,0.000687097,0,7.66E-57,0.051210203,B
TISTUD-5132,Story,2013-07-22T14:43:12.000+0000,FALSE,0.003215439,0,6.62E-52,0.202059425,B
TISTUD-7706,Bug,2015-09-14T22:00:43.000+0000,FALSE,0.001658114,0,1.01E-54,0.115340291,B
TISTUD-8795,Bug,2017-06-14T07:35:48.000+0000,FALSE,0.001579006,0,1.12E-52,0.110437405,B
TISTUD-6898,Bug,2014-09-09T00:28:57.000+0000,FALSE,0.000734884,0,3.93E-54,0.054579858,B
TISTUD-4035,Improvement,2013-03-31T00:05:41.000+0000,FALSE,0.003001978,0,1.72E-59,0.191177253,B
TISTUD-7607,Bug,2015-06-23T16:53:09.000+0000,FALSE,0.001270407,0,3.63E-56,0.090788269,B
TISTUD-5471,Story,2013-10-04T21:54:35.000+0000,FALSE,0.001846519,0,2.97E-59,0.126805261,B
TISTUD-8930,Bug,2017-11-26T08:35:48.000+0000,FALSE,0.001104502,0,4.56E-59,0.079866862,B
TISTUD-5492,Story,2013-10-08T23:08:23.000+0000,TRUE,0.00234149,0,6.77E-64,0.155575415,B
TISTUD-9118,Bug,2018-09-04T07:16:05.000+0000,FALSE,0.000810171,0,3.07E-47,0.059841097,B
TISTUD-5477,Improvement,2013-10-04T22:24:08.000+0000,FALSE,0.004097879,0,1.03E-61,0.244146189,B
TISTUD-5235,Bug,2013-08-09T02:57:01.000+0000,FALSE,0.001771592,0,1.14E-46,0.12228098,B
TISTUD-5822,Improvement,2013-12-02T19:18:46.000+0000,FALSE,0.005180948,0,1.49E-56,0.290187376,B
TISTUD-6220,Story,2014-03-06T16:25:20.000+0000,FALSE,0.00284575,0,2.51E-62,0.183025849,B
TISTUD-5360,Improvement,2013-09-06T23:20:37.000+0000,FALSE,0.003102684,0,8.07E-58,0.1963474,B
TISTUD-8564,Bug,2016-08-19T04:44:02.000+0000,FALSE,0.00337012,0,3.37E-61,0.209766661,B
TISTUD-6102,Bug,2014-01-28T21:40:22.000+0000,FALSE,0.001014824,0,2.19E-59,0.073855071,B
TISTUD-6220,Story,2014-03-06T16:25:20.000+0000,FALSE,0.00284575,0,2.51E-62,0.183025849,B
TISTUD-4215,Improvement,2013-04-10T20:06:42.000+0000,FALSE,0.000706583,0,2.89E-60,0.052587057,B
TISTUD-7511,Bug,2015-05-16T00:21:30.000+0000,FALSE,0.000442544,0,1.44E-58,0.033587709,B
TISTUD-6272,Story,2014-03-25T01:09:38.000+0000,FALSE,0.003466438,0,4.27E-58,0.21449225,B
TISTUD-9075,Bug,2018-05-04T17:49:43.000+0000,FALSE,0.002477171,0,2.09E-43,0.163138486,B
TISTUD-5372,Story,2013-09-09T18:44:45.000+0000,FALSE,0.001257568,0,1.68E-61,0.089952209,B
TISTUD-5779,Bug,2013-11-11T15:17:56.000+0000,FALSE,0.003146464,0,9.96E-55,0.198574786,B
TISTUD-5541,Story,2013-10-18T12:57:42.000+0000,FALSE,0.002780945,0,2.71E-60,0.179596896,B
TISTUD-7523,Bug,2015-05-20T05:13:23.000+0000,FALSE,0.000855176,0,1.37E-58,0.062958661,B
TISTUD-5388,Story,2013-09-13T20:46:11.000+0000,FALSE,0.002909622,0,7.10E-60,0.186377923,B
TISTUD-4886,Improvement,2013-06-06T10:48:58.000+0000,FALSE,0.00114081,0,1.86E-59,0.082279038,B
TISTUD-8836,Improvement,2017-08-02T04:19:24.000+0000,FALSE,0.002710108,0,4.84E-64,0.17581621,B
TISTUD-6523,Bug,2014-05-20T17:25:36.000+0000,FALSE,0.001322929,0,4.35E-57,0.094192606,B
TISTUD-5808,Bug,2013-11-27T22:26:49.000+0000,FALSE,0.001550896,0,6.49E-56,0.108682351,B
TISTUD-6456,Story,2014-05-12T14:47:12.000+0000,FALSE,0.002719778,0,3.29E-63,0.176334352,B
TISTUD-7946,Bug,2016-01-07T22:51:56.000+0000,TRUE,0.00321097,0,6.04E-49,0.201834566,B
TISTUD-5457,Story,2013-09-30T23:24:45.000+0000,FALSE,0.002178948,0,1.64E-52,0.146335886,B
TISTUD-6094,Bug,2014-01-27T00:27:14.000+0000,FALSE,0.004089642,0,7.34E-59,0.243773523,B
TISTUD-5557,Bug,2013-10-21T21:28:52.000+0000,FALSE,0.003019402,0,0.999827079,0.192076447,B
TISTUD-5681,Bug,2013-11-09T00:57:17.000+0000,FALSE,0.000612383,0,8.64E-58,0.045893959,B
TISTUD-8659,Improvement,2016-11-22T06:50:05.000+0000,FALSE,0.002081568,0,5.91E-58,0.140704406,B
TISTUD-6234,Story,2014-03-07T18:44:27.000+0000,FALSE,0.009825289,0,5.30E-33,0.437867008,B
TISTUD-6123,Improvement,2014-02-01T03:44:01.000+0000,FALSE,0.0019673,0,8.63E-53,0.134002311,B
TISTUD-9047,Bug,2018-03-27T22:05:00.000+0000,FALSE,0.007077582,0,1.75E-50,0.358789585,B
TISTUD-7473,Bug,2015-05-04T05:13:01.000+0000,FALSE,0.000911846,0,2.24E-57,0.066855353,B
TISTUD-6702,New Feature,2014-07-09T19:33:10.000+0000,FALSE,0.004001937,0,1.56E-47,0.239783238,B
TISTUD-7461,Bug,2015-04-29T04:23:31.000+0000,FALSE,0.000888454,0,1.03E-51,0.065250786,B
TISTUD-4325,Bug,2013-04-18T21:52:08.000+0000,FALSE,0.001572685,0,3.49E-39,0.110043357,B
TISTUD-5093,Bug,2013-04-19T15:40:23.000+0000,FALSE,0.003400127,0,5.12E-56,0.211244863,B
TISTUD-7822,Bug,2015-11-02T09:33:24.000+0000,FALSE,0.000901164,0,5.48E-54,0.066123282,B
TISTUD-5614,Bug,2013-10-28T18:55:08.000+0000,FALSE,0.000566186,0,1.25E-50,0.042577359,B
TISTUD-8714,Improvement,2017-02-14T17:20:21.000+0000,FALSE,0.006401339,0,3.79E-53,0.335875833,B
TISTUD-7466,Story,2015-04-30T08:27:52.000+0000,FALSE,0.001747483,0,9.10E-53,0.120815385,B
TISTUD-6455,Story,2014-05-12T14:45:35.000+0000,FALSE,0.002089247,0,5.75E-60,0.141151156,B
TISTUD-6786,Bug,2014-08-14T18:25:40.000+0000,FALSE,0.003480428,0,5.64E-31,0.215174028,B
TISTUD-9042,Bug,2018-03-22T03:25:40.000+0000,FALSE,0.00070526,0,2.31E-59,0.052493704,B
TISTUD-8458,Bug,2016-04-11T14:16:13.000+0000,FALSE,0.000488111,0,1,0.036920051,B
TISTUD-8864,Improvement,2017-09-19T04:06:18.000+0000,FALSE,0.001420479,0,2.02E-64,0.100449386,B
TISTUD-4525,Bug,2013-05-03T22:04:18.000+0000,FALSE,0.004030069,0,3.00E-52,0.241067665,B
TISTUD-5913,Improvement,2013-12-13T21:43:29.000+0000,FALSE,0.003827769,0,1.95E-42,0.231735132,B
TISTUD-8838,Bug,2017-08-03T06:05:19.000+0000,FALSE,0.00082672,0,3.93E-44,0.060989829,B
TISTUD-8902,Bug,2017-10-31T01:20:19.000+0000,FALSE,0.001886018,0,2.75E-59,0.129171808,B
TISTUD-6580,Improvement,2014-05-30T15:29:07.000+0000,FALSE,0.002794932,0,5.26E-55,0.180339381,B
TISTUD-6102,Bug,2014-01-28T21:40:22.000+0000,FALSE,0.001014824,0,2.19E-59,0.073855071,B
TISTUD-4783,Bug,2013-05-27T22:30:33.000+0000,FALSE,0.002599831,0,3.24E-61,0.169861831,B
TISTUD-6235,Story,2014-03-07T18:44:45.000+0000,FALSE,0.009759267,0,2.79E-33,0.436191782,B
TISTUD-6456,Story,2014-05-12T14:47:12.000+0000,FALSE,0.002719778,0,3.29E-63,0.176334352,B
TISTUD-6323,Improvement,2014-04-14T18:55:47.000+0000,FALSE,0.007067778,0,8.83E-56,0.35846847,B
TISTUD-8580,Bug,2016-09-02T19:59:37.000+0000,FALSE,0.000769921,0,7.41E-42,0.05703557,B
TISTUD-5457,Story,2013-09-30T23:24:45.000+0000,FALSE,0.002178948,0,1.64E-52,0.146335886,B
TISTUD-6273,Story,2014-03-25T01:10:08.000+0000,FALSE,0.000671406,0,2.30E-66,0.05009854,B
TISTUD-8788,Story,2017-06-06T12:04:31.000+0000,FALSE,0.00158527,0,6.00E-23,0.110827587,B
TISTUD-4389,Bug,2013-04-23T20:58:51.000+0000,FALSE,0.003080434,0,2.39E-52,0.195210724,B
TISTUD-5385,Story,2013-09-13T18:44:07.000+0000,FALSE,0.004530838,0,1.88E-54,0.263237565,B
TISTUD-9045,Bug,2018-03-27T07:18:20.000+0000,FALSE,0.001266053,0,2.94E-59,0.090504932,B
TISTUD-8495,Bug,2016-05-17T22:28:12.000+0000,FALSE,0.000352731,0,5.09E-61,0.026952623,B
TISTUD-4365,Story,2013-04-22T22:20:40.000+0000,FALSE,0.001810393,0,1.75E-60,0.124629615,B
TISTUD-5283,Bug,2013-08-20T18:39:19.000+0000,FALSE,0.006962766,0,7.29E-50,0.355009103,B
TISTUD-5052,Bug,2013-07-01T18:47:29.000+0000,FALSE,0.005009704,0,2.16E-55,0.283278351,B
TISTUD-5195,Story,2013-08-02T18:31:14.000+0000,FALSE,0.001101975,0,2.10E-56,0.079698554,B
TISTUD-7341,Improvement,2015-03-31T00:04:31.000+0000,FALSE,0.000697315,0,3.80E-62,0.051932665,B
TISTUD-5769,Improvement,2013-11-19T23:34:57.000+0000,FALSE,0.000630364,0,1.10E-55,0.047178774,B
TISTUD-4336,Bug,2013-04-19T20:19:19.000+0000,FALSE,0.006623439,0,7.88E-53,0.343576494,B
TISTUD-6458,Bug,2014-05-12T23:54:41.000+0000,FALSE,0.003050824,0,2.08E-61,0.193693132,B
TISTUD-9159,Bug,2018-05-02T09:09:36.000+0000,TRUE,0.000968503,0,5.81E-56,0.070719347,B
TISTUD-6444,Improvement,2014-05-09T21:38:45.000+0000,FALSE,0.008727897,0,1.80E-62,0.408694237,B
TISTUD-8838,Bug,2017-08-03T06:05:19.000+0000,FALSE,0.00082672,0,3.93E-44,0.060989829,B
TISTUD-6425,Bug,2014-05-08T17:57:35.000+0000,FALSE,0.002915876,0,1.35E-51,0.186704673,B
TISTUD-6969,Bug,2014-10-02T02:13:20.000+0000,FALSE,0.001326023,0,2.24E-50,0.094392396,B
TISTUD-8918,Bug,2017-11-18T04:51:55.000+0000,FALSE,0.001482891,0,1.54E-31,0.104407989,B
TISTUD-7466,Story,2015-04-30T08:27:52.000+0000,FALSE,0.001747483,0,9.10E-53,0.120815385,B
TISTUD-5710,Bug,2013-11-13T21:43:51.000+0000,FALSE,0.00140692,0,1.03E-64,0.099584887,B
TISTUD-5833,Improvement,2013-12-03T22:32:42.000+0000,FALSE,0.003512111,0,3.15E-60,0.216713734,B
TISTUD-8963,Bug,2017-12-18T07:07:40.000+0000,FALSE,0.007132087,0,7.16E-56,0.360569048,B
TISTUD-5401,Bug,2013-09-17T16:10:48.000+0000,FALSE,0.012931448,0,1.70E-50,0.507004862,B
TISTUD-4359,Story,2013-04-22T22:07:52.000+0000,FALSE,0.002268416,0,4.27E-62,0.151446111,B
TISTUD-5079,Story,2013-07-03T18:39:38.000+0000,FALSE,0.006700665,0,1.12E-42,0.346213158,B
TISTUD-6423,Story,2014-05-08T17:15:14.000+0000,TRUE,0.00173594,0,6.33E-54,0.120111967,B
TISTUD-5936,Bug,2013-12-18T21:59:29.000+0000,FALSE,0.001383814,0,3.58E-55,0.098107797,B
TISTUD-8610,Bug,2016-10-05T09:34:12.000+0000,FALSE,0.000698376,0,5.44E-43,0.05200768,B
TISTUD-7608,Bug,2015-06-23T16:56:47.000+0000,FALSE,0.00045414,0,1.46E-58,0.034437919,B
TISTUD-5383,Improvement,2013-09-13T00:46:08.000+0000,FALSE,0.003188035,0,2.65E-60,0.200678562,B
TISTUD-7338,Improvement,2015-03-30T17:21:31.000+0000,FALSE,0.000844979,0,1.77E-64,0.062254089,B
TISTUD-8544,Improvement,2016-07-29T07:18:14.000+0000,FALSE,0.001197974,0,1.46E-57,0.086051652,B
TISTUD-7110,Story,2015-01-06T19:00:25.000+0000,FALSE,0.001521951,0,3.77E-59,0.106867945,B
TISTUD-4793,Bug,2013-05-28T12:35:54.000+0000,FALSE,0.003352431,0,1.23E-58,0.208892704,B
TISTUD-6125,Improvement,2014-02-03T05:47:37.000+0000,FALSE,0.003627101,0,4.38E-47,0.222252238,B
TISTUD-5059,Story,2013-07-02T13:28:53.000+0000,FALSE,0.011965657,0,8.91E-54,0.487358152,B
TISTUD-6422,Story,2014-05-08T17:13:45.000+0000,FALSE,0.002986447,0,1.03E-53,0.190374081,B
TISTUD-4073,Bug,2013-04-02T20:29:50.000+0000,FALSE,0.001295064,0,2.73E-49,0.092389591,B
TISTUD-4932,Bug,2013-06-13T08:15:31.000+0000,FALSE,0.001353971,0,1.77E-54,0.096192949,B
TISTUD-9101,Bug,2018-07-12T23:42:43.000+0000,FALSE,0.000756342,0,1.92E-67,0.056085316,B
TISTUD-7606,Bug,2015-06-22T23:23:19.000+0000,FALSE,0.004053066,0,9.07E-62,0.242114453,B
TISTUD-1541,Bug,2012-04-18T09:26:44.000+0000,FALSE,0.007539115,0,2.48E-55,0.373557715,B
TISTUD-1541,Bug,2012-04-18T09:26:44.000+0000,FALSE,0.007539115,0,2.48E-55,0.373557715,B
TISTUD-7622,Bug,2015-06-27T21:13:19.000+0000,FALSE,0.000885441,0,8.51E-48,0.065043735,B
TISTUD-8464,Bug,2016-04-12T18:28:38.000+0000,FALSE,0.001268054,0,4.03E-40,0.090635157,B
TISTUD-5078,Improvement,2013-07-03T14:18:26.000+0000,FALSE,0.000642346,0,3.36E-43,0.048033021,B
TISTUD-5326,Improvement,2013-08-27T13:26:18.000+0000,FALSE,0.002395504,0,8.05E-54,0.158602327,B
TISTUD-8927,Improvement,2017-11-26T01:05:16.000+0000,FALSE,0.001108173,0,1.24E-42,0.080111368,B
TISTUD-2467,Bug,2012-10-10T23:40:49.000+0000,FALSE,0.001345355,0,4.39E-54,0.095638621,B
TISTUD-5681,Bug,2013-11-09T00:57:17.000+0000,FALSE,0.000612383,0,8.64E-58,0.045893959,B
TISTUD-5089,Bug,2013-07-09T21:14:05.000+0000,FALSE,0.001738666,0,1.17E-59,0.12027821,B
TISTUD-2978,Improvement,2012-12-05T17:08:31.000+0000,FALSE,0.003725392,0,2.75E-56,0.226925756,B
TISTUD-5322,Improvement,2013-08-27T13:20:07.000+0000,FALSE,0.000756974,0,2.26E-56,0.056129568,B
TISTUD-6122,Improvement,2014-01-31T19:51:12.000+0000,FALSE,0.006592903,0,6.33E-58,0.342528133,B
TISTUD-6951,Bug,2014-09-24T21:26:43.000+0000,FALSE,0.000913703,0,1.40E-15,0.066982509,B
TISTUD-5064,Bug,2013-07-02T21:34:20.000+0000,FALSE,0.002240028,0,1,0.149831193,B
TISTUD-5063,Improvement,2013-07-02T20:15:18.000+0000,FALSE,0.004006869,0,2.82E-64,0.240008757,B
TISTUD-4364,Story,2013-04-22T22:18:48.000+0000,FALSE,0.002206091,0,6.04E-61,0.147892639,B
TISTUD-5071,Improvement,2013-07-03T14:14:13.000+0000,FALSE,0.000637067,0,1.02E-42,0.047656846,B
TISTUD-8919,Bug,2017-11-22T05:50:09.000+0000,FALSE,0.001311599,0,2.35E-47,0.093460361,B
TISTUD-7605,Bug,2015-06-22T23:11:01.000+0000,FALSE,0.004219957,0,1,0.24962698,B
TISTUD-8978,Bug,2018-01-08T07:00:31.000+0000,FALSE,0.001567029,0,1.25E-59,0.109690469,B
TISTUD-5765,Story,2013-11-19T14:48:06.000+0000,FALSE,0.000240075,0,9.00E-62,0.01850165,B
TISTUD-7683,Bug,2015-08-25T04:45:46.000+0000,FALSE,0.000726003,0,1.81E-58,0.053955435,B
TISTUD-5061,Story,2013-07-02T13:33:56.000+0000,FALSE,0.003787624,0,8.65E-54,0.229856263,B
TISTUD-8576,Bug,2016-08-31T08:52:37.000+0000,FALSE,0.002446191,0,3.48E-14,0.161423394,B
TISTUD-5364,Story,2013-09-07T00:06:05.000+0000,FALSE,0.002202754,0,6.02E-58,0.147701566,B
TISTUD-5545,Story,2013-10-18T17:27:35.000+0000,FALSE,0.006057589,0,2.82E-59,0.323601671,B
TISTUD-5060,Story,2013-07-02T13:31:20.000+0000,FALSE,0.009661293,0,6.71E-47,0.433687723,B
TISTUD-8873,Improvement,2017-09-27T02:58:28.000+0000,FALSE,0.003739004,0,4.82E-62,0.227568617,B
TISTUD-5970,Bug,2014-01-03T01:00:44.000+0000,FALSE,0.009969831,0,3.78E-61,0.441500846,B
TISTUD-8641,Bug,2016-10-31T23:39:49.000+0000,FALSE,0.00051215,0,2.78E-59,0.038668966,B
TISTUD-8912,Bug,2017-11-16T18:32:20.000+0000,FALSE,0.006626793,0,2.59E-60,0.343691434,B
TISTUD-5045,Improvement,2013-06-28T20:18:01.000+0000,FALSE,0.001067384,0,1.80E-44,0.07738792,B
TISTUD-6250,Bug,2014-03-12T05:35:03.000+0000,FALSE,0.000623839,0,9.69E-51,0.046712928,B
TISTUD-4930,Bug,2013-04-22T14:56:18.000+0000,FALSE,0.004755869,0,6.31E-43,0.272790618,B
TISTUD-8474,Bug,2016-04-28T14:51:38.000+0000,FALSE,0.001594355,0,1.09E-63,0.111392862,B
TISTUD-7032,Bug,2014-10-27T15:57:55.000+0000,FALSE,0.004786191,0,6.71E-53,0.274059259,B
TISTUD-9138,Improvement,2018-10-10T13:28:18.000+0000,FALSE,0.003670894,0,7.01E-57,0.224341328,B
TISTUD-7622,Bug,2015-06-27T21:13:19.000+0000,FALSE,0.000885441,0,8.51E-48,0.065043735,B
TISTUD-8852,Improvement,2017-08-23T12:27:24.000+0000,FALSE,0.000431252,0,6.48E-65,0.032758444,B
TISTUD-9093,Bug,2018-06-27T17:47:01.000+0000,FALSE,0.000933907,0,6.25E-62,0.068363655,B
TISTUD-5462,Improvement,2013-10-02T21:46:47.000+0000,FALSE,0.000574961,0,5.60E-61,0.043209046,B
TISTUD-7879,Bug,2015-11-24T01:09:53.000+0000,FALSE,0.008967171,0,2.57E-63,0.415304601,B
TISTUD-6199,Story,2014-02-28T19:02:17.000+0000,FALSE,0.008097923,0,1.74E-46,0.39056971,B
TISTUD-7611,Bug,2015-06-24T16:50:28.000+0000,FALSE,0.001200144,0,1.76E-59,0.086194289,B
TISTUD-5069,Improvement,2013-07-03T14:12:57.000+0000,FALSE,0.000617397,0,2.72E-43,0.046252572,B
TISTUD-8665,Bug,2016-12-13T08:21:34.000+0000,FALSE,0.005286291,0,2.80E-56,0.294372918,B
TISTUD-8913,Bug,2017-11-17T18:52:08.000+0000,TRUE,0.002556697,0,2.39E-49,0.167509652,B
TISTUD-7758,Bug,2015-10-07T07:56:02.000+0000,FALSE,0.001623131,0,9.80E-64,0.113178757,B
TISTUD-9111,Bug,2018-08-17T06:24:24.000+0000,FALSE,0.00390863,0,3.55E-65,0.235492381,B
TISTUD-8873,Improvement,2017-09-27T02:58:28.000+0000,FALSE,0.003739004,0,4.82E-62,0.227568617,B
TISTUD-5759,Bug,2013-11-19T09:20:49.000+0000,FALSE,0.001254471,0,1.28E-56,0.089750308,B
TISTUD-8779,Bug,2017-05-31T15:55:35.000+0000,FALSE,0.001564278,0,2.20E-11,0.109518698,B
TISTUD-8026,Bug,2016-03-23T07:32:03.000+0000,FALSE,0.00131557,0,6.42E-52,0.093717161,B
TISTUD-273,Improvement,2011-04-06T10:42:00.000+0000,FALSE,0.006724995,0,1.09E-48,0.347039568,B
TISTUD-6201,Story,2014-02-28T19:10:30.000+0000,FALSE,0.005215075,0,6.00E-47,0.291548651,B
TISTUD-5370,Story,2013-09-08T00:18:20.000+0000,FALSE,0.000984337,0,2.63E-60,0.071793596,B
TISTUD-8944,Bug,2017-12-04T04:15:04.000+0000,FALSE,0.002651137,0,2.50E-63,0.172642572,B
TISTUD-5643,Bug,2013-11-04T21:59:09.000+0000,FALSE,0.000731066,0,9.32E-64,0.054311527,B
TISTUD-6236,Story,2014-03-07T18:44:54.000+0000,FALSE,0.009816086,0,4.52E-33,0.43763408,B
TISTUD-7473,Bug,2015-05-04T05:13:01.000+0000,FALSE,0.000911846,0,2.24E-57,0.066855353,B
TISTUD-4974,Bug,2013-06-15T22:00:30.000+0000,FALSE,0.002096485,0,5.74E-56,0.141571802,B
TISTUD-3421,Story,2013-02-01T01:19:56.000+0000,FALSE,0.00041196,0,1.37E-55,0.031338299,B
TISTUD-5061,Story,2013-07-02T13:33:56.000+0000,FALSE,0.003787624,0,8.65E-54,0.229856263,B
TISTUD-7822,Bug,2015-11-02T09:33:24.000+0000,FALSE,0.000901164,0,5.48E-54,0.066123282,B
TISTUD-4365,Story,2013-04-22T22:20:40.000+0000,FALSE,0.001810393,0,1.75E-60,0.124629615,B
TISTUD-8912,Bug,2017-11-16T18:32:20.000+0000,FALSE,0.006626793,0,2.59E-60,0.343691434,B
TISTUD-5472,Story,2013-10-04T21:57:38.000+0000,FALSE,0.005902901,0,6.70E-61,0.317931885,B
TISTUD-5076,Improvement,2013-07-03T14:18:08.000+0000,FALSE,0.00063151,0,3.36E-43,0.047260528,B
TISTUD-5492,Story,2013-10-08T23:08:23.000+0000,TRUE,0.00234149,0,6.77E-64,0.155575415,B
TISTUD-9093,Bug,2018-06-27T17:47:01.000+0000,FALSE,0.000933907,0,6.25E-62,0.068363655,B
TISTUD-5999,Bug,2014-01-09T00:26:56.000+0000,FALSE,0.000269474,0,8.84E-54,0.020720973,B
TISTUD-6511,Bug,2014-05-19T09:58:52.000+0000,FALSE,0.003920324,0,0.997577757,0.236032753,B
TISTUD-6824,Story,2014-08-22T13:14:00.000+0000,FALSE,0.003954092,0,5.06E-62,0.237588941,B
TISTUD-7611,Bug,2015-06-24T16:50:28.000+0000,FALSE,0.001200144,0,1.76E-59,0.086194289,B
TISTUD-7619,Bug,2015-06-26T18:32:10.000+0000,FALSE,0.000648012,0,3.69E-61,0.048436444,B
TISTUD-8913,Bug,2017-11-17T18:52:08.000+0000,TRUE,0.002556697,0,2.39E-49,0.167509652,B
TISTUD-6218,Story,2014-03-06T16:11:29.000+0000,FALSE,0.002746243,0,2.38E-53,0.177749087,B
TISTUD-5892,Bug,2013-12-12T10:42:59.000+0000,FALSE,0.00336565,0,4.49E-56,0.209545988,B
TISTUD-7965,Bug,2016-01-19T09:43:53.000+0000,FALSE,0.006692175,0,1.88E-57,0.345924308,B
TISTUD-5355,Story,2013-09-06T22:15:53.000+0000,FALSE,0.001815018,0,1.59E-52,0.124908747,B
TISTUD-9086,Improvement,2018-06-11T10:57:12.000+0000,FALSE,0.001391283,0,1.52E-59,0.098585757,B
TISTUD-4956,Story,2013-06-14T20:57:11.000+0000,FALSE,0.002170741,0,3.85E-60,0.14586409,B
TISTUD-5320,Story,2013-08-27T13:08:28.000+0000,FALSE,0.001964772,0,5.18E-59,0.133852834,B
TISTUD-7804,Bug,2015-10-23T21:55:04.000+0000,FALSE,0.000671967,0,5.90E-56,0.050138306,B
TISTUD-7595,Bug,2015-06-19T21:16:47.000+0000,FALSE,0.001231547,0,6.23E-35,0.088253105,B
TISTUD-6834,New Feature,2014-08-26T17:13:18.000+0000,FALSE,0.013665326,0,2.53E-50,0.520978814,B
TISTUD-4244,Improvement,2013-04-12T00:30:14.000+0000,FALSE,0.000404135,0,9.93E-60,0.030761142,B
TISTUD-7015,Bug,2014-10-16T18:45:58.000+0000,FALSE,0.001218127,0,4.89E-51,0.087374387,B
TISTUD-9118,Bug,2018-09-04T07:16:05.000+0000,FALSE,0.000810171,0,3.07E-47,0.059841097,B
TISTUD-8750,Story,2017-05-02T13:10:55.000+0000,FALSE,0.005335735,0,1.42E-60,0.296320767,B
TISTUD-5808,Bug,2013-11-27T22:26:49.000+0000,FALSE,0.001550896,0,6.49E-56,0.108682351,B
TISTUD-6109,Bug,2014-01-29T02:27:58.000+0000,FALSE,0.008071281,0,9.44E-51,0.38977921,B
TISTUD-8866,Improvement,2017-09-19T04:36:54.000+0000,FALSE,0.001417181,0,2.02E-65,0.100239293,B
TISTUD-7449,Improvement,2015-04-24T16:17:02.000+0000,FALSE,0.00171962,0,1.39E-63,0.119115594,B
TISTUD-7612,Bug,2015-06-24T21:02:39.000+0000,FALSE,0.000913678,0,2.88E-61,0.066980828,B
TISTUD-7593,Bug,2015-06-18T23:36:01.000+0000,FALSE,0.000555119,0,1.20E-35,0.041779407,B
TISTUD-9060,Bug,2018-04-13T17:07:50.000+0000,FALSE,0.001215818,0,5.78E-52,0.087223026,B
TISTUD-5089,Bug,2013-07-09T21:14:05.000+0000,FALSE,0.001738666,0,1.17E-59,0.12027821,B
TISTUD-7529,Bug,2015-05-20T23:43:57.000+0000,FALSE,0.000961233,0,1.29E-56,0.070225342,B
TISTUD-5312,Improvement,2013-08-27T00:38:45.000+0000,FALSE,0.00203702,0,2.70E-57,0.138103769,B
TISTUD-5502,Improvement,2013-10-10T11:23:02.000+0000,FALSE,0.001568373,0,9.03E-62,0.109774327,B
TISTUD-8998,Bug,2018-01-30T02:24:08.000+0000,FALSE,0.00440512,0,6.55E-63,0.25779242,B
TISTUD-4362,Story,2013-04-22T22:16:09.000+0000,FALSE,0.003943626,0,1.92E-63,0.237107275,B
TISTUD-8885,Bug,2017-10-10T21:04:48.000+0000,FALSE,0.002276925,0,7.52E-54,0.151928943,B
TISTUD-8787,Improvement,2017-06-06T08:11:27.000+0000,FALSE,0.002891136,0,5.37E-60,0.185410545,B
TISTUD-7781,Bug,2015-10-14T09:48:06.000+0000,FALSE,0.000825275,0,6.13E-58,0.060889632,B
TISTUD-8819,Bug,2017-07-13T07:59:11.000+0000,FALSE,0.000704898,0,9.35E-52,0.05246815,B
TISTUD-5557,Bug,2013-10-21T21:28:52.000+0000,FALSE,0.003019402,0,0.999827079,0.192076447,B
TISTUD-8454,Story,2016-04-07T07:58:44.000+0000,FALSE,0.004081245,0,3.98E-63,0.24339331,B
TISTUD-5504,Improvement,2013-10-10T11:29:04.000+0000,FALSE,0.001435606,0,4.13E-51,0.101411995,B
TISTUD-6108,Story,2014-01-29T20:57:24.000+0000,FALSE,0.005297747,0,5.00E-55,0.294825169,B
TISTUD-6299,Story,2014-04-02T16:54:59.000+0000,FALSE,0.002102852,0,2.46E-60,0.141941513,B
TISTUD-7779,Bug,2015-10-13T22:00:18.000+0000,FALSE,0.001392514,0,5.21E-58,0.098664466,B
TISTUD-5477,Improvement,2013-10-04T22:24:08.000+0000,FALSE,0.004097879,0,1.03E-61,0.244146189,B
TISTUD-4035,Improvement,2013-03-31T00:05:41.000+0000,FALSE,0.003001978,0,1.72E-59,0.191177253,B
TISTUD-7530,Story,2015-05-21T02:33:12.000+0000,FALSE,0.001332259,0,2.82E-63,0.094794793,B
TISTUD-7605,Bug,2015-06-22T23:11:01.000+0000,FALSE,0.004219957,0,1,0.24962698,B
TISTUD-8912,Bug,2017-11-16T18:32:20.000+0000,FALSE,0.006626793,0,2.59E-60,0.343691434,B
TISTUD-8544,Improvement,2016-07-29T07:18:14.000+0000,FALSE,0.001197974,0,1.46E-57,0.086051652,B
TISTUD-7447,Bug,2015-04-21T22:23:05.000+0000,FALSE,0.0006755,0,4.33E-57,0.050388863,B
TISTUD-7899,Bug,2015-12-02T08:08:11.000+0000,FALSE,0.001327808,0,9.92E-64,0.094507618,B
TISTUD-5235,Bug,2013-08-09T02:57:01.000+0000,FALSE,0.001771592,0,1.14E-46,0.12228098,B
TISTUD-5359,Story,2013-09-06T23:14:45.000+0000,FALSE,0.000884456,0,7.06E-56,0.064975984,B
TISTUD-7796,Bug,2015-10-20T21:38:26.000+0000,FALSE,0.008902763,0,1.87E-41,0.413539476,B
TISTUD-5206,Bug,2013-08-07T06:25:08.000+0000,FALSE,0.003590842,0,7.16E-56,0.220514173,B
TISTUD-8750,Story,2017-05-02T13:10:55.000+0000,FALSE,0.005335735,0,1.42E-60,0.296320767,B
TISTUD-5369,Story,2013-09-08T00:13:31.000+0000,FALSE,0.00322896,0,1.01E-59,0.202739025,B
TISTUD-7758,Bug,2015-10-07T07:56:02.000+0000,FALSE,0.001623131,0,9.80E-64,0.113178757,B
TISTUD-6978,Improvement,2014-10-07T20:28:45.000+0000,FALSE,0.007712244,0,4.42E-55,0.378926925,B
TISTUD-5381,Improvement,2013-09-11T01:00:37.000+0000,FALSE,0.000762752,0,3.48E-53,0.056534146,B
TISTUD-6442,Story,2014-05-09T21:13:59.000+0000,FALSE,0.010106778,0,2.57E-56,0.444901631,B
TISTUD-7032,Bug,2014-10-27T15:57:55.000+0000,FALSE,0.004786191,0,6.71E-53,0.274059259,B
TISTUD-6102,Bug,2014-01-28T21:40:22.000+0000,FALSE,0.001014824,0,2.19E-59,0.073855071,B
TISTUD-7488,Bug,2015-05-08T23:23:19.000+0000,FALSE,0.000844734,0,2.97E-65,0.062237176,B
TISTUD-4361,Story,2013-04-22T22:12:32.000+0000,FALSE,0.003931788,0,2.27E-61,0.236561752,B
TISTUD-8925,Bug,2017-11-23T13:33:11.000+0000,FALSE,0.004829861,0,2.77E-35,0.275878739,B
TISTUD-5467,Improvement,2013-10-04T21:36:30.000+0000,FALSE,0.005016319,0,2.12E-52,0.283547689,B
TISTUD-7682,Improvement,2015-08-24T17:38:43.000+0000,FALSE,0.001263934,0,1.94E-31,0.090366955,B
TISTUD-8835,Improvement,2017-08-02T04:12:05.000+0000,FALSE,0.005165355,0,1.35E-61,0.289563666,B
TISTUD-5913,Improvement,2013-12-13T21:43:29.000+0000,FALSE,0.003827769,0,1.95E-42,0.231735132,B
TISTUD-7756,Improvement,2015-10-07T05:44:39.000+0000,TRUE,0.002798815,0,5.03E-59,0.180545231,B
TISTUD-5660,Story,2013-11-06T22:13:16.000+0000,FALSE,0.001107781,0,1.53E-56,0.080085217,B
TISTUD-6898,Bug,2014-09-09T00:28:57.000+0000,FALSE,0.000734884,0,3.93E-54,0.054579858,B
TISTUD-8883,Bug,2017-10-10T12:23:52.000+0000,FALSE,0.006230608,0,1,0.329834736,B
TISTUD-7732,Bug,2015-09-28T02:48:56.000+0000,FALSE,0.002491153,0,1.18E-60,0.163910296,B
TISTUD-7684,Bug,2015-08-25T05:26:27.000+0000,FALSE,0.000449076,0,9.74E-59,0.034066807,B
TISTUD-5825,Bug,2013-12-02T22:29:51.000+0000,FALSE,0.007688927,0,0.999999989,0.378209079,B
TISTUD-4191,Bug,2013-04-08T23:43:59.000+0000,FALSE,0.003637104,0,1.43E-59,0.222730387,B
TISTUD-6444,Improvement,2014-05-09T21:38:45.000+0000,FALSE,0.008727897,0,1.80E-62,0.408694237,B
TISTUD-5661,Bug,2013-11-06T22:19:15.000+0000,FALSE,0.001442278,0,9.78E-61,0.101835978,B
TISTUD-9017,Improvement,2018-02-20T09:52:01.000+0000,FALSE,0.000902936,0,4.71E-66,0.066244804,B
TISTUD-7473,Bug,2015-05-04T05:13:01.000+0000,FALSE,0.000911846,0,2.24E-57,0.066855353,B
TISTUD-8948,Bug,2017-12-04T06:51:14.000+0000,FALSE,0.002452312,0,1,0.161762777,B
TISTUD-7331,Improvement,2015-03-27T22:32:24.000+0000,FALSE,0.00128137,0,1.78E-64,0.091500923,B
TISTUD-8009,New Feature,2016-03-03T05:41:24.000+0000,FALSE,0.000966218,0,3.44E-53,0.07056416,B
TISTUD-9156,Improvement,2018-11-26T15:41:33.000+0000,TRUE,0.002179426,0,1.50E-33,0.088456448,S
TISTUD-9145,Bug,2018-10-19T11:01:30.000+0000,FALSE,0.004991998,0,1.63E-34,0.1822717,S
TISTUD-9140,Bug,2018-10-12T10:29:04.000+0000,FALSE,0.002086823,0,2.08E-22,0.085010267,S
TISTUD-9126,Bug,2018-09-17T21:57:48.000+0000,FALSE,0.002407277,0,2.46E-36,0.096828932,S
TISTUD-9125,Bug,2018-09-12T06:45:52.000+0000,FALSE,0.001991655,0,8.23E-10,0.081442094,S
TISTUD-9117,Bug,2018-08-30T10:48:48.000+0000,FALSE,0.006343807,0,1.65E-21,0.220968812,S
TISTUD-9113,Bug,2018-08-23T09:27:40.000+0000,FALSE,0.008902104,0,8.46E-34,0.285234498,S
TISTUD-9108,Bug,2018-08-01T04:47:37.000+0000,FALSE,0.002150987,0,4.01E-36,0.087400785,S
TISTUD-9097,Bug,2018-07-04T04:30:11.000+0000,FALSE,0.000477924,0,4.50E-34,0.020801747,S
TISTUD-9092,Bug,2018-06-27T03:26:42.000+0000,FALSE,0.00180929,0,1.36E-27,0.074528148,S
TISTUD-9085,Improvement,2018-06-08T16:44:51.000+0000,FALSE,0.005289888,0,3.33E-34,0.191116532,S
TISTUD-9053,Bug,2018-04-02T08:30:37.000+0000,FALSE,0.00029994,0,2.83E-32,0.013154562,S
TISTUD-9048,Bug,2018-03-28T03:40:32.000+0000,FALSE,0.000252754,0,2.32E-24,0.011107562,S
TISTUD-9040,Bug,2018-03-20T07:45:40.000+0000,FALSE,0.002273753,0,4.10E-38,0.09194084,S
TISTUD-9035,Bug,2018-03-14T04:27:25.000+0000,FALSE,0.00012773,0,7.13E-32,0.005643548,S
TISTUD-9029,Bug,2018-03-09T08:41:24.000+0000,FALSE,0.002885889,0,1.01E-32,0.113936277,S
TISTUD-9004,Bug,2018-02-06T09:44:15.000+0000,FALSE,0.012131617,0,3.80E-34,0.353006068,S
TISTUD-8997,Bug,2018-01-30T02:22:54.000+0000,FALSE,0.003962197,0,1.56E-36,0.150190991,S
TISTUD-8983,Bug,2018-01-09T15:52:51.000+0000,FALSE,0.000707259,0,3.24E-33,0.030486115,S
TISTUD-8967,Bug,2017-12-20T07:31:25.000+0000,FALSE,0.003841942,0,1,0.146284441,S
TISTUD-8966,Bug,2017-12-18T22:50:42.000+0000,FALSE,0.002066592,0,2.49E-29,0.084253994,S
TISTUD-8945,Bug,2017-12-04T04:26:51.000+0000,FALSE,0.016660395,0,5.27E-13,0.42946422,S
TISTUD-8939,Bug,2017-11-30T06:35:29.000+0000,FALSE,0.001625528,0,2.08E-34,0.067457746,S
TISTUD-8936,Bug,2017-11-29T23:11:16.000+0000,FALSE,0.000655667,0,1.15E-33,0.028323851,S
TISTUD-8928,Bug,2017-11-26T01:18:14.000+0000,FALSE,0.009209125,0,5.92E-31,0.292261462,S
TISTUD-8926,Improvement,2017-11-24T03:53:14.000+0000,FALSE,0.005203026,0,2.16E-36,0.188556741,S
TISTUD-8922,Bug,2017-11-22T18:19:27.000+0000,FALSE,0.000493714,0,9.48E-33,0.021474572,S
TISTUD-8911,Improvement,2017-11-16T17:35:53.000+0000,FALSE,0.003494137,0,4.40E-36,0.134786307,S
TISTUD-8905,Bug,2017-11-06T02:31:12.000+0000,FALSE,0.00285837,0,1.96E-30,0.112969811,S
TISTUD-8898,Bug,2017-10-21T04:05:21.000+0000,FALSE,0.003388243,0,4.25E-32,0.131225431,S
TISTUD-8889,Bug,2017-10-12T07:30:56.000+0000,FALSE,0.004033768,0,1,0.152499561,S
TISTUD-8882,Bug,2017-10-10T09:04:52.000+0000,FALSE,0.002829624,0,2.84E-16,0.111958009,S
TISTUD-8880,New Feature,2017-10-09T10:03:15.000+0000,TRUE,0.004404463,0,3.11E-36,0.164263706,S
TISTUD-8875,Bug,2017-09-26T20:32:49.000+0000,FALSE,0.004168453,0,3.16E-32,0.156810919,S
TISTUD-8859,Bug,2017-09-11T10:57:08.000+0000,FALSE,0.003172057,0,1.28E-13,0.123866378,S
TISTUD-8848,Improvement,2017-08-21T09:04:40.000+0000,TRUE,0.001381168,0,7.71E-37,0.057890903,S
TISTUD-8847,Bug,2017-08-17T08:06:51.000+0000,FALSE,0.00203269,0,1.65E-19,0.082983952,S
TISTUD-8846,Bug,2017-08-17T06:33:14.000+0000,FALSE,0.00432535,0,1,0.161779782,S
TISTUD-8840,Improvement,2017-08-09T17:58:38.000+0000,TRUE,0.011407371,0,4.81E-36,0.33891348,S
TISTUD-8791,Bug,2017-06-08T18:19:11.000+0000,FALSE,0.003498719,0,7.35E-23,0.134939753,S
TISTUD-8777,Bug,2017-05-30T09:30:44.000+0000,TRUE,0.000196213,0,9.59E-38,0.008643817,S
TISTUD-8769,Bug,2017-05-17T12:52:56.000+0000,FALSE,0.000499959,0,5.28E-33,0.02174043,S
TISTUD-8764,New Feature,2017-05-15T17:51:25.000+0000,FALSE,0.009599822,0,2.68E-25,0.301012348,S
TISTUD-8729,Improvement,2017-03-16T23:05:28.000+0000,FALSE,0.001687964,0,1.03E-27,0.069871833,S
TISTUD-8693,Bug,2017-01-19T21:02:52.000+0000,FALSE,0.002832469,0,5.72E-30,0.112058255,S
TISTUD-8658,Bug,2016-11-21T04:37:47.000+0000,FALSE,0.00170431,0,4.13E-23,0.070501808,S
TISTUD-8643,Bug,2016-10-27T09:31:50.000+0000,FALSE,0.000598557,0,4.45E-26,0.025919286,S
TISTUD-8588,Bug,2016-09-08T11:24:17.000+0000,FALSE,0.000224149,0,9.91E-39,0.009862591,S
TISTUD-8584,Bug,2016-09-06T08:59:41.000+0000,FALSE,0.005968818,0,0.000378846,0.210595955,S
TISTUD-8536,Improvement,2016-07-18T14:32:39.000+0000,FALSE,0.002064044,0,1.77E-33,0.084158666,S
TISTUD-8531,Story,2016-07-08T10:22:12.000+0000,FALSE,0.002318511,0,4.86E-34,0.093585098,S
TISTUD-8529,Story,2016-07-01T04:57:29.000+0000,FALSE,0.003375311,0,2.38E-32,0.130788593,S
TISTUD-8526,Bug,2016-06-22T07:16:19.000+0000,FALSE,0.001104668,0,1.70E-20,0.046832072,S
TISTUD-8523,Story,2016-06-16T07:22:43.000+0000,FALSE,0.003234914,0,1,0.126018539,S
TISTUD-8516,Bug,2016-06-07T08:27:00.000+0000,FALSE,0.006687774,0,1,0.230253359,S
TISTUD-8509,Improvement,2016-05-30T02:00:08.000+0000,FALSE,0.002695958,0,3.43E-32,0.107223652,S
TISTUD-8506,Bug,2016-05-23T23:08:30.000+0000,FALSE,0.007074643,0,1,0.240442369,S
TISTUD-8490,Bug,2016-05-12T23:52:12.000+0000,FALSE,0.003249462,0,1,0.126515193,S
TISTUD-8476,Bug,2016-04-29T17:30:07.000+0000,FALSE,0.000306342,0,3.20E-35,0.013431622,S
TISTUD-8475,Bug,2016-04-28T23:34:05.000+0000,FALSE,0.000334222,0,1.85E-32,0.014636548,S
TISTUD-8465,Bug,2016-04-13T23:15:24.000+0000,FALSE,0.000809991,0,9.08E-38,0.03476386,S
TISTUD-8457,New Feature,2016-04-07T13:20:23.000+0000,FALSE,0.001722248,0,1.34E-37,0.071192219,S
TISTUD-8453,Bug,2016-04-06T22:20:55.000+0000,FALSE,0.000498626,0,1.02E-33,0.021683674,S
TISTUD-8019,Bug,2016-03-08T21:34:53.000+0000,FALSE,0.000252462,0,6.22E-35,0.011094888,S
TISTUD-7991,Bug,2016-02-12T00:47:54.000+0000,FALSE,0.002981395,0,5.43E-31,0.117274651,S
TISTUD-7982,Bug,2016-02-05T18:01:07.000+0000,FALSE,0.00098471,0,2.04E-28,0.041955058,S
TISTUD-7971,Bug,2016-01-21T23:38:03.000+0000,FALSE,0.00129766,0,2.44E-34,0.054577452,S
TISTUD-7960,Story,2016-01-19T03:36:49.000+0000,FALSE,0.002096657,0,2.96E-24,0.08537743,S
TISTUD-7942,Bug,2016-01-06T00:38:09.000+0000,FALSE,0.001319693,0,1.25E-32,0.055453884,S
TISTUD-7916,Bug,2015-12-16T08:14:14.000+0000,FALSE,0.005086893,0,1.10E-30,0.185109628,S
TISTUD-7905,Bug,2015-12-07T17:50:02.000+0000,FALSE,0.01098247,1,1.33E-36,0.330366271,S
TISTUD-7880,Bug,2015-11-24T18:35:20.000+0000,FALSE,0.002842581,0,1.57E-27,0.112414339,S
TISTUD-7852,Improvement,2015-11-12T23:23:40.000+0000,FALSE,0.00093935,0,2.07E-36,0.040098168,S
TISTUD-7805,Improvement,2015-10-23T22:24:30.000+0000,FALSE,0.001621191,0,2.60E-32,0.067289605,S
TISTUD-7791,Bug,2015-10-19T22:28:55.000+0000,FALSE,0.000448305,0,1.21E-33,0.019537167,S
TISTUD-7784,Bug,2015-10-16T23:32:54.000+0000,FALSE,0.000263811,0,1.73E-37,0.01158797,S
TISTUD-7726,Bug,2015-09-24T18:31:19.000+0000,FALSE,0.006457057,0,5.63E-33,0.224049645,S
TISTUD-7719,Bug,2015-09-18T07:14:05.000+0000,FALSE,0.002672467,0,8.53E-22,0.106386538,S
TISTUD-7708,Bug,2015-09-15T08:21:42.000+0000,FALSE,0.000909916,0,2.23E-34,0.038889491,S
TISTUD-7689,Bug,2015-08-27T22:26:33.000+0000,FALSE,0.000348894,0,1.19E-32,0.015269481,S
TISTUD-7678,New Feature,2015-08-20T02:40:23.000+0000,TRUE,0.004721569,0,1.04E-33,0.174077741,S
TISTUD-7673,Bug,2015-08-14T22:22:16.000+0000,FALSE,0.00087454,0,1.35E-31,0.037432868,S
TISTUD-7652,Bug,2015-07-28T18:33:07.000+0000,FALSE,0.001154214,0,4.98E-20,0.048832333,S
TISTUD-7642,Bug,2015-07-10T07:45:44.000+0000,FALSE,0.000918777,0,1.67E-19,0.039253667,S
TISTUD-7639,Bug,2015-07-08T22:53:38.000+0000,FALSE,0.002140732,0,2.23E-32,0.087019535,S
TISTUD-7632,Bug,2015-06-30T00:49:18.000+0000,FALSE,0.001236401,0,6.55E-32,0.052132286,S
TISTUD-7621,Bug,2015-06-26T16:49:18.000+0000,FALSE,0.00339643,0,1,0.131501751,S
TISTUD-7616,Bug,2015-06-25T23:50:16.000+0000,FALSE,0.001301868,0,5.57E-33,0.054744966,S
TISTUD-7597,Bug,2015-06-19T22:30:55.000+0000,FALSE,0.000931563,0,1.19E-33,0.039778709,S
TISTUD-7510,Bug,2015-05-16T00:02:22.000+0000,FALSE,9.85E-05,0,4.36E-38,0.004357087,S
TISTUD-7477,Bug,2015-05-05T09:26:54.000+0000,FALSE,0.000726285,0,1.87E-36,0.031281133,S
TISTUD-7475,Bug,2015-05-04T22:38:23.000+0000,FALSE,0.000263077,0,3.35E-32,0.011556107,S
TISTUD-7474,Bug,2015-05-04T05:24:53.000+0000,FALSE,0.000325552,0,1.78E-36,0.014262179,S
TISTUD-7469,Improvement,2015-05-01T21:14:25.000+0000,FALSE,0.000970135,0,2.01E-37,0.041359174,S
TISTUD-7467,Bug,2015-05-01T11:58:51.000+0000,FALSE,0.001175824,0,3.35E-36,0.049702154,S
TISTUD-7450,Improvement,2015-04-24T16:20:30.000+0000,FALSE,0.002118754,0,6.65E-35,0.086201424,S
TISTUD-7446,Bug,2015-04-24T04:15:12.000+0000,FALSE,0.001153157,0,2.21E-30,0.048789729,S
TISTUD-7430,Improvement,2015-04-21T22:59:09.000+0000,FALSE,0.005138572,0,4.43E-36,0.186647087,S
TISTUD-7251,Bug,2015-03-11T18:55:35.000+0000,FALSE,0.003436008,0,1.23E-17,0.132835129,S
TISTUD-7249,Bug,2015-03-11T13:46:29.000+0000,FALSE,0.01521689,0,4.81E-33,0.407059989,S
TISTUD-7212,Bug,2015-02-19T08:00:10.000+0000,FALSE,0.005125458,0,8.67E-35,0.186257479,S
TISTUD-7180,Bug,2015-02-04T22:26:03.000+0000,FALSE,0.000312202,0,7.72E-30,0.013685125,S
TISTUD-7132,Bug,2015-01-20T00:14:09.000+0000,FALSE,0.004783623,0,1.01E-30,0.175972049,S
TISTUD-7108,Story,2015-01-06T18:51:48.000+0000,FALSE,0.001683306,0,7.00E-31,0.069692147,S
TISTUD-7087,Story,2014-12-16T21:04:50.000+0000,FALSE,0.013784865,0,3.35E-30,0.383097724,S
TISTUD-7076,Improvement,2014-12-02T01:31:19.000+0000,FALSE,0.001064018,0,3.77E-21,0.045184876,S
TISTUD-7066,Bug,2014-11-21T21:47:30.000+0000,FALSE,0.002382442,0,1.53E-26,0.09592365,S
TISTUD-7061,Bug,2014-11-19T19:19:50.000+0000,FALSE,0.001251164,0,9.15E-35,0.052722689,S
TISTUD-7052,Bug,2014-11-14T23:47:39.000+0000,FALSE,0.002336882,0,2.58E-33,0.09425829,S
TISTUD-7018,Bug,2014-10-17T05:22:50.000+0000,FALSE,0.001973928,0,2.73E-33,0.08077442,S
TISTUD-6979,Bug,2014-10-07T21:30:54.000+0000,FALSE,0.003842819,0,3.86E-28,0.146313038,S
TISTUD-6924,Bug,2014-09-12T13:35:50.000+0000,FALSE,0.019066102,0,4.90E-29,0.463388067,S
TISTUD-6917,Bug,2014-09-11T21:05:04.000+0000,FALSE,0.00128546,0,1.24E-18,0.054091466,S
TISTUD-6909,Bug,2014-09-10T17:20:08.000+0000,FALSE,0.005272968,0,1,0.190619142,S
TISTUD-6890,Bug,2014-09-05T21:03:25.000+0000,FALSE,0.002432687,0,1,0.097753352,S
TISTUD-6888,Bug,2014-09-05T14:13:51.000+0000,FALSE,0.008873474,0,2.12E-28,0.284572335,S
TISTUD-6772,Bug,2014-08-06T21:25:34.000+0000,FALSE,0.000514996,0,1.38E-35,0.022379979,S
TISTUD-6755,Bug,2014-07-29T23:31:16.000+0000,FALSE,0.000418479,0,1.52E-35,0.018260558,S
TISTUD-6742,New Feature,2014-07-24T17:10:47.000+0000,FALSE,0.005043952,0,2.38E-32,0.183827813,S
TISTUD-6722,Bug,2014-07-15T23:48:29.000+0000,FALSE,0.000906505,0,3.73E-17,0.038749243,S
TISTUD-6709,Bug,2014-07-11T19:51:19.000+0000,FALSE,0.002450274,0,3.31E-33,0.098392077,S
TISTUD-6689,Improvement,2014-07-07T20:31:06.000+0000,FALSE,0.001088136,0,4.69E-32,0.046162834,S
TISTUD-6677,Bug,2014-07-02T17:20:49.000+0000,FALSE,0.001482006,0,2.38E-34,0.061861901,S
TISTUD-6647,Bug,2014-06-17T22:27:58.000+0000,FALSE,0.000266184,0,3.84E-36,0.011691033,S
TISTUD-6603,Bug,2014-06-06T17:47:20.000+0000,FALSE,0.002826867,0,7.74E-31,0.111860866,S
TISTUD-6582,Improvement,2014-05-30T15:34:14.000+0000,FALSE,0.00330652,0,1.13E-30,0.128457762,S
TISTUD-6447,Improvement,2014-05-09T21:41:10.000+0000,FALSE,0.007440626,0,2.38E-34,0.249843137,S
TISTUD-6446,Improvement,2014-05-09T21:40:26.000+0000,FALSE,0.009125001,0,1.64E-33,0.290349421,S
TISTUD-6445,Improvement,2014-05-09T21:39:12.000+0000,FALSE,0.007440626,0,2.38E-34,0.249843137,S
TISTUD-6407,Story,2014-05-05T12:31:38.000+0000,FALSE,0.002069948,0,5.12E-28,0.084379535,S
TISTUD-6337,Bug,2014-04-16T10:21:07.000+0000,FALSE,0.000360003,0,9.60E-33,0.015748219,S
TISTUD-6310,Bug,2014-04-09T04:51:59.000+0000,FALSE,0.003957519,0,2.07E-25,0.150039695,S
TISTUD-6309,Bug,2014-04-09T18:17:33.000+0000,FALSE,0.001882948,0,1.39E-33,0.07733289,S
TISTUD-6297,Improvement,2014-04-02T00:20:40.000+0000,FALSE,0.00781093,0,9.94E-32,0.259127786,S
TISTUD-6281,Story,2014-03-31T20:46:54.000+0000,FALSE,0.000668616,0,5.02E-36,0.028867412,S
TISTUD-6280,Bug,2014-03-31T19:51:06.000+0000,FALSE,0.000448661,0,1.72E-30,0.019552375,S
TISTUD-6251,Bug,2014-03-12T06:27:10.000+0000,FALSE,0.000433123,0,5.38E-29,0.018887745,S
TISTUD-6219,Story,2014-03-06T16:24:55.000+0000,FALSE,0.002608861,0,3.54E-34,0.104112155,S
TISTUD-6198,Bug,2014-02-25T19:31:12.000+0000,FALSE,0.000371876,0,1.19E-32,0.016259323,S
TISTUD-6116,Improvement,2014-01-30T02:19:52.000+0000,FALSE,0.001933585,0,1.69E-32,0.079251439,S
TISTUD-6037,Bug,2014-01-17T00:55:00.000+0000,FALSE,0.001127648,0,0.920199783,0.047760852,S
TISTUD-6031,Bug,2014-01-16T01:31:23.000+0000,FALSE,0.002257722,0,8.98E-34,0.091350466,S
TISTUD-5986,Improvement,2014-01-06T23:13:42.000+0000,FALSE,0.000745052,0,1.99E-27,0.032064121,S
TISTUD-5976,Bug,2014-01-03T20:24:27.000+0000,FALSE,0.002276355,0,8.12E-36,0.092036588,S
TISTUD-5960,Bug,2013-12-26T16:18:35.000+0000,FALSE,0.0053234,0,2.38E-31,0.192099912,S
TISTUD-5953,Improvement,2013-12-23T19:53:05.000+0000,FALSE,0.001163699,0,4.21E-30,0.049214318,S
TISTUD-5943,Improvement,2013-12-19T21:44:42.000+0000,FALSE,0.001138544,0,7.82E-37,0.048200601,S
TISTUD-5918,Improvement,2013-12-13T23:14:41.000+0000,FALSE,0.000557139,0,1.10E-37,0.024168143,S
TISTUD-5886,Improvement,2013-12-11T22:45:06.000+0000,FALSE,0.000886582,0,1.83E-34,0.037929189,S
TISTUD-5824,Bug,2013-12-02T21:50:30.000+0000,FALSE,0.002633119,0,1.13E-21,0.104980874,S
TISTUD-5811,Bug,2013-11-28T01:16:34.000+0000,FALSE,0.002636369,0,8.12E-36,0.105097133,S
TISTUD-5767,Bug,2013-11-19T21:47:48.000+0000,FALSE,0.002636926,0,4.27E-28,0.105117054,S
TISTUD-5761,Bug,2013-11-19T10:03:11.000+0000,FALSE,0.003855551,0,1,0.146728282,S
TISTUD-5754,Bug,2013-11-19T07:41:11.000+0000,FALSE,0.012788998,0,7.47E-34,0.365304122,S
TISTUD-5693,Bug,2013-11-12T18:52:12.000+0000,FALSE,0.000904639,0,4.70E-36,0.03867249,S
TISTUD-5686,Bug,2013-11-11T18:33:13.000+0000,FALSE,0.001295009,0,2.66E-35,0.054471886,S
TISTUD-5680,Improvement,2013-11-09T00:51:55.000+0000,FALSE,0.002225302,0,2.23E-31,0.090154324,S
TISTUD-5665,Story,2013-11-06T23:23:50.000+0000,FALSE,0.015108458,0,1.33E-30,0.405308549,S
TISTUD-5664,Improvement,2013-11-06T22:48:33.000+0000,FALSE,0.001391057,0,1.53E-36,0.058281778,S
TISTUD-5663,Improvement,2013-11-06T22:39:04.000+0000,FALSE,0.00229658,0,3.45E-24,0.092780155,S
TISTUD-5662,Bug,2013-11-06T22:24:51.000+0000,FALSE,0.004076379,0,1.72E-37,0.15386821,S
TISTUD-5642,Bug,2013-11-04T18:42:32.000+0000,FALSE,0.000216345,0,7.29E-36,0.009522449,S
TISTUD-5635,Bug,2013-11-01T21:49:42.000+0000,FALSE,0.000599894,0,4.12E-19,0.025975689,S
TISTUD-5622,Improvement,2013-10-29T17:13:38.000+0000,FALSE,0.005595157,0,1.67E-33,0.199989469,S
TISTUD-5621,Bug,2013-10-29T07:56:33.000+0000,FALSE,0.000753459,0,1.66E-36,0.032414473,S
TISTUD-5594,Bug,2013-10-24T10:14:46.000+0000,FALSE,0.001643185,0,1.74E-31,0.068141674,S
TISTUD-5543,Story,2013-10-18T17:25:57.000+0000,FALSE,0.017115866,0,7.03E-34,0.436199047,S
TISTUD-5539,Story,2013-10-17T21:05:00.000+0000,FALSE,0.001334785,0,2.13E-37,0.056053315,S
TISTUD-5513,Bug,2013-10-11T12:14:15.000+0000,FALSE,0.004448409,0,9.34E-35,0.16563732,S
TISTUD-5510,Bug,2013-10-10T22:13:01.000+0000,FALSE,0.002085906,0,5.08E-37,0.084976039,S
TISTUD-5473,Improvement,2013-10-04T22:00:51.000+0000,FALSE,0.01110651,0,2.33E-33,0.33288343,S
TISTUD-5468,Improvement,2013-10-04T21:40:17.000+0000,FALSE,0.003396152,0,3.87E-34,0.131492372,S
TISTUD-5459,Improvement,2013-10-01T21:31:24.000+0000,FALSE,0.00189195,0,1.16E-11,0.077674539,S
TISTUD-5439,Bug,2013-09-07T22:58:34.000+0000,FALSE,0.000188352,0,4.72E-32,0.008300328,S
TISTUD-5424,Bug,2013-09-20T20:54:13.000+0000,FALSE,0.000601964,0,1.82E-26,0.026063047,S
TISTUD-5423,Bug,2013-09-20T20:52:09.000+0000,FALSE,0.001506096,0,1.20E-09,0.062805709,S
TISTUD-5422,Bug,2013-09-20T19:51:33.000+0000,FALSE,0.002361704,0,5.09E-33,0.095166343,S
TISTUD-5421,Bug,2013-09-20T19:40:45.000+0000,FALSE,0.00206554,0,1.12E-33,0.084214631,S
TISTUD-5419,Improvement,2013-09-20T14:49:40.000+0000,FALSE,0.004030979,0,7.34E-26,0.152409813,S
TISTUD-5418,Improvement,2013-09-20T14:46:10.000+0000,FALSE,0.001072515,0,1.03E-26,0.045529648,S
TISTUD-5417,Bug,2013-09-20T14:39:42.000+0000,FALSE,0.001167943,0,4.41E-24,0.04938512,S
TISTUD-5416,Improvement,2013-09-20T14:38:00.000+0000,FALSE,0.000603497,0,7.94E-24,0.026127721,S
TISTUD-5403,Improvement,2013-09-18T05:19:16.000+0000,FALSE,0.008520479,0,1.44E-29,0.27630935,S
TISTUD-5366,Story,2013-09-07T23:59:51.000+0000,FALSE,0.001818244,0,4.50E-27,0.074869957,S
TISTUD-5354,Story,2013-09-06T22:10:43.000+0000,FALSE,0.003637828,0,2.12E-32,0.139572971,S
TISTUD-5338,Bug,2013-08-29T17:05:53.000+0000,FALSE,0.000710369,0,4.76E-26,0.030616147,S
TISTUD-5325,Improvement,2013-08-27T13:24:37.000+0000,FALSE,0.000627341,0,5.48E-34,0.027132633,S
TISTUD-5321,Improvement,2013-08-27T13:18:08.000+0000,FALSE,0.001179115,0,7.42E-37,0.04983451,S
TISTUD-5310,Improvement,2013-08-26T22:22:46.000+0000,FALSE,0.004292652,0,1.92E-33,0.160748978,S
TISTUD-5295,Improvement,2013-08-23T01:45:13.000+0000,FALSE,0.001071608,0,2.94E-15,0.04549285,S
TISTUD-5292,Bug,2013-08-22T19:20:53.000+0000,FALSE,0.00085817,0,7.81E-36,0.036757355,S
TISTUD-5285,Story,2013-08-21T13:29:05.000+0000,FALSE,0.003162249,0,2.21E-34,0.12352965,S
TISTUD-5281,Bug,2013-08-19T04:46:20.000+0000,FALSE,0.001537016,0,8.46E-35,0.064014443,S
TISTUD-5279,Bug,2013-08-19T13:29:47.000+0000,FALSE,0.002950989,0,1.64E-31,0.116214508,S
TISTUD-5247,Bug,2013-08-12T14:50:53.000+0000,FALSE,0.002091115,0,1.51E-15,0.08517056,S
TISTUD-5199,Bug,2013-08-02T21:16:25.000+0000,FALSE,0.003662459,0,4.08E-36,0.140388313,S
TISTUD-5158,Bug,2013-07-26T00:50:54.000+0000,FALSE,0.005596547,0,1,0.200029422,S
TISTUD-5109,Bug,2013-07-15T23:24:54.000+0000,FALSE,0.004374264,0,1,0.163317243,S
TISTUD-5105,Story,2013-07-15T18:41:15.000+0000,FALSE,0.004383423,0,1.37E-26,0.163604526,S
TISTUD-5104,Story,2013-07-15T18:39:36.000+0000,FALSE,0.009697084,0,2.89E-19,0.303158353,S
TISTUD-5077,Improvement,2013-07-03T14:18:17.000+0000,FALSE,0.000297507,0,2.01E-28,0.013049194,S
TISTUD-5046,Story,2013-06-28T20:52:37.000+0000,FALSE,0.000966465,0,1.24E-33,0.041209024,S
TISTUD-5029,Improvement,2013-06-26T10:07:40.000+0000,FALSE,0.009466183,0,2.11E-33,0.298042774,S
TISTUD-5020,Improvement,2013-06-21T22:00:39.000+0000,FALSE,0.00400327,0,3.71E-34,0.151517311,S
TISTUD-5007,Improvement,2013-06-19T22:00:59.000+0000,FALSE,0.003419176,0,1.66E-23,0.132268571,S
TISTUD-4978,Bug,2013-06-17T11:14:05.000+0000,FALSE,0.001491763,0,2.92E-33,0.062244395,S
TISTUD-4977,Story,2013-06-17T16:02:34.000+0000,FALSE,0.001927069,0,4.96E-32,0.079004996,S
TISTUD-4363,Story,2013-04-22T22:17:35.000+0000,FALSE,0.001250185,0,3.16E-37,0.052683528,S
TISTUD-4357,Story,2013-04-22T22:05:33.000+0000,FALSE,0.001243708,0,5.17E-36,0.052424594,S
TISTUD-4022,Improvement,2013-03-30T18:50:44.000+0000,FALSE,0.003702516,0,3.60E-34,0.141711054,S
TISTUD-3970,Improvement,2013-03-28T06:17:16.000+0000,FALSE,0.00321106,0,5.42E-34,0.125203044,S
TISTUD-3863,Improvement,2013-03-19T18:50:22.000+0000,TRUE,0.00384485,0,7.75E-33,0.146379313,S
TISTUD-3805,Story,2013-03-13T17:38:38.000+0000,FALSE,0.002898139,0,1.25E-34,0.114365852,S
TISTUD-3669,Improvement,2013-03-06T21:44:20.000+0000,FALSE,0.001261003,0,3.31E-26,0.053115745,S
TISTUD-3474,Story,2013-02-12T23:46:10.000+0000,FALSE,0.002605733,0,3.01E-36,0.104000018,S
TISTUD-3142,Improvement,2013-01-07T17:31:34.000+0000,FALSE,0.002162502,0,5.09E-36,0.087828527,S
TISTUD-3022,Bug,2012-12-07T06:37:12.000+0000,FALSE,0.000445319,0,2.33E-35,0.019409524,S
TISTUD-2905,Bug,2012-11-30T01:42:52.000+0000,FALSE,0.001093382,0,1.65E-32,0.046375305,S
TISTUD-1594,Story,2012-05-01T11:39:47.000+0000,FALSE,0.006844696,0,3.77E-34,0.234418036,S
TISTUD-1335,Bug,2012-03-13T16:56:33.000+0000,FALSE,0.016340267,0,3.05E-27,0.424637391,S
TISTUD-1108,Improvement,2012-01-27T11:15:21.000+0000,FALSE,0.002578666,0,4.15E-29,0.103028521,S