"issue_key","issuetype","created","sp_change","text_multinomial","text_gaussian","text_bernoulli","text_complement","GROUP"
"USERGRID-1072","Story","2015-10-27T21:46:04.000+0000",False,0.11133094195069669,0.0,0.0032384292324721176,0.43773319718612075,"A"
"USERGRID-777","Bug","2015-07-01T20:39:36.000+0000",False,0.07336602645455584,0.0,0.0008313566286347608,0.32976527477355333,"A"
"USERGRID-748","Bug","2015-06-11T22:46:08.000+0000",False,0.07445475348622208,0.0,0.0014069706822970613,0.3332903469825106,"A"
"USERGRID-1268","Story","2016-02-22T15:48:00.000+0000",False,0.10413175405693027,0.0,0.0027666540458239257,0.4193881487764329,"A"
"USERGRID-614","Story","2015-05-05T15:52:53.000+0000",False,0.19411049062992372,0.0,0.9582723016197512,0.5994878675512679,"A"
"USERGRID-937","Story","2015-08-25T00:46:41.000+0000",False,0.030518139743891504,0.0,8.936635021957196e-06,0.1636127015416646,"A"
"USERGRID-491","Bug","2015-03-18T17:12:40.000+0000",False,0.06931295931232519,0.0,0.0031075439543466025,0.3163838496252352,"A"
"USERGRID-659","Bug","2015-05-13T17:47:52.000+0000",False,0.0799548932407749,0.0,0.0004400435026870338,0.350666854105768,"A"
"USERGRID-395","Story","2015-02-18T18:07:31.000+0000",False,0.049881803402458826,0.0,0.0035107346087284055,0.245996568889957,"A"
"USERGRID-780","Story","2015-07-02T16:58:39.000+0000",False,0.14611654972412008,1.0,0.06250087906434644,0.5153603322802467,"A"
"USERGRID-575","Story","2015-04-17T13:23:24.000+0000",False,0.03211604103684564,0.0,0.0005135560132069458,0.17095050497152334,"A"
"USERGRID-643","Story","2015-05-07T22:10:47.000+0000",False,0.0886268725464549,0.0,0.0008313566286347608,0.3766794174789674,"A"
"USERGRID-1211","Story","2016-01-15T02:24:23.000+0000",False,0.10189604338365704,0.0,0.0016232637175526512,0.4135080582847045,"A"
"USERGRID-704","Bug","2015-06-02T18:38:01.000+0000",False,0.3199229953691237,1.0,0.005816312607655865,0.745114805656461,"A"
"USERGRID-1018","Story","2015-09-11T23:29:20.000+0000",False,0.11985107904124917,0.0,0.003543793767657021,0.45834915182923486,"A"
"USERGRID-486","Story","2015-03-17T15:25:29.000+0000",False,0.050218920085038636,0.0,0.00783160834742511,0.24731408950868974,"A"
"USERGRID-641","Story","2015-05-07T22:04:34.000+0000",False,0.10768097177695499,0.0,0.013945920267380353,0.42854253781721147,"A"
"USERGRID-1016","Story","2015-09-11T22:57:59.000+0000",False,0.11582431253534739,0.0,0.017282970640319903,0.4487480179316154,"A"
"USERGRID-1068","Story","2015-10-27T21:40:43.000+0000",False,0.046923862319296544,0.0,0.021560268239469674,0.2342767565755057,"A"
"USERGRID-709","Story","2015-06-03T19:57:06.000+0000",False,0.06142057644398937,0.0,0.0008313566286347608,0.2890973965810747,"A"
"USERGRID-550","Story","2015-04-07T16:00:33.000+0000",True,0.07212594077094629,0.0,0.0013904713528171315,0.32571470354842996,"A"
"USERGRID-466","Bug","2015-03-09T18:13:43.000+0000",False,0.061290863778572395,0.0,0.004754673270166643,0.2886347234345076,"A"
"USERGRID-757","Bug","2015-06-17T15:18:52.000+0000",False,0.1203502032174416,0.0,0.0008692363844825952,0.45952197173064574,"A"
"USERGRID-669","Story","2015-05-15T16:52:56.000+0000",False,0.13861386138613857,1.0,0.0007423488280616405,0.5,"A"
"USERGRID-645","Story","2015-05-11T16:58:37.000+0000",False,0.07527294375153261,0.0,0.004828287142121494,0.3359205609684222,"A"
"USERGRID-900","Bug","2015-08-04T00:04:50.000+0000",False,0.04148983528681773,0.0,0.0005172180462862924,0.21197175243512645,"A"
"USERGRID-1187","Story","2015-12-30T19:40:02.000+0000",False,0.057842465043101816,0.0,0.0012944313699393064,0.2761582918408376,"A"
"USERGRID-1211","Story","2016-01-15T02:24:23.000+0000",False,0.10189604338365704,0.0,0.0016232637175526512,0.4135080582847045,"A"
"USERGRID-700","Bug","2015-06-01T15:15:13.000+0000",False,0.03994376517789048,0.0,7.061160816705794e-05,0.2054344508316609,"A"
"USERGRID-663","Bug","2015-05-13T17:57:01.000+0000",False,0.13861386138613857,1.0,0.0007423488280616405,0.5,"A"
"USERGRID-1072","Story","2015-10-27T21:46:04.000+0000",False,0.11133094195069669,0.0,0.0032384292324721176,0.43773319718612075,"A"
"USERGRID-779","Story","2015-07-02T16:56:46.000+0000",False,0.06784751289854084,0.0,0.0011460139211151475,0.3114427581430929,"A"
"USERGRID-216","Story","2014-08-15T04:39:59.000+0000",False,0.0608792782540928,0.0,0.0010803982023543407,0.2871634904999328,"A"
"USERGRID-1027","Bug","2015-09-18T21:51:30.000+0000",False,0.0697430132695273,0.0,0.0008088050942228507,0.31782336633998354,"A"
"USERGRID-860","Story","2015-07-15T20:00:24.000+0000",False,0.125765532255085,0.0,0.0008016833097574093,0.4720096686050714,"A"
"USERGRID-1052","Bug","2015-10-21T15:22:36.000+0000",False,0.08893696956184051,0.0,0.011206105905574965,0.37757982536341556,"A"
"USERGRID-532","Story","2015-04-01T17:09:14.000+0000",False,0.06355247879148788,0.0,0.001872620136951329,0.2966343410696214,"A"
"USERGRID-423","Story","2015-02-26T19:11:43.000+0000",False,0.07615046579456504,0.0,0.005867539699637564,0.3387236536984684,"A"
"USERGRID-423","Story","2015-02-26T19:11:43.000+0000",False,0.07615046579456504,0.0,0.005867539699637564,0.3387236536984684,"A"
"USERGRID-502","Story","2015-03-23T20:22:06.000+0000",False,0.05039639963738814,0.0,0.0001566069839747194,0.24800624185811684,"A"
"USERGRID-702","Story","2015-06-01T23:38:09.000+0000",False,0.0211763183914619,0.0,4.5460106320769317e-07,0.11850990345342755,"A"
"USERGRID-572","Story","2015-04-16T16:26:45.000+0000",False,0.09466642697778034,1.0,0.01253325331738177,0.39386530185432217,"A"
"USERGRID-1027","Bug","2015-09-18T21:51:30.000+0000",False,0.0697430132695273,0.0,0.0008088050942228507,0.31782336633998354,"A"
"USERGRID-1075","Story","2015-10-27T23:27:44.000+0000",False,0.11537323679033122,0.0,0.08300453662126793,0.4476568258534795,"A"
"USERGRID-593","Story","2015-04-23T16:36:05.000+0000",False,0.1250674484462583,0.0,0.017777599791587127,0.47042386039595263,"A"
"USERGRID-27","Bug","2014-01-28T00:56:04.000+0000",False,0.11801376554283555,0.0,0.017036057975925886,0.45399935373023215,"A"
"USERGRID-895","Story","2015-07-28T20:20:17.000+0000",False,0.04359906737748833,0.0,0.0002890567912390431,0.22075179196301623,"A"
"USERGRID-418","Story","2015-02-26T01:13:28.000+0000",False,0.036815204999085596,0.0,0.0002788555490963889,0.19193533616764885,"A"
"USERGRID-1038","Story","2015-09-28T16:10:07.000+0000",False,0.06709986424129127,0.0,0.001056576589995809,0.30890033761311037,"A"
"USERGRID-877","Story","2015-07-23T15:04:39.000+0000",False,0.08507440056909678,0.0,0.01562105637501842,0.3662204314718995,"A"
"USERGRID-491","Bug","2015-03-18T17:12:40.000+0000",False,0.06931295931232519,0.0,0.0031075439543466025,0.3163838496252352,"A"
"USERGRID-777","Bug","2015-07-01T20:39:36.000+0000",False,0.07336602645455584,0.0,0.0008313566286347608,0.32976527477355333,"A"
"USERGRID-418","Story","2015-02-26T01:13:28.000+0000",False,0.036815204999085596,0.0,0.0002788555490963889,0.19193533616764885,"A"
"USERGRID-504","Story","2015-03-23T23:34:12.000+0000",False,0.09212018978465612,0.0,0.0005525693167106084,0.38670899704944267,"A"
"USERGRID-751","Story","2015-06-15T16:44:41.000+0000",False,0.16221653059233587,0.0,0.9916081894180213,0.546124282532451,"A"
"USERGRID-1048","Story","2015-10-13T18:18:37.000+0000",False,0.11151397789119644,0.0,0.004309322493078381,0.4381882587838178,"A"
"USERGRID-1079","Story","2015-10-28T17:28:33.000+0000",False,0.0500949295307432,0.0,0.010774862068571731,0.24682993616564666,"A"
"USERGRID-908","Story","2015-08-11T20:28:08.000+0000",False,0.07336602645455584,0.0,0.0008313566286347608,0.32976527477355333,"A"
"USERGRID-644","Bug","2015-05-08T20:53:40.000+0000",False,0.04172490701018704,0.0,0.16291560756282839,0.21295813254491336,"A"
"USERGRID-714","Story","2015-06-03T20:01:36.000+0000",False,0.15667655382093162,1.0,0.013111353044354035,0.5358592616732509,"A"
"USERGRID-465","Story","2015-03-09T15:53:49.000+0000",False,0.09774973231503524,0.0,0.0008253270177847286,0.4023625645636378,"A"
"USERGRID-642","Bug","2015-05-07T22:07:35.000+0000",False,0.08428057471342792,0.0,0.002075985225618146,0.36384649874769764,"A"
"USERGRID-1038","Story","2015-09-28T16:10:07.000+0000",False,0.06709986424129127,0.0,0.001056576589995809,0.30890033761311037,"A"
"USERGRID-29","Bug","2014-01-28T00:57:13.000+0000",False,0.06074004427184092,0.0,0.043918876191485594,0.2866647060811712,"A"
"USERGRID-587","Bug","2015-04-21T22:06:26.000+0000",True,0.10254157903744603,1.0,0.002250158480076181,0.4152150395259126,"A"
"USERGRID-746","Story","2015-06-11T17:33:05.000+0000",False,0.07547135501170475,0.0,0.0006846501163732971,0.3365559620149442,"A"
"USERGRID-545","Story","2015-04-06T00:04:53.000+0000",False,0.05924466427347169,0.0,0.04690527664103869,0.2812728530213095,"A"
"USERGRID-412","Story","2015-02-24T17:23:25.000+0000",False,0.07926872171169674,0.0,0.000654334595565293,0.3485375442766704,"A"
"USERGRID-993","Story","2015-09-02T22:31:47.000+0000",False,0.1332445995391002,0.0,0.4435429207456013,0.4885721173531999,"A"
"USERGRID-612","Bug","2015-04-29T23:15:46.000+0000",False,0.10254157903744603,1.0,0.002250158480076181,0.4152150395259126,"A"
"USERGRID-1072","Story","2015-10-27T21:46:04.000+0000",False,0.11133094195069669,0.0,0.0032384292324721176,0.43773319718612075,"A"
"USERGRID-788","Story","2015-07-08T15:51:57.000+0000",True,0.06190969348307785,0.0,0.9401026979928124,0.2908377763644378,"A"
"USERGRID-563","Story","2015-04-08T20:31:33.000+0000",False,0.08238793323951749,0.0,0.0006364711670531428,0.3581311033635417,"A"
"USERGRID-511","Bug","2015-03-24T20:46:27.000+0000",False,0.08570415835381875,0.0,0.1660808289120588,0.3680940575043139,"A"
"USERGRID-396","Story","2015-02-18T18:39:31.000+0000",False,0.12461991688220549,0.0,0.6569111866011562,0.4694035403725083,"A"
"USERGRID-876","Story","2015-07-22T21:00:59.000+0000",False,0.06461508382130071,0.0,0.00021875003938082692,0.3003441785969666,"A"
"USERGRID-388","Story","2015-02-10T21:24:33.000+0000",False,0.054185157345929935,0.0,0.0014440978856484518,0.2625437532083879,"A"
"USERGRID-432","Story","2015-02-27T17:30:23.000+0000",False,0.09926998077817585,0.0,0.00046863292613486267,0.4064859405564253,"A"
"USERGRID-1076","Story","2015-10-27T23:32:09.000+0000",False,0.09227684551272032,0.0,0.79033458626183,0.3871529882784394,"A"
"USERGRID-589","Story","2015-04-21T22:12:00.000+0000",True,0.09921142644901329,1.0,0.0033495379643828215,0.4063279211753896,"A"
"USERGRID-567","Story","2015-04-10T13:36:32.000+0000",False,0.0499701471152946,0.0,0.009117049764116529,0.24634218939682923,"A"
"USERGRID-405","Story","2015-02-19T19:31:51.000+0000",True,0.18634373700744616,0.0,0.49201555787617735,0.587322052503524,"A"
"USERGRID-766","Story","2015-06-23T22:31:19.000+0000",False,0.06494835751699145,0.0,0.0005926912900093814,0.30150139954570215,"A"
"USERGRID-479","Story","2015-03-12T15:39:24.000+0000",False,0.04227069437382712,0.0,0.001843889789346923,0.21524066018484633,"A"
"USERGRID-697","Bug","2015-06-01T14:33:56.000+0000",False,0.10243831907718609,0.0,0.0006935355097136336,0.4149424938595842,"A"
"USERGRID-474","Story","2015-03-11T20:43:12.000+0000",False,0.059236848966446966,0.0,0.002087302668978874,0.28124450482056274,"A"
"USERGRID-519","Bug","2015-03-25T18:16:02.000+0000",False,0.10752615252923496,0.0,0.24248777780428016,0.4281477458909811,"A"
"USERGRID-719","Bug","2015-06-03T20:13:15.000+0000",False,0.05608184092677051,0.0,0.003015572431823665,0.26965441953748537,"A"
"USERGRID-1052","Bug","2015-10-21T15:22:36.000+0000",False,0.08893696956184051,0.0,0.011206105905574965,0.37757982536341556,"A"
"USERGRID-396","Story","2015-02-18T18:39:31.000+0000",False,0.12461991688220549,0.0,0.6569111866011562,0.4694035403725083,"A"
"USERGRID-644","Bug","2015-05-08T20:53:40.000+0000",False,0.04172490701018704,0.0,0.16291560756282839,0.21295813254491336,"A"
"USERGRID-1187","Story","2015-12-30T19:40:02.000+0000",False,0.057842465043101816,0.0,0.0012944313699393064,0.2761582918408376,"A"
"USERGRID-900","Bug","2015-08-04T00:04:50.000+0000",False,0.04148983528681773,0.0,0.0005172180462862924,0.21197175243512645,"A"
"USERGRID-416","Story","2015-02-25T21:48:03.000+0000",False,0.10005098863615443,1.0,0.0035627989030709087,0.40858756707893956,"A"
"USERGRID-486","Story","2015-03-17T15:25:29.000+0000",False,0.050218920085038636,0.0,0.00783160834742511,0.24731408950868974,"A"
"USERGRID-1029","Bug","2015-09-21T17:26:54.000+0000",False,0.10642760241113991,1.0,0.006254803154526151,0.4253346489513552,"A"
"USERGRID-442","Bug","2015-03-02T18:43:56.000+0000",False,0.031159314170328342,0.0,0.0020986405899468606,0.16656970657642467,"A"
"USERGRID-609","Story","2015-04-28T22:16:25.000+0000",False,0.09183304017078583,0.0,0.0013904713528171315,0.3858938885708005,"A"
"USERGRID-1075","Story","2015-10-27T23:27:44.000+0000",False,0.11537323679033122,0.0,0.08300453662126793,0.4476568258534795,"A"
"USERGRID-609","Story","2015-04-28T22:16:25.000+0000",False,0.09183304017078583,0.0,0.0013904713528171315,0.3858938885708005,"A"
"USERGRID-1072","Story","2015-10-27T21:46:04.000+0000",False,0.026048554965977362,0.0,3.57512114855463e-12,0.3369400969241166,"B"
"USERGRID-752","Story","2015-06-15T17:21:26.000+0000",True,0.021098509422938838,0.0,1.6905407347373854e-09,0.29053447904651175,"B"
"USERGRID-602","Story","2015-04-28T21:47:19.000+0000",False,0.026504608793442717,0.0,4.55705326936495e-13,0.34093384142834204,"B"
"USERGRID-27","Bug","2014-01-28T00:56:04.000+0000",False,0.02457845344690407,0.0,2.1432239027052757e-10,0.3237567096143523,"B"
"USERGRID-442","Bug","2015-03-02T18:43:56.000+0000",False,0.023186854533077096,0.0,0.9999993109745262,0.3108237745161567,"B"
"USERGRID-878","Story","2015-07-23T16:24:55.000+0000",True,0.04343667202187074,0.0,2.3232736034793504e-11,0.4631658625084374,"B"
"USERGRID-572","Story","2015-04-16T16:26:45.000+0000",False,0.024015552320853038,0.0,2.8241341617301877e-12,0.31857982562446296,"B"
"USERGRID-409","Story","2015-02-23T17:37:00.000+0000",True,0.028742726908268915,0.0,5.146473305798659e-09,0.35990703704858057,"B"
"USERGRID-643","Story","2015-05-07T22:10:47.000+0000",False,0.0489304870051125,1.0,1.8037878322409792e-12,0.49431336596269665,"B"
"USERGRID-751","Story","2015-06-15T16:44:41.000+0000",False,0.08650486967111563,0.0,0.4846548804974502,0.6427595554374844,"B"
"USERGRID-695","Bug","2015-06-01T14:31:16.000+0000",False,0.05000000000000001,1.0,4.611957525622331e-13,0.5,"B"
"USERGRID-869","Story","2015-07-20T18:01:35.000+0000",False,0.021403324890298826,0.0,1.4610838168626322e-08,0.293564542057113,"B"
"USERGRID-545","Story","2015-04-06T00:04:53.000+0000",False,0.024374785230316463,0.0,3.398829547897407e-07,0.32189203389311327,"B"
"USERGRID-708","Story","2015-06-03T19:55:53.000+0000",False,0.04630739990416042,0.0,3.865259640508414e-12,0.47986074045829147,"B"
"USERGRID-1067","Story","2015-10-27T21:35:38.000+0000",False,0.02418456312448267,0.0,6.896618154215237e-09,0.3201418606757382,"B"
"USERGRID-544","Story","2015-04-05T16:46:49.000+0000",False,0.027157020893459057,0.0,4.1854566106966275e-11,0.346570564079805,"B"
"USERGRID-1076","Story","2015-10-27T23:32:09.000+0000",False,0.03239242312818902,0.0,1.3361358644424137e-05,0.38877530447650693,"B"
"USERGRID-645","Story","2015-05-11T16:58:37.000+0000",False,0.04000370640850262,0.0,4.29640868557637e-11,0.4418842681956929,"B"
"USERGRID-1267","Story","2016-02-16T17:40:52.000+0000",False,0.033149540641769816,0.0,1.9735746479055746e-11,0.3944664206292789,"B"
"USERGRID-752","Story","2015-06-15T17:21:26.000+0000",True,0.021098509422938838,0.0,1.6905407347373854e-09,0.29053447904651175,"B"
"USERGRID-536","Story","2015-04-01T17:40:01.000+0000",True,0.05914597564052479,0.0,1.624375665758196e-09,0.5442984284959818,"B"
"USERGRID-1027","Bug","2015-09-18T21:51:30.000+0000",False,0.027406819939456224,0.0,1.699994682236892e-10,0.3487053121923105,"B"
"USERGRID-479","Story","2015-03-12T15:39:24.000+0000",False,0.02877020467455519,0.0,0.9941089471386203,0.3601337159110867,"B"
"USERGRID-598","Story","2015-04-28T15:38:29.000+0000",False,0.05000000000000001,1.0,4.611957525622331e-13,0.5,"B"
"USERGRID-576","Story","2015-04-17T13:26:00.000+0000",False,0.03381933037432887,0.0,9.35541009983545e-12,0.3994207286574573,"B"
"USERGRID-700","Bug","2015-06-01T15:15:13.000+0000",False,0.02382119186001184,0.0,5.145570148698327e-10,0.31677528024862,"B"
"USERGRID-645","Story","2015-05-11T16:58:37.000+0000",False,0.04000370640850262,0.0,4.29640868557637e-11,0.4418842681956929,"B"
"USERGRID-543","Story","2015-04-04T18:28:01.000+0000",False,0.028458289702817084,0.0,1.8523513507703397e-11,0.3575518499961091,"B"
"USERGRID-416","Story","2015-02-25T21:48:03.000+0000",False,0.024290230842049537,0.0,4.743727740640068e-13,0.3211151053529024,"B"
"USERGRID-582","Bug","2015-04-21T21:53:13.000+0000",False,0.016821057753734166,0.0,3.155549885952586e-13,0.2453217987196975,"B"
"USERGRID-686","Bug","2015-05-29T17:11:07.000+0000",False,0.02418280463552462,0.0,0.00018667577555050692,0.32012564242320735,"B"
"USERGRID-744","Bug","2015-06-11T17:25:20.000+0000",False,0.05000000000000001,1.0,4.611957525622331e-13,0.5,"B"
"USERGRID-700","Bug","2015-06-01T15:15:13.000+0000",False,0.02382119186001184,0.0,5.145570148698327e-10,0.31677528024862,"B"
"USERGRID-568","Story","2015-04-15T20:26:48.000+0000",True,0.03418286903910519,0.0,1.1853462897464485e-11,0.40207879157711734,"B"
"USERGRID-561","Bug","2015-04-08T16:44:55.000+0000",True,0.028932877392621025,0.0,2.1491330622351628e-12,0.361472670332536,"B"
"USERGRID-519","Bug","2015-03-25T18:16:02.000+0000",False,0.029048157369936326,0.0,7.1410846219790914e-06,0.3624184191241274,"B"
"USERGRID-538","Story","2015-04-03T01:43:17.000+0000",False,0.02813559037236605,0.0,6.575509969716714e-10,0.3548604622042592,"B"
"USERGRID-645","Story","2015-05-11T16:58:37.000+0000",False,0.04000370640850262,0.0,4.29640868557637e-11,0.4418842681956929,"B"
"USERGRID-602","Story","2015-04-28T21:47:19.000+0000",False,0.026504608793442717,0.0,4.55705326936495e-13,0.34093384142834204,"B"
"USERGRID-702","Story","2015-06-01T23:38:09.000+0000",False,0.018197413085516864,0.0,0.00046625464886150694,0.26044213315177256,"B"
"USERGRID-720","Story","2015-06-03T20:34:33.000+0000",False,0.028496499164047843,0.0,9.119149596262695e-12,0.35786915747438025,"B"
"USERGRID-941","Story","2015-08-25T16:35:28.000+0000",False,0.0191681431430908,0.0,2.097440457579062e-12,0.27077139296826797,"B"
"USERGRID-941","Story","2015-08-25T16:35:28.000+0000",False,0.0191681431430908,0.0,2.097440457579062e-12,0.27077139296826797,"B"
"USERGRID-659","Bug","2015-05-13T17:47:52.000+0000",False,0.03993568078654206,1.0,1.8037878322409792e-12,0.4414471037751539,"B"
"USERGRID-581","Story","2015-04-20T22:48:30.000+0000",False,0.01446170386426639,0.0,3.2897678448928136e-12,0.21801955665239964,"B"
"USERGRID-1203","Story","2016-01-11T16:46:42.000+0000",False,0.06038650735296269,0.0,6.233678537514299e-11,0.549768666504666,"B"
"USERGRID-539","Bug","2015-04-03T20:13:14.000+0000",False,0.020242687498980793,0.0,2.1445230244855724e-12,0.28189678794468276,"B"
"USERGRID-697","Bug","2015-06-01T14:33:56.000+0000",False,0.037387891214325765,0.0,1.376292108821611e-12,0.42461300557853954,"B"
"USERGRID-878","Story","2015-07-23T16:24:55.000+0000",True,0.04343667202187074,0.0,2.3232736034793504e-11,0.4631658625084374,"B"
"USERGRID-719","Bug","2015-06-03T20:13:15.000+0000",False,0.0355205088760557,0.0,1.4856561981979735e-10,0.41167644555431004,"B"
"USERGRID-878","Story","2015-07-23T16:24:55.000+0000",True,0.04343667202187074,0.0,2.3232736034793504e-11,0.4631658625084374,"B"
"USERGRID-709","Story","2015-06-03T19:57:06.000+0000",False,0.05000000000000001,1.0,4.611957525622331e-13,0.5,"B"
"USERGRID-641","Story","2015-05-07T22:04:34.000+0000",False,0.03751636474976866,0.0,1.1853462897464485e-11,0.42548393872132817,"B"
"USERGRID-1076","Story","2015-10-27T23:32:09.000+0000",False,0.03239242312818902,0.0,1.3361358644424137e-05,0.38877530447650693,"B"
"USERGRID-388","Story","2015-02-10T21:24:33.000+0000",False,0.019462368236047033,0.0,1.459702435742492e-08,0.2738493666246593,"B"
"USERGRID-511","Bug","2015-03-24T20:46:27.000+0000",False,0.026877989941254468,0.0,6.759951577558812e-08,0.3441707066421818,"B"
"USERGRID-575","Story","2015-04-17T13:23:24.000+0000",False,0.02163454496567234,0.0,2.7854386701836097e-11,0.2958470577992277,"B"
"USERGRID-535","Story","2015-04-01T17:22:04.000+0000",False,0.022404637598799855,0.0,6.3498534809606486e-12,0.30335147632071774,"B"
"USERGRID-692","Bug","2015-06-01T14:28:15.000+0000",False,0.05000000000000001,1.0,4.611957525622331e-13,0.5,"B"
"USERGRID-709","Story","2015-06-03T19:57:06.000+0000",False,0.05000000000000001,1.0,4.611957525622331e-13,0.5,"B"
"USERGRID-937","Story","2015-08-25T00:46:41.000+0000",False,0.027440245046191854,0.0,7.97241722945448e-10,0.34898998376194584,"B"
"USERGRID-462","Bug","2015-03-09T07:47:36.000+0000",False,0.029557587973286205,0.0,2.057203596505018e-11,0.3665670764874504,"B"
"USERGRID-660","Bug","2015-05-13T17:49:36.000+0000",True,0.04049596462276253,0.0,8.551337912088033e-13,0.445029296317033,"B"
"USERGRID-661","Bug","2015-05-13T17:52:38.000+0000",True,0.05000000000000001,1.0,4.611957525622331e-13,0.5,"B"
"USERGRID-1091","Story","2015-11-04T21:23:48.000+0000",False,0.07673833437054944,0.0,6.937214923181072e-10,0.6122850814512915,"B"
"USERGRID-654","Bug","2015-05-13T00:22:32.000+0000",False,0.01637497576238336,0.0,3.434629301067329e-05,0.24029707999335484,"B"
"USERGRID-686","Bug","2015-05-29T17:11:07.000+0000",False,0.02418280463552462,0.0,0.00018667577555050692,0.32012564242320735,"B"
"USERGRID-720","Story","2015-06-03T20:34:33.000+0000",False,0.028496499164047843,0.0,9.119149596262695e-12,0.35786915747438025,"B"
"USERGRID-494","Bug","2015-03-18T23:25:53.000+0000",True,0.03597193022481406,0.0,3.190408245479955e-08,0.4148521121182485,"B"
"USERGRID-416","Story","2015-02-25T21:48:03.000+0000",False,0.024290230842049537,0.0,4.743727740640068e-13,0.3211151053529024,"B"
"USERGRID-709","Story","2015-06-03T19:57:06.000+0000",False,0.05000000000000001,1.0,4.611957525622331e-13,0.5,"B"
"USERGRID-536","Story","2015-04-01T17:40:01.000+0000",True,0.05914597564052479,0.0,1.624375665758196e-09,0.5442984284959818,"B"
"USERGRID-744","Bug","2015-06-11T17:25:20.000+0000",False,0.05000000000000001,1.0,4.611957525622331e-13,0.5,"B"
"USERGRID-719","Bug","2015-06-03T20:13:15.000+0000",False,0.0355205088760557,0.0,1.4856561981979735e-10,0.41167644555431004,"B"
"USERGRID-687","Bug","2015-05-29T20:05:34.000+0000",False,0.027678730333777574,1.0,1.1920136373907447e-12,0.35101445591049646,"B"
"USERGRID-601","Story","2015-04-28T21:46:24.000+0000",False,0.019621735069800392,0.0,2.2137396122992522e-13,0.275506489929039,"B"
"USERGRID-746","Story","2015-06-11T17:33:05.000+0000",False,0.05168129984856663,1.0,7.76832854747233e-11,0.5087102094509007,"B"
"USERGRID-720","Story","2015-06-03T20:34:33.000+0000",False,0.028496499164047843,0.0,9.119149596262695e-12,0.35786915747438025,"B"
"USERGRID-1256","Story","2016-02-08T17:14:13.000+0000",False,0.02502475175378929,0.0,5.0141935938853255e-12,0.32780981634513523,"B"
"USERGRID-502","Story","2015-03-23T20:22:06.000+0000",False,0.018106019075197755,0.0,3.2472496262186238e-12,0.2594556133183817,"B"
"USERGRID-1076","Story","2015-10-27T23:32:09.000+0000",False,0.03239242312818902,0.0,1.3361358644424137e-05,0.38877530447650693,"B"
"USERGRID-642","Bug","2015-05-07T22:07:35.000+0000",False,0.02590063584329053,0.0,0.40955324264107124,0.33563513819274826,"B"
"USERGRID-686","Bug","2015-05-29T17:11:07.000+0000",False,0.02418280463552462,0.0,0.00018667577555050692,0.32012564242320735,"B"
"USERGRID-542","Story","2015-04-03T23:34:32.000+0000",False,0.04862802951834858,0.0,1.3252271096403372e-09,0.49268401233650105,"B"
"USERGRID-889","Story","2015-07-28T20:18:45.000+0000",False,0.01928593470442358,0.0,4.25894349279708e-13,0.2720065494503112,"B"
"USERGRID-609","Story","2015-04-28T22:16:25.000+0000",False,0.029755501347077547,0.0,3.642263892018361e-12,0.3681654629023721,"B"
"USERGRID-707","Story","2015-06-02T21:59:41.000+0000",False,0.035388737386875896,0.0,2.6373991226462036e-08,0.4107435128057922,"B"
"USERGRID-412","Story","2015-02-24T17:23:25.000+0000",False,0.029984130799672177,0.0,3.805345370867962e-12,0.37000271093657233,"B"
"USERGRID-729","Bug","2015-06-08T03:29:36.000+0000",False,0.026671270538924933,0.0,2.0100605399757338e-10,0.34238227508305974,"B"
"USERGRID-1015","Story","2015-09-11T16:47:48.000+0000",False,0.033651217490676504,0.0,9.727146874913876e-12,0.3981842225711156,"B"
"USERGRID-1058","Story","2015-10-22T15:13:54.000+0000",False,0.08668741392053463,0.0,1.3153302862907977e-11,0.6432893077077195,"B"
"USERGRID-518","Bug","2015-03-25T18:06:24.000+0000",False,0.05000000000000001,1.0,4.611957525622331e-13,0.5,"B"
"USERGRID-729","Bug","2015-06-08T03:29:36.000+0000",False,0.026671270538924933,0.0,2.0100605399757338e-10,0.34238227508305974,"B"
"USERGRID-779","Story","2015-07-02T16:56:46.000+0000",False,0.03060763979378355,0.0,2.662275089294558e-12,0.37496362682212603,"B"
"USERGRID-602","Story","2015-04-28T21:47:19.000+0000",False,0.026504608793442717,0.0,4.55705326936495e-13,0.34093384142834204,"B"
"USERGRID-882","Story","2015-07-28T17:22:50.000+0000",False,0.027678730333777574,1.0,1.1920136373907447e-12,0.35101445591049646,"B"
"USERGRID-908","Story","2015-08-11T20:28:08.000+0000",False,0.050001683208386896,0.0,1.1800846318552338e-11,0.500008858850245,"B"
"USERGRID-751","Story","2015-06-15T16:44:41.000+0000",False,0.08650486967111563,0.0,0.4846548804974502,0.6427595554374844,"B"
"USERGRID-889","Story","2015-07-28T20:18:45.000+0000",False,0.01928593470442358,0.0,4.25894349279708e-13,0.2720065494503112,"B"
"USERGRID-618","Story","2015-05-05T20:01:33.000+0000",False,0.011814544727381667,0.0,1.5146639452574877e-13,0.18511043134821956,"B"
"USERGRID-662","Bug","2015-05-13T17:53:21.000+0000",True,0.05000000000000001,1.0,4.611957525622331e-13,0.5,"B"
"USERGRID-1210","Story","2016-01-13T20:40:04.000+0000",False,0.0350063314673576,1.0,4.1166140995569345e-07,0.2578784128319098,"S"
"USERGRID-1077","Story","2015-10-27T23:43:20.000+0000",False,0.02247361058394756,0.0,0.00023245142626385811,0.18047748740026326,"S"
"USERGRID-1074","Story","2015-10-27T22:11:01.000+0000",False,0.06951131136329852,0.0,6.828568004613175e-06,0.41710897744755426,"S"
"USERGRID-1073","Story","2015-10-27T21:46:13.000+0000",False,0.03865814186071313,0.0,4.620517925950703e-07,0.2780801057734579,"S"
"USERGRID-1071","Story","2015-10-27T21:45:54.000+0000",False,0.058053475698548206,0.0,5.0350131919796454e-06,0.37121307668258513,"S"
"USERGRID-1069","Story","2015-10-27T21:41:32.000+0000",False,0.09452736318407959,1.0,5.310939778091846e-07,0.5,"S"
"USERGRID-1023","Story","2015-09-16T18:18:31.000+0000",False,0.05550750618391559,0.0,6.48989371707631e-06,0.36018488711210417,"S"
"USERGRID-1022","Story","2015-09-15T19:09:42.000+0000",False,0.08448006464666387,0.0,5.995345232626408e-06,0.4691868848589462,"S"
"USERGRID-1013","Story","2015-09-10T20:48:43.000+0000",False,0.09474222379154935,1.0,1.4135872348061424e-06,0.5006269344144196,"S"
"USERGRID-1005","Story","2015-09-08T17:08:07.000+0000",False,0.08711347112857312,1.0,3.83148982583982e-06,0.477557003991789,"S"
"USERGRID-992","Story","2015-09-02T20:35:18.000+0000",False,0.07315374200288872,0.0,5.420419617683513e-07,0.43053793931236967,"S"
"USERGRID-991","Story","2015-09-02T20:25:11.000+0000",False,0.05300188629516142,0.0,1.1659639621532696e-06,0.3490081405819158,"S"
"USERGRID-950","Story","2015-08-26T21:53:32.000+0000",False,0.07163238600226712,1.0,4.7174540237003945e-06,0.42499219952800743,"S"
"USERGRID-938","Story","2015-08-25T14:52:57.000+0000",False,0.0702919883645869,0.0,6.388170670256014e-05,0.4200312683566512,"S"
"USERGRID-909","Story","2015-08-13T18:06:37.000+0000",False,0.18032337520904193,0.0,0.142181974938155,0.6781776465952255,"S"
"USERGRID-907","Bug","2015-08-11T17:03:13.000+0000",False,0.04917150405707758,0.0,1.238721786052322e-06,0.3312688725542286,"S"
"USERGRID-898","Story","2015-07-28T23:50:27.000+0000",False,0.03406486995735956,0.0,1.1656743410195478e-07,0.25251146303323135,"S"
"USERGRID-894","Story","2015-07-28T20:20:11.000+0000",False,0.030553200895225403,0.0,1.3933833380532644e-06,0.23188668629434311,"S"
"USERGRID-893","Story","2015-07-28T20:19:54.000+0000",False,0.029856139517457483,0.0,9.393599802355421e-07,0.2276750189445646,"S"
"USERGRID-892","Story","2015-07-28T20:19:38.000+0000",False,0.022068803233665873,0.0,3.4585547071721443e-07,0.17774412472895226,"S"
"USERGRID-891","Story","2015-07-28T20:19:16.000+0000",False,0.038588470055864646,0.0,1.0236228114585533e-05,0.2777035822272046,"S"
"USERGRID-890","Story","2015-07-28T20:19:00.000+0000",False,0.02700798323387535,0.0,1.2396078119035471e-05,0.21004143534683536,"S"
"USERGRID-880","Story","2015-07-27T16:20:33.000+0000",False,0.13754754617765189,0.0,5.119315906875141e-06,0.6043819964399096,"S"
"USERGRID-861","Story","2015-07-15T20:49:04.000+0000",False,0.026864788323122217,0.0,0.00025444390189608904,0.209136393190146,"S"
"USERGRID-851","Story","2015-07-14T21:03:01.000+0000",False,0.043698639010358045,0.0,0.00039644592897524313,0.30445160948851974,"S"
"USERGRID-840","Story","2015-07-13T16:15:58.000+0000",True,0.04112175851490659,0.0,0.011282025099550539,0.2911802009769843,"S"
"USERGRID-778","Bug","2015-07-01T20:42:02.000+0000",False,0.07529453030358584,1.0,1.9428610671393615e-05,0.43819271630902085,"S"
"USERGRID-760","Story","2015-06-19T15:36:11.000+0000",False,0.021504770174142297,0.0,1.3341278484896817e-06,0.17390890492322836,"S"
"USERGRID-759","Bug","2015-06-17T23:09:24.000+0000",False,0.03352405036343738,0.0,2.800181916932717e-06,0.249397987524801,"S"
"USERGRID-745","Bug","2015-06-11T17:28:12.000+0000",False,0.04414084725808137,0.0,5.491807596902034e-07,0.3066862779227014,"S"
"USERGRID-739","Story","2015-06-09T22:31:26.000+0000",False,0.06778985059239534,0.0,0.00579981448848836,0.41057761196817905,"S"
"USERGRID-726","Story","2015-06-06T00:06:48.000+0000",False,0.10375146143084275,0.0,0.00010692498800530852,0.5258140756600076,"S"
"USERGRID-725","Bug","2015-06-05T22:17:12.000+0000",False,0.01958209795127875,0.0,0.12409220760043829,0.16059664667393406,"S"
"USERGRID-715","Story","2015-06-03T20:02:20.000+0000",False,0.07558963346830638,1.0,1.4079184870655681e-06,0.4392345347620273,"S"
"USERGRID-713","Story","2015-06-03T20:01:05.000+0000",False,0.09271878620569345,1.0,1.3279398061448501e-05,0.49467179308911835,"S"
"USERGRID-706","Story","2015-06-02T21:40:19.000+0000",False,0.027215690567299482,0.0,9.400737455642554e-07,0.21135101477473178,"S"
"USERGRID-703","Bug","2015-06-01T23:56:21.000+0000",False,0.038783169176763714,0.0,1.619345476431607e-07,0.2787549372624139,"S"
"USERGRID-699","Bug","2015-06-01T14:44:30.000+0000",False,0.06531917209170583,0.0,1.1617622713628044e-06,0.4009875965720319,"S"
"USERGRID-698","Bug","2015-06-01T14:35:18.000+0000",False,0.09452736318407959,1.0,5.310939778091846e-07,0.5,"S"
"USERGRID-693","Bug","2015-06-01T14:29:13.000+0000",False,0.06770964863547384,0.0,5.841654093034632e-07,0.4102703439698918,"S"
"USERGRID-690","Bug","2015-05-29T23:07:26.000+0000",False,0.09452736318407959,1.0,5.310939778091846e-07,0.5,"S"
"USERGRID-689","Bug","2015-05-29T22:56:05.000+0000",False,0.07604098165000077,0.0,1.619345476431607e-07,0.4408217779685837,"S"
"USERGRID-680","Story","2015-05-26T16:54:59.000+0000",True,0.14737074591062554,0.0,2.1633808385237023e-05,0.6234445198253948,"S"
"USERGRID-678","Bug","2015-05-24T15:43:39.000+0000",False,0.11377001493919399,0.0,4.491148113263397e-06,0.5515091654135215,"S"
"USERGRID-677","Story","2015-05-21T22:55:46.000+0000",True,0.06204721831936185,0.0,0.31477492393861567,0.38787907611610123,"S"
"USERGRID-676","Story","2015-05-21T22:49:30.000+0000",False,0.08361929717453305,0.0,0.0002816051817316144,0.4664032342317664,"S"
"USERGRID-675","Story","2015-05-21T16:31:46.000+0000",False,0.049714169023109545,0.0,0.09741832081732388,0.3338317544609411,"S"
"USERGRID-664","Bug","2015-05-13T17:59:53.000+0000",False,0.09452736318407959,1.0,5.310939778091846e-07,0.5,"S"
"USERGRID-652","Story","2015-05-13T00:14:56.000+0000",False,0.038185242284645086,0.0,0.16153370698700717,0.2755177810692884,"S"
"USERGRID-647","Bug","2015-05-12T17:08:09.000+0000",False,0.023824162535188306,0.0,0.17694357968072846,0.18948273577677507,"S"
"USERGRID-639","Bug","2015-05-06T20:27:10.000+0000",False,0.040335347846586184,0.0,4.125199996284585e-05,0.28704322248640257,"S"
"USERGRID-592","Story","2015-04-22T18:40:25.000+0000",True,0.030455167818040047,0.0,2.427190520536176e-05,0.2312967806686527,"S"
"USERGRID-584","Bug","2015-04-21T21:55:05.000+0000",True,0.03585159728052062,0.0,3.6555438529354103e-07,0.2626404972250376,"S"
"USERGRID-578","Bug","2015-04-17T15:35:12.000+0000",False,0.14490302484817566,0.0,1.133698638128294e-05,0.6187904705579986,"S"
"USERGRID-549","Story","2015-04-07T00:03:36.000+0000",True,0.06860488980383067,0.0,1.8094948345440764e-05,0.4136850758258829,"S"
"USERGRID-548","Story","2015-04-06T17:50:54.000+0000",False,0.05166037302012033,0.0,1.7412034753541957e-06,0.3428872416752657,"S"
"USERGRID-541","Story","2015-04-03T20:23:06.000+0000",False,0.0555846861457759,0.0,0.0024811217991263386,0.36052399630381793,"S"
"USERGRID-533","Story","2015-04-01T17:18:30.000+0000",False,0.03447503225767486,0.0,2.2123116848111228e-07,0.2548578827837703,"S"
"USERGRID-530","Bug","2015-04-01T16:15:06.000+0000",False,0.03760478293622326,0.0,2.9012368285362387e-05,0.27235117332904724,"S"
"USERGRID-529","Bug","2015-04-01T15:07:23.000+0000",True,0.019853924001290105,0.0,1.0191890415168954e-06,0.16250150008842454,"S"
"USERGRID-527","Story","2015-03-31T17:19:17.000+0000",False,0.09249914789267477,0.0,0.0007301182161389919,0.4940184442055512,"S"
"USERGRID-509","Story","2015-03-24T20:13:37.000+0000",True,0.08485495657280101,0.0,0.0026695835722024847,0.47039181666619756,"S"
"USERGRID-507","Bug","2015-03-24T18:36:06.000+0000",False,0.0273617714700329,0.0,0.9985438248739765,0.21226978009626,"S"
"USERGRID-493","Story","2015-03-18T21:47:22.000+0000",True,0.023918162607142784,0.0,2.961849661050261e-07,0.1901030671010765,"S"
"USERGRID-490","Story","2015-03-18T11:56:36.000+0000",False,0.05318534786201297,0.0,0.05745471476546014,0.34983769741292664,"S"
"USERGRID-478","Story","2015-03-12T15:34:26.000+0000",False,0.04800712039270494,0.0,1.2362685361808199e-06,0.32571271553362624,"S"
"USERGRID-461","Bug","2015-03-09T06:21:19.000+0000",False,0.17118871342415137,0.0,0.9983816638499231,0.6642611520227292,"S"
"USERGRID-448","Bug","2015-03-03T14:36:17.000+0000",True,0.029210386053668973,0.0,0.00010256220604761622,0.22373741522218416,"S"
"USERGRID-443","Story","2015-03-02T21:12:16.000+0000",False,0.06992305274553147,0.0,0.00016447863411723186,0.41865328897520404,"S"
"USERGRID-419","Bug","2015-02-26T16:42:37.000+0000",False,0.03542726031225827,0.0,3.458139773117316e-05,0.260256475327898,"S"
"USERGRID-415","Bug","2015-02-25T02:37:04.000+0000",True,0.02131203172672521,0.0,0.9795113481729943,0.17259116022263227,"S"
"USERGRID-393","Story","2015-02-17T19:10:25.000+0000",True,0.06610781511916007,0.0,4.6839528209442434e-06,0.4040769258208304,"S"
