"issue_key","sp_change","type","t0","t1","t2","t3","t4","t5","t6","t7","t8","t9"
"TISTUD-4831",False,"train",0.0,0.0,0.0,0.0,0.0,0.0,0.9624910950660706,0.0,0.0,0.0
"TISTUD-8526",False,"train",0.0,0.0,0.9915028214454651,0.0,0.0,0.0,0.0,0.0,0.0,0.0
"TISTUD-5473",False,"train",0.0,0.0,0.0,0.0,0.0,0.0,0.9526219964027405,0.0,0.0,0.0
"TISTUD-5503",False,"train",0.0,0.0,0.0,0.0,0.0,0.0,0.0,0.0,0.0,0.9709582924842834
"TISTUD-8652",False,"train",0.0,0.9718618392944336,0.0,0.0,0.0,0.0,0.0,0.0,0.0,0.0
"TISTUD-7659",False,"train",0.0,0.0,0.0,0.0,0.0,0.0,0.0,0.0,0.0,0.9742797613143921
"TISTUD-6155",False,"train",0.0,0.0,0.0,0.0,0.9816291332244873,0.0,0.0,0.0,0.0,0.0
"TISTUD-9043",False,"train",0.0,0.0,0.0,0.0,0.0,0.0,0.9795346856117249,0.0,0.0,0.0
"TISTUD-3474",False,"train",0.0,0.0,0.0,0.9624789953231812,0.0,0.0,0.0,0.0,0.0,0.0
"TISTUD-7511",False,"train",0.0,0.0,0.9899969100952148,0.0,0.0,0.0,0.0,0.0,0.0,0.0
"TISTUD-8652",False,"train",0.0,0.9718618392944336,0.0,0.0,0.0,0.0,0.0,0.0,0.0,0.0
"TISTUD-5441",False,"train",0.0,0.0,0.0,0.0,0.0,0.0,0.0,0.0,0.0,0.9774929881095886
"TISTUD-9075",False,"train",0.0,0.0,0.0,0.0,0.0,0.0,0.0,0.0,0.0,0.9879961013793945
"TISTUD-5007",False,"train",0.0,0.0,0.0,0.0,0.0,0.0,0.9874974489212036,0.0,0.0,0.0
"TISTUD-8536",False,"train",0.0,0.0,0.0,0.0,0.0,0.0,0.0,0.0,0.9709561467170715,0.0
"TISTUD-8454",False,"train",0.0,0.0,0.9608598947525024,0.0,0.0,0.0,0.0,0.0,0.0,0.0
"TISTUD-2948",False,"train",0.0,0.0,0.0,0.0,0.0,0.9549835920333862,0.0,0.0,0.0,0.0
"TISTUD-7899",False,"train",0.0,0.9499822854995728,0.0,0.0,0.0,0.0,0.0,0.0,0.0,0.0
"TISTUD-5195",False,"train",0.0,0.0,0.0,0.0,0.0,0.0,0.0,0.0,0.0,0.9799951314926147
"TISTUD-5808",False,"train",0.9804266095161438,0.0,0.0,0.0,0.0,0.0,0.0,0.0,0.0,0.0
"TISTUD-7910",False,"train",0.0,0.0,0.0,0.0,0.0,0.9499856233596802,0.0,0.0,0.0,0.0
"TISTUD-4783",False,"train",0.0,0.0,0.0,0.0,0.0,0.0,0.0,0.0,0.0,0.959075927734375
"TISTUD-8880",True,"train",0.0,0.0,0.0,0.9399806261062622,0.0,0.0,0.0,0.0,0.0,0.0
"TISTUD-7708",False,"train",0.0,0.0,0.0,0.0,0.0,0.0,0.9892817139625549,0.0,0.0,0.0
"TISTUD-6009",False,"train",0.698823094367981,0.0,0.0,0.0,0.0,0.0,0.0,0.0,0.0,0.2894083857536316
"TISTUD-7251",False,"train",0.0,0.0,0.0,0.0,0.0,0.0,0.0,0.9213374257087708,0.07414013892412186,0.0
"TISTUD-8977",False,"train",0.0,0.0,0.0,0.0,0.0,0.9678427577018738,0.0,0.0,0.0,0.0
"TISTUD-8454",False,"train",0.0,0.0,0.9608598947525024,0.0,0.0,0.0,0.0,0.0,0.0,0.0
"TISTUD-6446",False,"train",0.0,0.0,0.0,0.9470377564430237,0.0,0.0,0.0,0.0,0.0,0.0
"TISTUD-5071",False,"train",0.0,0.0,0.0,0.9906232357025146,0.0,0.0,0.0,0.0,0.0,0.0
"TISTUD-7781",False,"train",0.0,0.0,0.3246036171913147,0.0,0.0,0.0,0.2195233851671219,0.4382683336734772,0.0,0.0
"TISTUD-5365",False,"train",0.9769159555435181,0.0,0.0,0.0,0.0,0.0,0.0,0.0,0.0,0.0
"TISTUD-7624",False,"train",0.0,0.0,0.2881982624530792,0.0,0.0,0.0,0.0,0.0,0.0,0.7015421390533447
"TISTUD-5960",False,"train",0.9816287159919739,0.0,0.0,0.0,0.0,0.0,0.0,0.0,0.0,0.0
"TISTUD-5285",False,"train",0.9571274518966675,0.0,0.0,0.0,0.0,0.0,0.0,0.0,0.0,0.0
"TISTUD-1541",False,"train",0.6729929447174072,0.0,0.3011915981769562,0.0,0.0,0.0,0.0,0.0,0.0,0.0
"TISTUD-6124",False,"train",0.0,0.0,0.4630204141139984,0.0,0.0,0.0,0.5119685530662537,0.0,0.0,0.0
"TISTUD-5473",False,"train",0.0,0.0,0.0,0.0,0.0,0.0,0.9526219964027405,0.0,0.0,0.0
"TISTUD-5283",False,"train",0.0,0.0,0.0,0.9888862371444702,0.0,0.0,0.0,0.0,0.0,0.0
"TISTUD-8665",False,"train",0.0,0.0,0.0,0.0,0.0,0.0,0.0,0.9756622314453125,0.0,0.0
"TISTUD-4956",False,"train",0.0,0.0,0.0,0.0,0.0,0.0,0.0,0.0,0.0,0.9769191741943359
"TISTUD-8580",False,"train",0.0,0.0,0.0,0.0,0.9104894399642944,0.08477461338043213,0.0,0.0,0.0,0.0
"TISTUD-4356",False,"train",0.0,0.0,0.0,0.0,0.0,0.0,0.9571287631988525,0.0,0.0,0.0
"TISTUD-7473",False,"train",0.0,0.0,0.0,0.0,0.0,0.0,0.0,0.0,0.988309383392334,0.0
"TISTUD-7942",False,"train",0.1225854754447937,0.0,0.0,0.0,0.0,0.0,0.0,0.8654702305793762,0.0,0.0
"TISTUD-6847",True,"train",0.0,0.0,0.0,0.0,0.0,0.0,0.21757028996944427,0.7673225998878479,0.0,0.0
"TISTUD-7461",False,"train",0.43069466948509216,0.0,0.0,0.0,0.0,0.0,0.0,0.0,0.0,0.5569944977760315
"TISTUD-5943",False,"train",0.5645735263824463,0.0,0.0,0.40577858686447144,0.0,0.0,0.0,0.0,0.0,0.0
"TISTUD-8010",False,"train",0.0,0.0,0.0,0.0,0.0,0.0,0.0,0.9808470606803894,0.0,0.0
"TISTUD-6148",False,"train",0.0,0.6443250775337219,0.0,0.0,0.0,0.0,0.0,0.0,0.34296926856040955,0.0
"TISTUD-8764",False,"train",0.0,0.0,0.0,0.0,0.0,0.0,0.0,0.0,0.9763095378875732,0.0
"TISTUD-8652",False,"train",0.0,0.9718618392944336,0.0,0.0,0.0,0.0,0.0,0.0,0.0,0.0
"TISTUD-5471",False,"train",0.0,0.0,0.0,0.0,0.0,0.0,0.0,0.96664959192276,0.0,0.0
"TISTUD-8713",False,"train",0.0,0.0,0.0,0.0,0.47614917159080505,0.0,0.0,0.4971718490123749,0.0,0.0
"TISTUD-5151",False,"train",0.0,0.0,0.0,0.0,0.0,0.0,0.0,0.0,0.0,0.9944385886192322
"TISTUD-6443",False,"train",0.0,0.0,0.0,0.9399718642234802,0.0,0.0,0.0,0.0,0.0,0.0
"TISTUD-8577",False,"train",0.0,0.997194766998291,0.0,0.0,0.0,0.0,0.0,0.0,0.0,0.0
"TISTUD-2948",False,"train",0.0,0.0,0.0,0.0,0.0,0.9549835920333862,0.0,0.0,0.0,0.0
"TISTUD-8865",False,"train",0.0,0.0,0.0,0.0,0.0,0.0,0.0,0.9437369108200073,0.0,0.0
"TISTUD-5168",False,"train",0.0,0.0,0.0,0.0,0.0,0.0,0.0,0.0,0.9608569741249084,0.0
"TISTUD-8847",False,"train",0.0,0.0,0.6557796597480774,0.0,0.0,0.3371860384941101,0.0,0.0,0.0,0.0
"TISTUD-8925",False,"train",0.0,0.0,0.0,0.0,0.0,0.0,0.0,0.0,0.988602876663208,0.0
"TISTUD-5622",False,"train",0.0,0.0,0.379895955324173,0.0,0.0,0.0,0.6019154191017151,0.0,0.0,0.0
"TISTUD-8939",False,"train",0.0,0.0,0.0,0.0,0.0,0.0,0.0,0.0,0.0,0.9847405552864075
"TISTUD-9047",False,"train",0.08744366466999054,0.0,0.0,0.0,0.0,0.8971656560897827,0.0,0.0,0.0,0.0
"TISTUD-8457",False,"train",0.0,0.0,0.9718660712242126,0.0,0.0,0.0,0.0,0.0,0.0,0.0
"TISTUD-7461",False,"train",0.43069466948509216,0.0,0.0,0.0,0.0,0.0,0.0,0.0,0.0,0.5569944977760315
"TISTUD-9045",False,"train",0.0,0.0,0.9836295247077942,0.0,0.0,0.0,0.0,0.0,0.0,0.0
"TISTUD-7612",False,"train",0.0,0.0,0.0,0.0,0.0,0.0,0.0,0.0,0.9763096570968628,0.0
"TISTUD-6425",False,"train",0.6096730828285217,0.0,0.0,0.0,0.36364975571632385,0.0,0.0,0.0,0.0,0.0
"TISTUD-9156",True,"train",0.0,0.0,0.3136272132396698,0.0,0.0,0.0,0.0,0.6658502817153931,0.0,0.0
"TISTUD-5338",False,"train",0.0,0.0,0.9530760645866394,0.0,0.0,0.0,0.0,0.03679371252655983,0.0,0.0
"TISTUD-5069",False,"train",0.0,0.0,0.0,0.990623414516449,0.0,0.0,0.0,0.0,0.0,0.0
"TISTUD-5366",False,"train",0.0,0.0,0.12327339500188828,0.0,0.0,0.5702977776527405,0.0,0.0,0.0,0.2969643175601959
"TISTUD-6155",False,"train",0.0,0.0,0.0,0.0,0.9816291332244873,0.0,0.0,0.0,0.0,0.0
"TISTUD-8971",False,"train",0.0,0.0,0.0,0.0,0.0,0.0,0.0,0.9229791164398193,0.047377102077007294,0.0
"TISTUD-9118",False,"train",0.0,0.0,0.9954065084457397,0.0,0.0,0.0,0.0,0.0,0.0,0.0
"TISTUD-9116",False,"train",0.0,0.9975525140762329,0.0,0.0,0.0,0.0,0.0,0.0,0.0,0.0
"TISTUD-4930",False,"train",0.0,0.0,0.0,0.0,0.0,0.0,0.0,0.0,0.0,0.9907184839248657
"TISTUD-8866",False,"train",0.0,0.0,0.0,0.0,0.0,0.0,0.0,0.0,0.0,0.9470474123954773
"TISTUD-5960",False,"train",0.9816287159919739,0.0,0.0,0.0,0.0,0.0,0.0,0.0,0.0,0.0
"TISTUD-5960",False,"train",0.9816287159919739,0.0,0.0,0.0,0.0,0.0,0.0,0.0,0.0,0.0
"TISTUD-5660",False,"train",0.0,0.0,0.0,0.0,0.5218527317047119,0.0,0.16871367394924164,0.0,0.28942692279815674,0.0
"TISTUD-6580",False,"train",0.9812398552894592,0.0,0.0,0.0,0.0,0.0,0.0,0.0,0.0,0.0
"TISTUD-6531",False,"train",0.0,0.0,0.9749904870986938,0.0,0.0,0.0,0.0,0.0,0.0,0.0
"TISTUD-5078",False,"train",0.0,0.0,0.0,0.9906232953071594,0.0,0.0,0.0,0.0,0.0,0.0
"TISTUD-5059",False,"train",0.0,0.9780380129814148,0.0,0.0,0.0,0.0,0.0,0.0,0.0,0.0
"TISTUD-4831",False,"train",0.0,0.0,0.0,0.0,0.0,0.0,0.9624910950660706,0.0,0.0,0.0
"TISTUD-8458",False,"train",0.0,0.0,0.7296519875526428,0.06618888676166534,0.20363342761993408,0.0,0.0,0.0,0.0,0.0
"TISTUD-8747",False,"train",0.0,0.0,0.9549785852432251,0.0,0.0,0.0,0.0,0.0,0.0,0.0
"TISTUD-6677",False,"train",0.0,0.0,0.978564977645874,0.0,0.0,0.0,0.0,0.0,0.0,0.0
"TISTUD-5195",False,"train",0.0,0.0,0.0,0.0,0.0,0.0,0.0,0.0,0.0,0.9799951314926147
"TISTUD-5195",False,"train",0.0,0.0,0.0,0.0,0.0,0.0,0.0,0.0,0.0,0.9799951314926147
"TISTUD-5510",False,"train",0.9709598422050476,0.0,0.0,0.0,0.0,0.0,0.0,0.0,0.0,0.0
"TISTUD-9093",False,"train",0.0,0.0,0.0,0.0,0.0,0.0,0.0,0.0,0.0,0.9763105511665344
"TISTUD-4675",False,"train",0.0,0.0,0.0,0.0,0.0,0.0,0.0,0.0,0.9900981783866882,0.0
"TISTUD-5364",False,"train",0.962489128112793,0.0,0.0,0.0,0.0,0.0,0.0,0.0,0.0,0.0
"TISTUD-5093",False,"train",0.0,0.0,0.0,0.0,0.0,0.0,0.0,0.0,0.0,0.9639815092086792
"TISTUD-8919",False,"train",0.0,0.0,0.0,0.0,0.0,0.0,0.0,0.0,0.0,0.9878212809562683
"TISTUD-5551",False,"train",0.0,0.0,0.0,0.0,0.0,0.0,0.0,0.4733526408672333,0.0,0.5128418803215027
"TISTUD-5663",False,"train",0.0,0.0,0.0,0.0,0.0,0.0,0.9819901585578918,0.0,0.0,0.0
"TISTUD-6940",True,"train",0.34341904520988464,0.0,0.0,0.0,0.0,0.6430147886276245,0.0,0.0,0.0,0.0
"TISTUD-7463",False,"train",0.9878323078155518,0.0,0.0,0.0,0.0,0.0,0.0,0.0,0.0,0.0
"TISTUD-7639",False,"train",0.0,0.0,0.0,0.0,0.6306539177894592,0.0,0.0,0.3515627384185791,0.0,0.0
"TISTUD-9097",False,"train",0.0,0.0,0.9774940609931946,0.0,0.0,0.0,0.0,0.0,0.0,0.0
"TISTUD-9097",False,"train",0.0,0.0,0.9774940609931946,0.0,0.0,0.0,0.0,0.0,0.0,0.0
"TISTUD-4251",False,"train",0.0,0.0,0.0,0.0,0.0,0.0,0.0,0.2503416836261749,0.2035902589559555,0.5092161893844604
"TISTUD-6458",False,"train",0.9653756022453308,0.0,0.0,0.0,0.0,0.0,0.0,0.0,0.0,0.0
"TISTUD-8998",False,"train",0.0,0.9571360945701599,0.0,0.0,0.0,0.0,0.0,0.0,0.0,0.0
"TISTUD-8922",False,"train",0.0,0.0,0.0,0.0,0.0,0.0,0.0,0.9816267490386963,0.0,0.0
"TISTUD-6507",False,"train",0.0,0.0,0.974994957447052,0.0,0.0,0.0,0.0,0.0,0.0,0.0
"TISTUD-7474",False,"train",0.0,0.0,0.0,0.0,0.0,0.0,0.0,0.0,0.98928302526474,0.0
"TISTUD-5061",False,"train",0.0,0.0,0.7871449589729309,0.0,0.0,0.02842540107667446,0.16850347816944122,0.0,0.0,0.0
"TISTUD-7018",False,"train",0.0,0.0,0.979475200176239,0.0,0.0,0.0,0.0,0.0,0.0,0.0
"TISTUD-5422",False,"train",0.0,0.0,0.0,0.0,0.0,0.0,0.9804282784461975,0.0,0.0,0.0
"TISTUD-6888",False,"train",0.0,0.0,0.0,0.0,0.0,0.0,0.0,0.0,0.9790520071983337,0.0
"TISTUD-8010",False,"train",0.0,0.0,0.0,0.0,0.0,0.0,0.0,0.9808470606803894,0.0,0.0
"TISTUD-7479",False,"train",0.19774611294269562,0.0,0.0,0.0,0.0,0.0,0.5878539085388184,0.0,0.206431046128273,0.0
"TISTUD-5324",False,"train",0.0,0.0,0.08654598146677017,0.0,0.0,0.8689926862716675,0.0,0.0,0.0,0.0
"TISTUD-8859",False,"train",0.0,0.0,0.0,0.0,0.9916637539863586,0.0,0.0,0.0,0.0,0.0
"TISTUD-9043",False,"train",0.0,0.0,0.0,0.0,0.0,0.0,0.9795346856117249,0.0,0.0,0.0
"TISTUD-6425",False,"train",0.6096730828285217,0.0,0.0,0.0,0.36364975571632385,0.0,0.0,0.0,0.0,0.0
"TISTUD-8009",False,"train",0.0,0.0,0.0,0.0,0.0,0.0,0.0,0.9812462329864502,0.0,0.0
"TISTUD-5294",False,"train",0.0,0.0,0.0,0.0,0.0,0.9986464381217957,0.0,0.0,0.0,0.0
"TISTUD-6037",False,"train",0.0,0.23187312483787537,0.0,0.0,0.0,0.0,0.0,0.0,0.0,0.7641341090202332
"TISTUD-5360",False,"train",0.0,0.0,0.9735177159309387,0.0,0.0,0.0,0.0,0.0,0.0,0.0
"TISTUD-6218",False,"train",0.0,0.0,0.0,0.0,0.0,0.0,0.9852402806282043,0.0,0.0,0.0
"TISTUD-6219",False,"train",0.0,0.0,0.0,0.0,0.9653754830360413,0.0,0.0,0.0,0.0,0.0
"TISTUD-9004",False,"train",0.0,0.0,0.0,0.9470410943031311,0.0,0.0,0.0,0.0,0.0,0.0
"TISTUD-7659",False,"train",0.0,0.0,0.0,0.0,0.0,0.0,0.0,0.0,0.0,0.9742797613143921
"TISTUD-7488",False,"train",0.9291431903839111,0.0,0.0,0.0,0.0,0.0,0.0,0.0,0.0,0.0
"TISTUD-4022",False,"train",0.3642416298389435,0.0,0.0,0.0,0.0,0.6135285496711731,0.0,0.0,0.0,0.0
"TISTUD-7942",False,"train",0.1225854754447937,0.0,0.0,0.0,0.0,0.0,0.0,0.8654702305793762,0.0,0.0
"TISTUD-6425",False,"train",0.6096730828285217,0.0,0.0,0.0,0.36364975571632385,0.0,0.0,0.0,0.0,0.0
"TISTUD-7129",False,"train",0.0,0.0,0.0,0.0,0.0,0.0,0.96248859167099,0.0,0.0,0.0
"TISTUD-6399",False,"train",0.0,0.0,0.0,0.0,0.0,0.9921025037765503,0.0,0.0,0.0,0.0
"TISTUD-1541",False,"train",0.6729929447174072,0.0,0.3011915981769562,0.0,0.0,0.0,0.0,0.0,0.0,0.0
"TISTUD-5365",False,"train",0.9769159555435181,0.0,0.0,0.0,0.0,0.0,0.0,0.0,0.0,0.0
"TISTUD-5610",False,"train",0.0,0.0,0.9742796421051025,0.0,0.0,0.0,0.0,0.0,0.0,0.0
"TISTUD-8926",False,"train",0.0,0.0,0.9181508421897888,0.0,0.0,0.0,0.0,0.0,0.0,0.0
"TISTUD-5610",False,"train",0.0,0.0,0.9742796421051025,0.0,0.0,0.0,0.0,0.0,0.0,0.0
"TISTUD-8938",False,"train",0.0,0.0,0.0,0.0,0.0,0.9526172876358032,0.0,0.0,0.0,0.0
"TISTUD-4956",False,"train",0.0,0.0,0.0,0.0,0.0,0.0,0.0,0.0,0.0,0.9769191741943359
"TISTUD-5754",False,"train",0.9742791652679443,0.0,0.0,0.0,0.0,0.0,0.0,0.0,0.0,0.0
"TISTUD-6786",False,"train",0.0,0.12922614812850952,0.0,0.30773988366127014,0.0,0.3184365928173065,0.0,0.24184367060661316,0.0,0.0
"TISTUD-5668",False,"train",0.17162927985191345,0.0,0.1517779678106308,0.0,0.0,0.0,0.0,0.0,0.0,0.6643075942993164
"TISTUD-6458",False,"train",0.9653756022453308,0.0,0.0,0.0,0.0,0.0,0.0,0.0,0.0,0.0
"TISTUD-6824",False,"train",0.0,0.0,0.0,0.0,0.0,0.0,0.0,0.0,0.9571254253387451,0.0
"TISTUD-5479",False,"train",0.0,0.0,0.0,0.0,0.0,0.0,0.9526165723800659,0.0,0.0,0.0
"TISTUD-5263",False,"train",0.0,0.9742733836174011,0.0,0.0,0.0,0.0,0.0,0.0,0.0,0.0
"TISTUD-8760",False,"train",0.0,0.0,0.9921013712882996,0.0,0.0,0.0,0.0,0.0,0.0,0.0
"TISTUD-7899",False,"train",0.0,0.9499822854995728,0.0,0.0,0.0,0.0,0.0,0.0,0.0,0.0
"TISTUD-9118",False,"train",0.0,0.0,0.9954065084457397,0.0,0.0,0.0,0.0,0.0,0.0,0.0
"TISTUD-8465",False,"train",0.9749936461448669,0.0,0.0,0.0,0.0,0.0,0.0,0.0,0.0,0.0
"TISTUD-7784",False,"train",0.10983498394489288,0.0,0.0,0.0,0.0,0.0,0.0,0.0,0.8756146430969238,0.0
"TISTUD-4389",False,"train",0.0,0.0,0.0,0.0,0.0,0.0,0.1191859170794487,0.5172134637832642,0.3529869318008423,0.0
"TISTUD-7212",False,"train",0.0,0.0,0.0,0.0,0.0,0.0,0.0,0.0,0.9727174043655396,0.0
"TISTUD-4356",False,"train",0.0,0.0,0.0,0.0,0.0,0.0,0.9571287631988525,0.0,0.0,0.0
"TISTUD-6129",False,"train",0.9742751121520996,0.0,0.0,0.0,0.0,0.0,0.0,0.0,0.0,0.0
"TISTUD-5492",True,"train",0.0,0.6652024984359741,0.0,0.0,0.0,0.0,0.0,0.0,0.0,0.2947835624217987
"TISTUD-4336",False,"train",0.9865632653236389,0.0,0.0,0.0,0.0,0.0,0.0,0.0,0.0,0.0
"TISTUD-8453",False,"train",0.9842040538787842,0.0,0.0,0.0,0.0,0.0,0.0,0.0,0.0,0.0
"TISTUD-9093",False,"train",0.0,0.0,0.0,0.0,0.0,0.0,0.0,0.0,0.0,0.9763105511665344
"TISTUD-6125",False,"train",0.47521471977233887,0.0,0.0,0.0,0.0,0.2558463513851166,0.2489296793937683,0.0,0.0,0.0
"TISTUD-7052",False,"train",0.0,0.0,0.0,0.0,0.0,0.0,0.9785659313201904,0.0,0.0,0.0
"TISTUD-5986",False,"train",0.0,0.0,0.6030987501144409,0.0,0.0,0.0,0.0,0.0,0.0,0.38856345415115356
"TISTUD-8506",False,"train",0.0,0.0,0.0,0.0,0.0,0.9965373277664185,0.0,0.0,0.0,0.0
"TISTUD-7522",False,"train",0.0,0.0,0.0,0.0,0.0,0.13635623455047607,0.07611801475286484,0.7760416269302368,0.0,0.0
"TISTUD-7619",False,"train",0.0,0.0,0.0,0.0,0.0,0.0,0.0,0.0,0.970960259437561,0.0
"TISTUD-8977",False,"train",0.0,0.0,0.0,0.0,0.0,0.9678427577018738,0.0,0.0,0.0,0.0
"TISTUD-4335",False,"train",0.9774864912033081,0.0,0.0,0.0,0.0,0.0,0.0,0.0,0.0,0.0
"TISTUD-4014",False,"train",0.0,0.0,0.8654912710189819,0.0,0.0,0.0,0.0,0.0,0.11545448750257492,0.0
"TISTUD-7956",False,"train",0.0,0.0,0.0,0.0,0.0,0.0,0.0,0.9883086085319519,0.0,0.0
"TISTUD-7108",False,"train",0.0,0.0,0.0,0.0,0.0,0.0,0.0,0.0,0.974273145198822,0.0
"TISTUD-1541",False,"train",0.6729929447174072,0.0,0.3011915981769562,0.0,0.0,0.0,0.0,0.0,0.0,0.0
"TISTUD-7591",False,"train",0.9549872279167175,0.0,0.0,0.0,0.0,0.0,0.0,0.0,0.0,0.0
"TISTUD-5732",False,"train",0.0,0.0,0.0,0.0,0.40579652786254883,0.0,0.0,0.5871844291687012,0.0,0.0
"TISTUD-1108",False,"train",0.0,0.0,0.0,0.0,0.0,0.0,0.0,0.0,0.9859309196472168,0.0
"TISTUD-7791",False,"train",0.0,0.0,0.0,0.0,0.0,0.0,0.0,0.9869527816772461,0.0,0.0
"TISTUD-8531",False,"train",0.0,0.0,0.0,0.6961126923561096,0.0,0.0,0.0,0.0,0.27720949053764343,0.0
"TISTUD-5503",False,"train",0.0,0.0,0.0,0.0,0.0,0.0,0.0,0.0,0.0,0.9709582924842834
"TISTUD-7905",False,"train",0.0,0.0,0.0,0.0,0.93998783826828,0.0,0.0,0.0,0.0,0.0
"TISTUD-5294",False,"train",0.0,0.0,0.0,0.0,0.0,0.9986464381217957,0.0,0.0,0.0,0.0
"TISTUD-5661",False,"train",0.0,0.0,0.0,0.0,0.0,0.0,0.0,0.0,0.9526195526123047,0.0
"TISTUD-8998",False,"train",0.0,0.9571360945701599,0.0,0.0,0.0,0.0,0.0,0.0,0.0,0.0
"TISTUD-5686",False,"train",0.0,0.0,0.9892805814743042,0.0,0.0,0.0,0.0,0.0,0.0,0.0
"TISTUD-4356",False,"train",0.0,0.0,0.0,0.0,0.0,0.0,0.9571287631988525,0.0,0.0,0.0
"TISTUD-7946",True,"train",0.0,0.0,0.0,0.0,0.0,0.0,0.0,0.0,0.9898830652236938,0.0
"TISTUD-5292",False,"train",0.0,0.0,0.0,0.0,0.0,0.0,0.0,0.9804286956787109,0.0,0.0
"TISTUD-8925",False,"train",0.0,0.0,0.0,0.0,0.0,0.0,0.0,0.0,0.988602876663208,0.0
"TISTUD-2948",False,"train",0.0,0.0,0.0,0.0,0.0,0.9549835920333862,0.0,0.0,0.0,0.0
"TISTUD-6234",False,"train",0.0,0.0,0.987311840057373,0.0,0.0,0.0,0.0,0.0,0.0,0.0
"TISTUD-5594",False,"train",0.9881548881530762,0.0,0.0,0.0,0.0,0.0,0.0,0.0,0.0,0.0
"TISTUD-7469",False,"train",0.0,0.0,0.0,0.0,0.0,0.0,0.0,0.0,0.9785680174827576,0.0
"TISTUD-5199",False,"train",0.0,0.0,0.0,0.0,0.0,0.6924396753311157,0.0,0.0,0.0,0.28937190771102905
"TISTUD-7111",False,"train",0.0,0.0,0.0,0.0,0.0,0.0,0.0,0.0,0.9608632326126099,0.0
"TISTUD-6094",False,"train",0.0,0.0,0.0,0.0,0.0,0.9769123792648315,0.0,0.0,0.0,0.0
"TISTUD-7529",False,"train",0.0,0.0,0.3089003562927246,0.0,0.0,0.6710233688354492,0.0,0.0,0.0,0.0
"TISTUD-8577",False,"train",0.0,0.997194766998291,0.0,0.0,0.0,0.0,0.0,0.0,0.0,0.0
"TISTUD-5822",False,"train",0.0,0.0,0.0,0.0,0.0,0.0,0.9653723239898682,0.0,0.0,0.0
"TISTUD-8979",False,"train",0.4926303029060364,0.0,0.0,0.0,0.0,0.1922808289527893,0.0,0.0,0.285901814699173,0.0
"TISTUD-5408",False,"train",0.0,0.0,0.9571326375007629,0.0,0.0,0.0,0.0,0.0,0.0,0.0
"TISTUD-8475",False,"train",0.0,0.0,0.0,0.0,0.0,0.0,0.0,0.9785618782043457,0.0,0.0
"TISTUD-5292",False,"train",0.0,0.0,0.0,0.0,0.0,0.0,0.0,0.9804286956787109,0.0,0.0
"TISTUD-8509",False,"train",0.0,0.9571320414543152,0.0,0.0,0.0,0.0,0.0,0.0,0.0,0.0
"TISTUD-8495",False,"train",0.9823468327522278,0.0,0.0,0.0,0.0,0.0,0.0,0.0,0.0,0.0
"TISTUD-5364",False,"train",0.962489128112793,0.0,0.0,0.0,0.0,0.0,0.0,0.0,0.0,0.0
"TISTUD-8938",False,"train",0.0,0.0,0.0,0.0,0.0,0.9526172876358032,0.0,0.0,0.0,0.0
"TISTUD-5823",False,"train",0.9857091307640076,0.0,0.0,0.0,0.0,0.0,0.0,0.0,0.0,0.0
"TISTUD-5663",False,"train",0.0,0.0,0.0,0.0,0.0,0.0,0.9819901585578918,0.0,0.0,0.0
"TISTUD-7341",False,"train",0.0,0.0,0.0,0.0,0.0,0.0,0.860450267791748,0.0,0.11601398885250092,0.0
"TISTUD-5671",False,"train",0.0,0.0,0.0,0.0,0.9808463454246521,0.0,0.0,0.0,0.0,0.0
"TISTUD-5338",False,"train",0.0,0.0,0.9530760645866394,0.0,0.0,0.0,0.0,0.03679371252655983,0.0,0.0
"TISTUD-7783",False,"train",0.0,0.0,0.0,0.0,0.0,0.0,0.0,0.9784551858901978,0.0,0.0
"TISTUD-7799",False,"train",0.0,0.0,0.37108534574508667,0.0,0.0,0.0,0.018379800021648407,0.6056434512138367,0.0,0.0
"TISTUD-5354",False,"train",0.309765487909317,0.0,0.0,0.6697065234184265,0.0,0.0,0.0,0.0,0.0,0.0
"TISTUD-8922",False,"train",0.0,0.0,0.0,0.0,0.0,0.0,0.0,0.9816267490386963,0.0,0.0
"TISTUD-8913",True,"train",0.0,0.0,0.0,0.0,0.0,0.0,0.0,0.9865551590919495,0.0,0.0
"TISTUD-8881",False,"train",0.9804301261901855,0.0,0.0,0.0,0.0,0.0,0.0,0.0,0.0,0.0
"TISTUD-5263",False,"train",0.0,0.9742733836174011,0.0,0.0,0.0,0.0,0.0,0.0,0.0,0.0
"TISTUD-7530",False,"train",0.0,0.0,0.0,0.0,0.0,0.0,0.0,0.3401035666465759,0.6235224604606628,0.0
"TISTUD-9004",False,"train",0.0,0.0,0.0,0.9470410943031311,0.0,0.0,0.0,0.0,0.0,0.0
"TISTUD-8859",False,"train",0.0,0.0,0.0,0.0,0.9916637539863586,0.0,0.0,0.0,0.0,0.0
"TISTUD-7111",False,"train",0.0,0.0,0.0,0.0,0.0,0.0,0.0,0.0,0.9608632326126099,0.0
"TISTUD-6108",False,"train",0.0,0.0,0.0,0.0,0.0,0.0,0.0,0.0,0.0,0.9780383706092834
"TISTUD-5503",False,"train",0.0,0.0,0.0,0.0,0.0,0.0,0.0,0.0,0.0,0.9709582924842834
"TISTUD-7548",False,"train",0.0,0.0,0.9749855399131775,0.0,0.0,0.0,0.0,0.0,0.0,0.0
"TISTUD-5504",False,"train",0.0,0.0,0.0,0.0,0.0,0.0,0.0,0.0,0.9844774603843689,0.0
"TISTUD-8490",False,"train",0.6076838970184326,0.24839362502098083,0.0,0.0,0.0,0.0,0.14222322404384613,0.0,0.0,0.0
"TISTUD-7463",False,"train",0.9878323078155518,0.0,0.0,0.0,0.0,0.0,0.0,0.0,0.0,0.0
"TISTUD-7595",False,"train",0.0,0.0,0.0,0.0,0.0,0.0,0.0,0.9952857494354248,0.0,0.0
"TISTUD-8573",False,"train",0.7180930376052856,0.0,0.0,0.0,0.0,0.0,0.2789088189601898,0.0,0.0,0.0
"TISTUD-6309",False,"train",0.0,0.0,0.0,0.0,0.0,0.0,0.0,0.0,0.0,0.9804257154464722
"TISTUD-7911",False,"train",0.30214419960975647,0.0,0.0,0.0,0.0,0.6840577721595764,0.0,0.0,0.0,0.0
"TISTUD-5594",False,"train",0.9881548881530762,0.0,0.0,0.0,0.0,0.0,0.0,0.0,0.0,0.0
"TISTUD-7426",False,"train",0.0,0.0,0.0,0.0,0.0,0.3321273922920227,0.6330506205558777,0.0,0.0,0.0
"TISTUD-6726",False,"train",0.0,0.0,0.18334248661994934,0.0,0.796633780002594,0.0,0.0,0.0,0.0,0.0
"TISTUD-5040",False,"train",0.0,0.0,0.0,0.0,0.0,0.0,0.0,0.0,0.9852412939071655,0.0
"TISTUD-8967",False,"train",0.0,0.9980748295783997,0.0,0.0,0.0,0.0,0.0,0.0,0.0,0.0
"TISTUD-5007",False,"train",0.0,0.0,0.0,0.0,0.0,0.0,0.9874974489212036,0.0,0.0,0.0
"TISTUD-8760",False,"train",0.0,0.0,0.9921013712882996,0.0,0.0,0.0,0.0,0.0,0.0,0.0
"TISTUD-6399",False,"train",0.0,0.0,0.0,0.0,0.0,0.9921025037765503,0.0,0.0,0.0,0.0
"TISTUD-4361",False,"train",0.0,0.0,0.0,0.9571279883384705,0.0,0.0,0.0,0.0,0.0,0.0
"TISTUD-8983",False,"train",0.0,0.0,0.0,0.0,0.0,0.8715969920158386,0.0,0.0,0.11172778904438019,0.0
"TISTUD-6979",False,"train",0.0,0.0,0.0,0.0,0.0,0.0,0.0,0.9859316945075989,0.0,0.0
"TISTUD-8933",False,"train",0.0,0.0,0.9666499495506287,0.0,0.0,0.0,0.0,0.0,0.0,0.0
"TISTUD-6399",False,"train",0.0,0.0,0.0,0.0,0.0,0.9921025037765503,0.0,0.0,0.0,0.0
"TISTUD-7684",False,"train",0.9869533777236938,0.0,0.0,0.0,0.0,0.0,0.0,0.0,0.0,0.0
"TISTUD-8967",False,"train",0.0,0.9980748295783997,0.0,0.0,0.0,0.0,0.0,0.0,0.0,0.0
"TISTUD-5321",False,"train",0.947035014629364,0.0,0.0,0.0,0.0,0.0,0.0,0.0,0.0,0.0
"TISTUD-8852",False,"train",0.0,0.0,0.9639866352081299,0.0,0.0,0.0,0.0,0.0,0.0,0.0
"TISTUD-5937",False,"train",0.0,0.0,0.9697468280792236,0.0,0.0,0.0,0.0,0.015144997276365757,0.0,0.0
"TISTUD-8934",False,"train",0.0,0.0,0.9919617772102356,0.0,0.0,0.0,0.0,0.0,0.0,0.0
"TISTUD-5594",False,"train",0.9881548881530762,0.0,0.0,0.0,0.0,0.0,0.0,0.0,0.0,0.0
"TISTUD-5076",False,"train",0.0,0.0,0.0,0.9906232357025146,0.0,0.0,0.0,0.0,0.0,0.0
"TISTUD-6423",True,"train",0.0,0.0,0.9774882197380066,0.0,0.0,0.0,0.0,0.0,0.0,0.0
"TISTUD-5076",False,"train",0.0,0.0,0.0,0.9906232357025146,0.0,0.0,0.0,0.0,0.0,0.0
"TISTUD-5385",False,"train",0.0,0.0,0.0,0.0,0.0,0.0,0.0,0.0,0.0,0.9718614220619202
"TISTUD-7597",False,"train",0.985932469367981,0.0,0.0,0.0,0.0,0.0,0.0,0.0,0.0,0.0
"TISTUD-5821",False,"train",0.25439879298210144,0.0,0.7227357029914856,0.0,0.0,0.0,0.0,0.0,0.0,0.0
"TISTUD-5761",False,"train",0.0,0.997469425201416,0.0,0.0,0.0,0.0,0.0,0.0,0.0,0.0
"TISTUD-8682",False,"train",0.0,0.0,0.9666533470153809,0.0,0.0,0.0,0.0,0.0,0.0,0.0
"TISTUD-6890",False,"train",0.0,0.9968909025192261,0.0,0.0,0.0,0.0,0.0,0.0,0.0,0.0
"TISTUD-5754",False,"train",0.9742791652679443,0.0,0.0,0.0,0.0,0.0,0.0,0.0,0.0,0.0
"TISTUD-3805",False,"train",0.0,0.0,0.0,0.0,0.9624924659729004,0.0,0.0,0.0,0.0,0.0
"TISTUD-9053",False,"train",0.0,0.0,0.0,0.0,0.0,0.0,0.9883071184158325,0.0,0.0,0.0
"TISTUD-8544",False,"train",0.0,0.9735180735588074,0.0,0.0,0.0,0.0,0.0,0.0,0.0,0.0
"TISTUD-7867",False,"train",0.0,0.0,0.9833258390426636,0.0,0.0,0.0,0.0,0.0,0.0,0.0
"TISTUD-4930",False,"train",0.0,0.0,0.0,0.0,0.0,0.0,0.0,0.0,0.0,0.9907184839248657
"TISTUD-8777",True,"train",0.0,0.0,0.9812453389167786,0.0,0.0,0.0,0.0,0.0,0.0,0.0
"TISTUD-8835",False,"train",0.0,0.0,0.0,0.0,0.8029501438140869,0.0,0.0,0.0,0.0,0.17418541014194489
"TISTUD-5281",False,"train",0.0,0.0,0.9823462963104248,0.0,0.0,0.0,0.0,0.0,0.0,0.0
"TISTUD-7129",False,"train",0.0,0.0,0.0,0.0,0.0,0.0,0.96248859167099,0.0,0.0,0.0
"TISTUD-5417",False,"train",0.0,0.0,0.9884554147720337,0.0,0.0,0.0,0.0,0.0,0.0,0.0
"TISTUD-8642",False,"train",0.9842047691345215,0.0,0.0,0.0,0.0,0.0,0.0,0.0,0.0,0.0
"TISTUD-8541",False,"train",0.0,0.0,0.6516335010528564,0.0,0.0,0.0,0.0,0.330178827047348,0.0,0.0
"TISTUD-5661",False,"train",0.0,0.0,0.0,0.0,0.0,0.0,0.0,0.0,0.9526195526123047,0.0
"TISTUD-8859",False,"train",0.0,0.0,0.0,0.0,0.9916637539863586,0.0,0.0,0.0,0.0,0.0
"TISTUD-7784",False,"train",0.10983498394489288,0.0,0.0,0.0,0.0,0.0,0.0,0.0,0.8756146430969238,0.0
"TISTUD-7466",False,"train",0.30646780133247375,0.0,0.0,0.0,0.0,0.0,0.0,0.6804081201553345,0.0,0.0
"TISTUD-5355",False,"train",0.9763078093528748,0.0,0.0,0.0,0.0,0.0,0.0,0.0,0.0,0.0
"TISTUD-8693",False,"train",0.0,0.0,0.0,0.0,0.0,0.0,0.0,0.610959529876709,0.0,0.37303295731544495
"TISTUD-6507",False,"train",0.0,0.0,0.974994957447052,0.0,0.0,0.0,0.0,0.0,0.0,0.0
"TISTUD-6261",False,"train",0.0,0.0,0.8238769769668579,0.0,0.16157397627830505,0.0,0.0,0.0,0.0,0.0
"TISTUD-6446",False,"train",0.0,0.0,0.0,0.9470377564430237,0.0,0.0,0.0,0.0,0.0,0.0
"TISTUD-8880",True,"train",0.0,0.0,0.0,0.9399806261062622,0.0,0.0,0.0,0.0,0.0,0.0
"TISTUD-4357",False,"train",0.0,0.0,0.0,0.0,0.0,0.0,0.18311025202274323,0.7861084342002869,0.0,0.0
"TISTUD-7469",False,"train",0.0,0.0,0.0,0.0,0.0,0.0,0.0,0.0,0.9785680174827576,0.0
"TISTUD-8898",False,"train",0.0,0.0,0.9735196828842163,0.0,0.0,0.0,0.0,0.0,0.0,0.0
"TISTUD-8713",False,"train",0.0,0.0,0.0,0.0,0.47614917159080505,0.0,0.0,0.4971718490123749,0.0,0.0
"TISTUD-5063",False,"train",0.011114981025457382,0.011115866713225842,0.0111186308786273,0.011114776134490967,0.011114642024040222,0.011114622466266155,0.8999590277671814,0.011115641333162785,0.011116364039480686,0.011115426197648048
"TISTUD-7110",False,"train",0.0,0.0,0.0,0.0,0.0,0.0,0.0,0.0,0.9653744101524353,0.0
"TISTUD-5200",False,"train",0.33106279373168945,0.0,0.0,0.0,0.0,0.40100419521331787,0.150405153632164,0.10799465328454971,0.0,0.0
"TISTUD-7475",False,"train",0.9290329217910767,0.0,0.059367500245571136,0.0,0.0,0.0,0.0,0.0,0.0,0.0
"TISTUD-9140",False,"train",0.0,0.0,0.06877578049898148,0.0,0.0,0.0,0.0,0.9243209958076477,0.0,0.0
"TISTUD-8643",False,"train",0.17475920915603638,0.18610714375972748,0.0,0.014066075906157494,0.0,0.6201860308647156,0.0,0.0,0.0,0.0
"TISTUD-8890",False,"train",0.0,0.0,0.0,0.0,0.0,0.0,0.9790592193603516,0.0,0.0,0.0
"TISTUD-5631",False,"train",0.0,0.0,0.0,0.0,0.0,0.0,0.9756619930267334,0.0,0.0,0.0
"TISTUD-5472",False,"train",0.0,0.0,0.0,0.9549849033355713,0.0,0.0,0.0,0.0,0.0,0.0
"TISTUD-7725",False,"train",0.0,0.0,0.0,0.0,0.0,0.0,0.0,0.981243371963501,0.0,0.0
"TISTUD-7982",False,"train",0.0,0.0,0.0,0.0,0.0,0.0,0.0,0.3023795187473297,0.0,0.6877167224884033
"TISTUD-9004",False,"train",0.0,0.0,0.0,0.9470410943031311,0.0,0.0,0.0,0.0,0.0,0.0
"TISTUD-5063",False,"train",0.011114981025457382,0.011115866713225842,0.0111186308786273,0.011114776134490967,0.011114642024040222,0.011114622466266155,0.8999590277671814,0.011115641333162785,0.011116364039480686,0.011115426197648048
"TISTUD-4215",False,"train",0.0,0.0,0.4570937752723694,0.0,0.5170868039131165,0.0,0.0,0.0,0.0,0.0
"TISTUD-4932",False,"train",0.9756661057472229,0.0,0.0,0.0,0.0,0.0,0.0,0.0,0.0,0.0
"TISTUD-7910",False,"train",0.0,0.0,0.0,0.0,0.0,0.9499856233596802,0.0,0.0,0.0,0.0
"TISTUD-5732",False,"train",0.0,0.0,0.0,0.0,0.40579652786254883,0.0,0.0,0.5871844291687012,0.0,0.0
"TISTUD-7965",False,"train",0.0,0.0,0.0,0.0,0.0,0.0,0.9727064371109009,0.0,0.0,0.0
"TISTUD-5441",False,"train",0.0,0.0,0.0,0.0,0.0,0.0,0.0,0.0,0.0,0.9774929881095886
"TISTUD-5359",False,"train",0.0,0.0,0.12159646302461624,0.0,0.0,0.0,0.0,0.0,0.0,0.8658981323242188
"TISTUD-8880",True,"train",0.0,0.0,0.0,0.9399806261062622,0.0,0.0,0.0,0.0,0.0,0.0
"TISTUD-5749",False,"train",0.0,0.33479052782058716,0.6423349976539612,0.0,0.0,0.0,0.0,0.0,0.0,0.0
"TISTUD-7956",False,"train",0.0,0.0,0.0,0.0,0.0,0.0,0.0,0.9883086085319519,0.0,0.0
"TISTUD-9027",False,"train",0.0,0.0,0.16116765141487122,0.0,0.819771945476532,0.0,0.0,0.0,0.0,0.0
"TISTUD-7052",False,"train",0.0,0.0,0.0,0.0,0.0,0.0,0.9785659313201904,0.0,0.0,0.0
"TISTUD-5370",False,"train",0.0,0.0,0.9804251790046692,0.0,0.0,0.0,0.0,0.0,0.0,0.0
"TISTUD-7129",False,"train",0.0,0.0,0.0,0.0,0.0,0.0,0.96248859167099,0.0,0.0,0.0
"TISTUD-5539",False,"train",0.0,0.0,0.0,0.0,0.0,0.0,0.0,0.9470405578613281,0.0,0.0
"TISTUD-7488",False,"train",0.9291431903839111,0.0,0.0,0.0,0.0,0.0,0.0,0.0,0.0,0.0
"TISTUD-8718",False,"train",0.9905164241790771,0.0,0.0,0.0,0.0,0.0,0.0,0.0,0.0,0.0
"TISTUD-9126",False,"train",0.0,0.0,0.0,0.0,0.0,0.0,0.0,0.9785654544830322,0.0,0.0
"TISTUD-6722",False,"train",0.0,0.0,0.0,0.6130484938621521,0.0,0.3800451159477234,0.0,0.0,0.0,0.0
"TISTUD-7605",False,"train",0.0,0.0,0.0,0.0,0.0,0.0,0.0,0.9985299110412598,0.0,0.0
"TISTUD-7171",False,"train",0.0,0.0,0.0,0.0,0.0,0.0,0.0,0.987496018409729,0.0,0.0
"TISTUD-8764",False,"train",0.0,0.0,0.0,0.0,0.0,0.0,0.0,0.0,0.9763095378875732,0.0
"TISTUD-5710",False,"train",0.0,0.0,0.0,0.0,0.0,0.0,0.0,0.0,0.0,0.9307555556297302
"TISTUD-5109",False,"train",0.0,0.9965236186981201,0.0,0.0,0.0,0.0,0.0,0.0,0.0,0.0
"TISTUD-7591",False,"train",0.9549872279167175,0.0,0.0,0.0,0.0,0.0,0.0,0.0,0.0,0.0
"TISTUD-6198",False,"train",0.0,0.0,0.9878324270248413,0.0,0.0,0.0,0.0,0.0,0.0,0.0
"TISTUD-6219",False,"train",0.0,0.0,0.0,0.0,0.9653754830360413,0.0,0.0,0.0,0.0,0.0
"TISTUD-5545",False,"train",0.0,0.0,0.0,0.0,0.0,0.0,0.9709575176239014,0.0,0.0,0.0
"TISTUD-5365",False,"train",0.9769159555435181,0.0,0.0,0.0,0.0,0.0,0.0,0.0,0.0,0.0
"TISTUD-6979",False,"train",0.0,0.0,0.0,0.0,0.0,0.0,0.0,0.9859316945075989,0.0,0.0
"TISTUD-8927",False,"train",0.0,0.0,0.0,0.0,0.0,0.0,0.0,0.0,0.9883022904396057,0.0
"TISTUD-9126",False,"train",0.0,0.0,0.0,0.0,0.0,0.0,0.0,0.9785654544830322,0.0,0.0
"TISTUD-6297",False,"train",0.0,0.0,0.0,0.0,0.0,0.0,0.9699926376342773,0.0,0.0,0.0
"TISTUD-7066",False,"train",0.18345457315444946,0.0,0.0,0.0,0.0,0.0,0.0,0.8078461289405823,0.0,0.0
"TISTUD-5504",False,"train",0.0,0.0,0.0,0.0,0.0,0.0,0.0,0.0,0.9844774603843689,0.0
"TISTUD-2978",False,"train",0.7746899724006653,0.0,0.0,0.0,0.0,0.0,0.0,0.20529623329639435,0.0,0.0
"TISTUD-8846",False,"train",0.0,0.9972112774848938,0.0,0.0,0.0,0.0,0.0,0.0,0.0,0.0
"TISTUD-8930",False,"train",0.0,0.0,0.9678452610969543,0.0,0.0,0.0,0.0,0.0,0.0,0.0
"TISTUD-7719",False,"train",0.0,0.0,0.0,0.0,0.0,0.0,0.0,0.9973713755607605,0.0,0.0
"TISTUD-8464",False,"train",0.9904211163520813,0.0,0.0,0.0,0.0,0.0,0.0,0.0,0.0,0.0
"TISTUD-5668",False,"train",0.17162927985191345,0.0,0.1517779678106308,0.0,0.0,0.0,0.0,0.0,0.0,0.6643075942993164
"TISTUD-5338",False,"train",0.0,0.0,0.9530760645866394,0.0,0.0,0.0,0.0,0.03679371252655983,0.0,0.0
"TISTUD-7212",False,"train",0.0,0.0,0.0,0.0,0.0,0.0,0.0,0.0,0.9727174043655396,0.0
"TISTUD-6299",False,"train",0.0,0.0,0.0,0.0,0.0,0.0,0.0,0.0,0.0,0.9735170006752014
"TISTUD-8881",False,"train",0.9804301261901855,0.0,0.0,0.0,0.0,0.0,0.0,0.0,0.0,0.0
"TISTUD-5785",False,"train",0.0,0.0,0.9769112467765808,0.0,0.0,0.0,0.0,0.0,0.0,0.0
"TISTUD-5077",False,"train",0.0,0.0,0.0,0.9906232357025146,0.0,0.0,0.0,0.0,0.0,0.0
"TISTUD-7911",False,"train",0.30214419960975647,0.0,0.0,0.0,0.0,0.6840577721595764,0.0,0.0,0.0,0.0
"TISTUD-7469",False,"train",0.0,0.0,0.0,0.0,0.0,0.0,0.0,0.0,0.9785680174827576,0.0
"TISTUD-5223",False,"train",0.0,0.0,0.0,0.0,0.0,0.9808456897735596,0.0,0.0,0.0,0.0
"TISTUD-8866",False,"train",0.0,0.0,0.0,0.0,0.0,0.0,0.0,0.0,0.0,0.9470474123954773
"TISTUD-6261",False,"train",0.0,0.0,0.8238769769668579,0.0,0.16157397627830505,0.0,0.0,0.0,0.0,0.0
"TISTUD-4191",False,"train",0.0,0.0,0.9718676209449768,0.0,0.0,0.0,0.0,0.0,0.0,0.0
"TISTUD-4244",False,"train",0.0,0.0,0.6988919973373413,0.0,0.0,0.0,0.0,0.0,0.0,0.2877669334411621
"TISTUD-8506",False,"train",0.0,0.0,0.0,0.0,0.0,0.9965373277664185,0.0,0.0,0.0,0.0
"TISTUD-5710",False,"train",0.0,0.0,0.0,0.0,0.0,0.0,0.0,0.0,0.0,0.9307555556297302
"TISTUD-6507",False,"train",0.0,0.0,0.974994957447052,0.0,0.0,0.0,0.0,0.0,0.0,0.0
"TISTUD-7076",False,"train",0.0,0.0,0.0,0.0,0.0,0.0,0.0,0.9908028244972229,0.0,0.0
"TISTUD-4035",False,"train",0.9307462573051453,0.0,0.0,0.0,0.0,0.0,0.0,0.0,0.0,0.0
"TISTUD-7485",False,"train",0.0,0.0,0.0,0.0,0.0,0.983921468257904,0.0,0.0,0.0,0.0
"TISTUD-5312",False,"train",0.0,0.0,0.0,0.9774892926216125,0.0,0.0,0.0,0.0,0.0,0.0
"TISTUD-5424",False,"train",0.0,0.0,0.9826775193214417,0.0,0.0,0.0,0.0,0.0,0.0,0.0
"TISTUD-4325",False,"train",0.0,0.0,0.0,0.0,0.0,0.8780961632728577,0.0,0.12017868459224701,0.0,0.0
"TISTUD-6677",False,"train",0.0,0.0,0.978564977645874,0.0,0.0,0.0,0.0,0.0,0.0,0.0
"TISTUD-5422",False,"train",0.0,0.0,0.0,0.0,0.0,0.0,0.9804282784461975,0.0,0.0,0.0
"TISTUD-6261",False,"train",0.0,0.0,0.8238769769668579,0.0,0.16157397627830505,0.0,0.0,0.0,0.0,0.0
"TISTUD-8026",False,"train",0.0,0.0,0.9735099673271179,0.0,0.0,0.0,0.0,0.0,0.0,0.0
"TISTUD-7593",False,"train",0.0,0.0,0.0,0.0,0.0,0.0,0.0,0.0,0.08192087709903717,0.9105178117752075
"TISTUD-6407",False,"train",0.0,0.0,0.0,0.0,0.0,0.0,0.0,0.982338547706604,0.0,0.0
"TISTUD-7956",False,"train",0.0,0.0,0.0,0.0,0.0,0.0,0.0,0.9883086085319519,0.0,0.0
"TISTUD-5642",False,"train",0.0,0.0,0.0,0.0,0.0,0.0,0.0,0.9816253185272217,0.0,0.0
"TISTUD-5825",False,"train",0.0,0.0,0.0,0.0,0.0,0.9977869391441345,0.0,0.0,0.0,0.0
"TISTUD-3814",False,"train",0.9735157489776611,0.0,0.0,0.0,0.0,0.0,0.0,0.0,0.0,0.0
"TISTUD-5769",False,"train",0.0,0.0,0.0,0.0,0.0,0.0,0.0,0.0,0.0,0.9884585738182068
"TISTUD-5370",False,"train",0.0,0.0,0.9804251790046692,0.0,0.0,0.0,0.0,0.0,0.0,0.0
"TISTUD-6834",False,"train",0.0,0.0,0.0,0.0,0.0,0.0,0.971863865852356,0.0,0.0,0.0
"TISTUD-8580",False,"train",0.0,0.0,0.0,0.0,0.9104894399642944,0.08477461338043213,0.0,0.0,0.0,0.0
"TISTUD-5662",False,"train",0.0,0.0,0.0,0.0,0.0,0.0,0.0,0.9356943368911743,0.0,0.0
"TISTUD-6594",False,"train",0.0,0.0,0.0,0.0,0.0,0.0,0.0,0.0,0.0,0.9833276271820068
"TISTUD-5622",False,"train",0.0,0.0,0.379895955324173,0.0,0.0,0.0,0.6019154191017151,0.0,0.0,0.0
"TISTUD-8848",True,"train",0.0,0.0,0.0,0.0,0.0,0.0,0.0,0.9639892578125,0.0,0.0
"TISTUD-6155",False,"train",0.0,0.0,0.0,0.0,0.9816291332244873,0.0,0.0,0.0,0.0,0.0
"TISTUD-7639",False,"train",0.0,0.0,0.0,0.0,0.6306539177894592,0.0,0.0,0.3515627384185791,0.0,0.0
"TISTUD-7111",False,"train",0.0,0.0,0.0,0.0,0.0,0.0,0.0,0.0,0.9608632326126099,0.0
"TISTUD-5822",False,"train",0.0,0.0,0.0,0.0,0.0,0.0,0.9653723239898682,0.0,0.0,0.0
"TISTUD-8916",False,"train",0.0,0.0,0.0,0.0,0.0,0.973456621170044,0.0,0.0,0.0,0.0
"TISTUD-7622",False,"train",0.0,0.0,0.11467748880386353,0.0,0.0,0.0,0.0,0.8429357409477234,0.03618649020791054,0.0
"TISTUD-5295",False,"train",0.0,0.0,0.4907693862915039,0.5038524270057678,0.0,0.0,0.0,0.0,0.0,0.0
"TISTUD-6237",False,"train",0.9190639853477478,0.0,0.0,0.0,0.0,0.0,0.0,0.0,0.0,0.07323921471834183
"TISTUD-5668",False,"train",0.17162927985191345,0.0,0.1517779678106308,0.0,0.0,0.0,0.0,0.0,0.0,0.6643075942993164
"TISTUD-8865",False,"train",0.0,0.0,0.0,0.0,0.0,0.0,0.0,0.9437369108200073,0.0,0.0
"TISTUD-7477",False,"train",0.0,0.0,0.0,0.0,0.0,0.0,0.9678469300270081,0.0,0.0,0.0
"TISTUD-6251",False,"train",0.0,0.0,0.0,0.9888845682144165,0.0,0.0,0.0,0.0,0.0,0.0
"TISTUD-1108",False,"train",0.0,0.0,0.0,0.0,0.0,0.0,0.0,0.0,0.9859309196472168,0.0
"TISTUD-9035",False,"train",0.0,0.0,0.49885451793670654,0.0,0.0,0.4368648827075958,0.0,0.0,0.0,0.056908320635557175
"TISTUD-8889",False,"train",0.06125270202755928,0.5209912657737732,0.0,0.24876323342323303,0.16787593066692352,0.0,0.0,0.0,0.0,0.0
"TISTUD-8787",False,"train",0.0,0.0,0.9735082387924194,0.0,0.0,0.0,0.0,0.0,0.0,0.0
"TISTUD-3142",False,"train",0.0,0.0,0.0,0.0,0.9470347166061401,0.0,0.0,0.0,0.0,0.0
"TISTUD-5223",False,"train",0.0,0.0,0.0,0.0,0.0,0.9808456897735596,0.0,0.0,0.0,0.0
"TISTUD-9075",False,"train",0.0,0.0,0.0,0.0,0.0,0.0,0.0,0.0,0.0,0.9879961013793945
"TISTUD-5953",False,"train",0.0,0.9839211106300354,0.0,0.0,0.0,0.0,0.0,0.0,0.0,0.0
"TISTUD-5749",False,"train",0.0,0.33479052782058716,0.6423349976539612,0.0,0.0,0.0,0.0,0.0,0.0,0.0
"TISTUD-6778",False,"train",0.0,0.0,0.9836313128471375,0.0,0.0,0.0,0.0,0.0,0.0,0.0
"TISTUD-8922",False,"train",0.0,0.0,0.0,0.0,0.0,0.0,0.0,0.9816267490386963,0.0,0.0
"TISTUD-5425",False,"train",0.0,0.0,0.0,0.0,0.0,0.0,0.0,0.0,0.0,0.9727165102958679
"TISTUD-8506",False,"train",0.0,0.0,0.0,0.0,0.0,0.9965373277664185,0.0,0.0,0.0,0.0
"TISTUD-7779",False,"train",0.0,0.0,0.0,0.0,0.0,0.0,0.0,0.9830105304718018,0.0,0.0
"TISTUD-4956",False,"train",0.0,0.0,0.0,0.0,0.0,0.0,0.0,0.0,0.0,0.9769191741943359
"TISTUD-7905",False,"train",0.0,0.0,0.0,0.0,0.93998783826828,0.0,0.0,0.0,0.0,0.0
"TISTUD-5070",False,"train",0.0,0.0,0.0,0.9906232953071594,0.0,0.0,0.0,0.0,0.0,0.0
"TISTUD-4932",False,"train",0.9756661057472229,0.0,0.0,0.0,0.0,0.0,0.0,0.0,0.0,0.0
"TISTUD-5710",False,"train",0.0,0.0,0.0,0.0,0.0,0.0,0.0,0.0,0.0,0.9307555556297302
"TISTUD-8474",False,"train",0.0,0.0,0.0,0.0,0.0,0.0,0.9799946546554565,0.0,0.0,0.0
"TISTUD-8682",False,"train",0.0,0.0,0.9666533470153809,0.0,0.0,0.0,0.0,0.0,0.0,0.0
"TISTUD-8878",False,"train",0.0,0.0,0.9960402846336365,0.0,0.0,0.0,0.0,0.0,0.0,0.0
"TISTUD-8747",False,"train",0.0,0.0,0.9549785852432251,0.0,0.0,0.0,0.0,0.0,0.0,0.0
"TISTUD-7354",False,"train",0.0,0.0,0.0,0.0,0.0,0.9678484201431274,0.0,0.0,0.0,0.0
"TISTUD-8540",False,"train",0.0,0.0,0.9847403764724731,0.0,0.0,0.0,0.0,0.0,0.0,0.0
"TISTUD-6786",False,"train",0.0,0.12922614812850952,0.0,0.30773988366127014,0.0,0.3184365928173065,0.0,0.24184367060661316,0.0,0.0
"TISTUD-5629",False,"train",0.0,0.0,0.0,0.10613945126533508,0.0,0.0,0.735024631023407,0.13990946114063263,0.0,0.0
"TISTUD-7032",False,"train",0.0,0.97691810131073,0.0,0.0,0.0,0.0,0.0,0.0,0.0,0.0
"TISTUD-5960",False,"train",0.9816287159919739,0.0,0.0,0.0,0.0,0.0,0.0,0.0,0.0,0.0
"TISTUD-5960",False,"train",0.9816287159919739,0.0,0.0,0.0,0.0,0.0,0.0,0.0,0.0,0.0
"TISTUD-8873",False,"train",0.0,0.0,0.0,0.9499791860580444,0.0,0.0,0.0,0.0,0.0,0.0
"TISTUD-4956",False,"train",0.0,0.0,0.0,0.0,0.0,0.0,0.0,0.0,0.0,0.9769191741943359
"TISTUD-5040",False,"train",0.0,0.0,0.0,0.0,0.0,0.0,0.0,0.0,0.9852412939071655,0.0
"TISTUD-5378",False,"train",0.0,0.0,0.0,0.0,0.0,0.9526098966598511,0.0,0.0,0.0,0.0
"TISTUD-8495",False,"train",0.9823468327522278,0.0,0.0,0.0,0.0,0.0,0.0,0.0,0.0,0.0
"TISTUD-4525",False,"train",0.0,0.0,0.0,0.0,0.9869518280029297,0.0,0.0,0.0,0.0,0.0
"TISTUD-7732",False,"train",0.0,0.0,0.0,0.0,0.9499825835227966,0.0,0.0,0.0,0.0,0.0
"TISTUD-6201",False,"train",0.0,0.0,0.0,0.0,0.0,0.0,0.0,0.0,0.9808434247970581,0.0
"TISTUD-8922",False,"train",0.0,0.0,0.0,0.0,0.0,0.0,0.0,0.9816267490386963,0.0,0.0
"TISTUD-5372",False,"train",0.0,0.0,0.0,0.9709569215774536,0.0,0.0,0.0,0.0,0.0,0.0
"TISTUD-5294",False,"train",0.0,0.0,0.0,0.0,0.0,0.9986464381217957,0.0,0.0,0.0,0.0
"TISTUD-9040",False,"train",0.0,0.0,0.0,0.0,0.9307410717010498,0.0,0.0,0.0,0.0,0.0
"TISTUD-5372",False,"train",0.0,0.0,0.0,0.9709569215774536,0.0,0.0,0.0,0.0,0.0,0.0
"TISTUD-5643",False,"train",0.600456953048706,0.0,0.3719480037689209,0.0,0.0,0.0,0.0,0.0,0.0,0.0
"TISTUD-7132",False,"train",0.0,0.0,0.9718425869941711,0.0,0.0,0.0,0.0,0.0,0.0,0.0
"TISTUD-9142",False,"train",0.0,0.0,0.0,0.0,0.9878347516059875,0.0,0.0,0.0,0.0,0.0
"TISTUD-5479",False,"train",0.0,0.0,0.0,0.0,0.0,0.0,0.9526165723800659,0.0,0.0,0.0
"TISTUD-8541",False,"train",0.0,0.0,0.6516335010528564,0.0,0.0,0.0,0.0,0.330178827047348,0.0,0.0
"TISTUD-5769",False,"train",0.0,0.0,0.0,0.0,0.0,0.0,0.0,0.0,0.0,0.9884585738182068
"TISTUD-7684",False,"train",0.9869533777236938,0.0,0.0,0.0,0.0,0.0,0.0,0.0,0.0,0.0
"TISTUD-6281",False,"train",0.0,0.0,0.9571064710617065,0.0,0.0,0.0,0.0,0.0,0.0,0.0
"TISTUD-9126",False,"train",0.0,0.0,0.0,0.0,0.0,0.0,0.0,0.9785654544830322,0.0,0.0
"TISTUD-5825",False,"train",0.0,0.0,0.0,0.0,0.0,0.9977869391441345,0.0,0.0,0.0,0.0
"TISTUD-5492",True,"train",0.0,0.6652024984359741,0.0,0.0,0.0,0.0,0.0,0.0,0.0,0.2947835624217987
"TISTUD-9063",False,"train",0.0,0.0,0.6358504295349121,0.0,0.0,0.0,0.0,0.3493281602859497,0.0,0.0
"TISTUD-7474",False,"train",0.0,0.0,0.0,0.0,0.0,0.0,0.0,0.0,0.98928302526474,0.0
"TISTUD-5502",False,"train",0.0,0.0,0.0,0.0,0.0,0.0,0.0,0.0,0.0,0.9590784311294556
"TISTUD-7467",False,"train",0.25903260707855225,0.0,0.0,0.0,0.7089551091194153,0.0,0.0,0.0,0.0,0.0
"TISTUD-7066",False,"train",0.18345457315444946,0.0,0.0,0.0,0.0,0.0,0.0,0.8078461289405823,0.0,0.0
"TISTUD-5105",False,"train",0.0,0.0,0.4725906252861023,0.0,0.0,0.5123022794723511,0.0,0.0,0.0,0.0
"TISTUD-6511",False,"train",0.0,0.4458242654800415,0.0,0.03008193150162697,0.0,0.0,0.0,0.0,0.5204963684082031,0.0
"TISTUD-5732",False,"train",0.0,0.0,0.0,0.0,0.40579652786254883,0.0,0.0,0.5871844291687012,0.0,0.0
"TISTUD-7911",False,"train",0.30214419960975647,0.0,0.0,0.0,0.0,0.6840577721595764,0.0,0.0,0.0,0.0
"TISTUD-7354",False,"train",0.0,0.0,0.0,0.0,0.0,0.9678484201431274,0.0,0.0,0.0,0.0
"TISTUD-7704",False,"train",0.0,0.0,0.0,0.0,0.0,0.0,0.0,0.0,0.0,0.9590702652931213
"TISTUD-7473",False,"train",0.0,0.0,0.0,0.0,0.0,0.0,0.0,0.0,0.988309383392334,0.0
"TISTUD-7515",False,"train",0.0,0.0,0.0,0.0,0.0,0.0,0.9399592876434326,0.0,0.0,0.0
"TISTUD-4217",False,"train",0.2945527732372284,0.0,0.0,0.0,0.0,0.0,0.6804031729698181,0.0,0.0,0.0
"TISTUD-5324",False,"train",0.0,0.0,0.08654598146677017,0.0,0.0,0.8689926862716675,0.0,0.0,0.0,0.0
"TISTUD-7515",False,"train",0.0,0.0,0.0,0.0,0.0,0.0,0.9399592876434326,0.0,0.0,0.0
"TISTUD-5324",False,"train",0.0,0.0,0.08654598146677017,0.0,0.0,0.8689926862716675,0.0,0.0,0.0,0.0
"TISTUD-8881",False,"train",0.9804301261901855,0.0,0.0,0.0,0.0,0.0,0.0,0.0,0.0,0.0
"TISTUD-5849",False,"train",0.9735174179077148,0.0,0.0,0.0,0.0,0.0,0.0,0.0,0.0,0.0
"TISTUD-7331",False,"train",0.0,0.0,0.0,0.0,0.0,0.0,0.0,0.0,0.9653745889663696,0.0
"TISTUD-4336",False,"train",0.9865632653236389,0.0,0.0,0.0,0.0,0.0,0.0,0.0,0.0,0.0
"TISTUD-6742",False,"train",0.0,0.0,0.9763034582138062,0.0,0.0,0.0,0.0,0.0,0.0,0.0
"TISTUD-8902",False,"train",0.0,0.0,0.0,0.0,0.9763068556785583,0.0,0.0,0.0,0.0,0.0
"TISTUD-5662",False,"train",0.0,0.0,0.0,0.0,0.0,0.0,0.0,0.9356943368911743,0.0,0.0
"TISTUD-7015",False,"train",0.0,0.0,0.9905225038528442,0.0,0.0,0.0,0.0,0.0,0.0,0.0
"TISTUD-8835",False,"train",0.0,0.0,0.0,0.0,0.8029501438140869,0.0,0.0,0.0,0.0,0.17418541014194489
"TISTUD-7518",False,"train",0.16726692020893097,0.0,0.8237393498420715,0.0,0.0,0.0,0.0,0.0,0.0,0.0
"TISTUD-5976",False,"train",0.0,0.0,0.0,0.0,0.0,0.0,0.0,0.0,0.9709545373916626,0.0
"TISTUD-8454",False,"train",0.0,0.0,0.9608598947525024,0.0,0.0,0.0,0.0,0.0,0.0,0.0
"TISTUD-7469",False,"train",0.0,0.0,0.0,0.0,0.0,0.0,0.0,0.0,0.9785680174827576,0.0
"TISTUD-6009",False,"train",0.698823094367981,0.0,0.0,0.0,0.0,0.0,0.0,0.0,0.0,0.2894083857536316
"TISTUD-6261",False,"train",0.0,0.0,0.8238769769668579,0.0,0.16157397627830505,0.0,0.0,0.0,0.0,0.0
"TISTUD-7979",False,"train",0.0,0.0,0.0,0.0,0.0,0.0,0.0,0.0,0.0,0.9709604978561401
"TISTUD-6898",False,"train",0.0,0.0,0.0,0.0,0.0,0.0767897218465805,0.0,0.9094113707542419,0.0,0.0
"TISTUD-6094",False,"train",0.0,0.0,0.0,0.0,0.0,0.9769123792648315,0.0,0.0,0.0,0.0
"TISTUD-8474",False,"train",0.0,0.0,0.0,0.0,0.0,0.0,0.9799946546554565,0.0,0.0,0.0
"TISTUD-7066",False,"train",0.18345457315444946,0.0,0.0,0.0,0.0,0.0,0.0,0.8078461289405823,0.0,0.0
"TISTUD-8476",False,"train",0.0,0.0,0.0,0.0,0.0,0.78333580493927,0.2050645798444748,0.0,0.0,0.0
"TISTUD-8713",False,"train",0.0,0.0,0.0,0.0,0.47614917159080505,0.0,0.0,0.4971718490123749,0.0,0.0
"TISTUD-6270",False,"train",0.0,0.0,0.9417187571525574,0.0,0.0,0.0,0.033263906836509705,0.0,0.0,0.0
"TISTUD-5067",False,"train",0.0,0.0,0.0,0.990623414516449,0.0,0.0,0.0,0.0,0.0,0.0
"TISTUD-7461",False,"train",0.43069466948509216,0.0,0.0,0.0,0.0,0.0,0.0,0.0,0.0,0.5569944977760315
"TISTUD-9116",False,"train",0.0,0.9975525140762329,0.0,0.0,0.0,0.0,0.0,0.0,0.0,0.0
"TISTUD-5431",False,"train",0.023066362366080284,0.0,0.7531545758247375,0.0,0.0,0.2079102247953415,0.0,0.0,0.0,0.0
"TISTUD-5355",False,"train",0.9763078093528748,0.0,0.0,0.0,0.0,0.0,0.0,0.0,0.0,0.0
"TISTUD-7595",False,"train",0.0,0.0,0.0,0.0,0.0,0.0,0.0,0.9952857494354248,0.0,0.0
"TISTUD-9017",False,"train",0.0,0.0,0.9307482838630676,0.0,0.0,0.0,0.0,0.0,0.0,0.0
"TISTUD-5283",False,"train",0.0,0.0,0.0,0.9888862371444702,0.0,0.0,0.0,0.0,0.0,0.0
"TISTUD-5320",False,"train",0.0,0.0,0.1878175586462021,0.0,0.0,0.4510376453399658,0.34445974230766296,0.0,0.0,0.0
"TISTUD-5322",False,"train",0.0,0.6549820899963379,0.3254919648170471,0.0,0.0,0.0,0.0,0.0,0.0,0.0
"TISTUD-5470",False,"train",0.0,0.9590680003166199,0.0,0.0,0.0,0.0,0.0,0.0,0.0,0.0
"TISTUD-5502",False,"train",0.0,0.0,0.0,0.0,0.0,0.0,0.0,0.0,0.0,0.9590784311294556
"TISTUD-6198",False,"train",0.0,0.0,0.9878324270248413,0.0,0.0,0.0,0.0,0.0,0.0,0.0
"TISTUD-5431",False,"train",0.023066362366080284,0.0,0.7531545758247375,0.0,0.0,0.2079102247953415,0.0,0.0,0.0,0.0
"TISTUD-7066",False,"train",0.18345457315444946,0.0,0.0,0.0,0.0,0.0,0.0,0.8078461289405823,0.0,0.0
"TISTUD-6250",False,"train",0.0,0.0,0.14574410021305084,0.0,0.0,0.0,0.0745796337723732,0.7679993510246277,0.0,0.0
"TISTUD-9108",False,"train",0.0,0.0,0.0,0.0,0.0,0.0,0.0,0.0,0.9249681234359741,0.0
"TISTUD-8998",False,"train",0.0,0.9571360945701599,0.0,0.0,0.0,0.0,0.0,0.0,0.0,0.0
"TISTUD-7446",False,"valid",0.0,0.0,0.0,0.0,0.0,0.0,0.050164736807346344,0.9367137551307678,0.0,0.0
"TISTUD-5283",False,"valid",0.0,0.0,0.0,0.9888862371444702,0.0,0.0,0.0,0.0,0.0,0.0
"TISTUD-7632",False,"valid",0.0,0.0,0.0,0.0,0.0,0.0,0.0,0.9874955415725708,0.0,0.0
"TISTUD-5510",False,"valid",0.9709598422050476,0.0,0.0,0.0,0.0,0.0,0.0,0.0,0.0,0.0
"TISTUD-9142",False,"valid",0.0,0.0,0.0,0.0,0.9878347516059875,0.0,0.0,0.0,0.0,0.0
"TISTUD-7910",False,"valid",0.0,0.0,0.0,0.0,0.0,0.9499856233596802,0.0,0.0,0.0,0.0
"TISTUD-8540",False,"valid",0.0,0.0,0.9847403764724731,0.0,0.0,0.0,0.0,0.0,0.0,0.0
"TISTUD-2905",False,"valid",0.0,0.7465357780456543,0.0,0.0,0.0,0.0,0.0,0.0,0.0,0.23679186403751373
"TISTUD-5538",False,"valid",0.0,0.1304241269826889,0.0,0.0,0.0,0.8564544320106506,0.0,0.0,0.0,0.0
"TISTUD-8714",False,"valid",0.0,0.0,0.0,0.0,0.0,0.0,0.9774891138076782,0.0,0.0,0.0
"TISTUD-7354",False,"valid",0.0,0.0,0.0,0.0,0.0,0.9678484201431274,0.0,0.0,0.0,0.0
"TISTUD-8009",False,"valid",0.0,0.0,0.0,0.0,0.0,0.0,0.0,0.9812462329864502,0.0,0.0
"TISTUD-7111",False,"valid",0.0,0.0,0.0,0.0,0.0,0.0,0.0,0.0,0.9608632326126099,0.0
"TISTUD-7530",False,"valid",0.0,0.0,0.0,0.0,0.0,0.0,0.0,0.3401035666465759,0.6235224604606628,0.0
"TISTUD-6531",False,"valid",0.0,0.0,0.9749904870986938,0.0,0.0,0.0,0.0,0.0,0.0,0.0
"TISTUD-5551",False,"valid",0.0,0.0,0.0,0.0,0.0,0.0,0.0,0.4733526408672333,0.0,0.5128418803215027
"TISTUD-5364",False,"valid",0.962489128112793,0.0,0.0,0.0,0.0,0.0,0.0,0.0,0.0,0.0
"TISTUD-6094",False,"valid",0.0,0.0,0.0,0.0,0.0,0.9769123792648315,0.0,0.0,0.0,0.0
"TISTUD-5007",False,"valid",0.0,0.0,0.0,0.0,0.0,0.0,0.9874974489212036,0.0,0.0,0.0
"TISTUD-4073",False,"valid",0.0,0.0,0.0,0.0,0.0,0.0,0.0,0.0,0.0,0.9878312945365906
"TISTUD-8997",False,"valid",0.0,0.0,0.0,0.0,0.0,0.0,0.0,0.3010960519313812,0.6417344212532043,0.0
"TISTUD-5770",False,"valid",0.0,0.0,0.0,0.0,0.0,0.0,0.0,0.9666526913642883,0.0,0.0
"TISTUD-3805",False,"valid",0.0,0.0,0.0,0.0,0.9624924659729004,0.0,0.0,0.0,0.0,0.0
"TISTUD-8848",True,"valid",0.0,0.0,0.0,0.0,0.0,0.0,0.0,0.9639892578125,0.0,0.0
"TISTUD-5020",False,"valid",0.0,0.0,0.675417423248291,0.0,0.0,0.0,0.0,0.0,0.30718138813972473,0.0
"TISTUD-6969",False,"valid",0.5303509831428528,0.0,0.21852831542491913,0.0,0.0,0.0,0.0,0.18613089621067047,0.0,0.05873183161020279
"TISTUD-5007",False,"valid",0.0,0.0,0.0,0.0,0.0,0.0,0.9874974489212036,0.0,0.0,0.0
"TISTUD-7979",False,"valid",0.0,0.0,0.0,0.0,0.0,0.0,0.0,0.0,0.0,0.9709604978561401
"TISTUD-3863",True,"valid",0.0,0.0,0.0,0.0,0.0,0.9499735236167908,0.0,0.0,0.0,0.0
"TISTUD-6155",False,"valid",0.0,0.0,0.0,0.0,0.9816291332244873,0.0,0.0,0.0,0.0,0.0
"TISTUD-7606",False,"valid",0.0,0.0,0.0,0.0,0.0,0.9859310984611511,0.0,0.0,0.0,0.0
"TISTUD-8693",False,"valid",0.0,0.0,0.0,0.0,0.0,0.0,0.0,0.610959529876709,0.0,0.37303295731544495
"TISTUD-5067",False,"valid",0.0,0.0,0.0,0.990623414516449,0.0,0.0,0.0,0.0,0.0,0.0
"TISTUD-8540",False,"valid",0.0,0.0,0.9847403764724731,0.0,0.0,0.0,0.0,0.0,0.0,0.0
"TISTUD-8998",False,"valid",0.0,0.9571360945701599,0.0,0.0,0.0,0.0,0.0,0.0,0.0,0.0
"TISTUD-3804",False,"valid",0.0,0.0,0.0,0.0,0.0,0.0,0.9718545079231262,0.0,0.0,0.0
"TISTUD-7791",False,"valid",0.0,0.0,0.0,0.0,0.0,0.0,0.0,0.9869527816772461,0.0,0.0
"TISTUD-6582",False,"valid",0.0,0.0,0.0,0.0,0.0,0.0,0.9756601452827454,0.0,0.0,0.0
"TISTUD-3805",False,"valid",0.0,0.0,0.0,0.0,0.9624924659729004,0.0,0.0,0.0,0.0,0.0
"TISTUD-3421",False,"valid",0.9867597222328186,0.0,0.0,0.0,0.0,0.0,0.0,0.0,0.0,0.0
"TISTUD-5671",False,"valid",0.0,0.0,0.0,0.0,0.9808463454246521,0.0,0.0,0.0,0.0,0.0
"TISTUD-7449",False,"valid",0.0,0.0,0.9571254849433899,0.0,0.0,0.0,0.0,0.0,0.0,0.0
"TISTUD-8934",False,"valid",0.0,0.0,0.9919617772102356,0.0,0.0,0.0,0.0,0.0,0.0,0.0
"TISTUD-8791",False,"valid",0.0,0.0,0.0,0.0,0.0,0.0,0.0,0.9888736605644226,0.0,0.0
"TISTUD-7530",False,"valid",0.0,0.0,0.0,0.0,0.0,0.0,0.0,0.3401035666465759,0.6235224604606628,0.0
"TISTUD-6310",False,"valid",0.0,0.0,0.0,0.0,0.0,0.0,0.0,0.0,0.0,0.9808385372161865
"TISTUD-9029",False,"valid",0.0,0.0,0.0,0.0,0.0,0.0,0.0,0.420349657535553,0.5614569187164307,0.0
"TISTUD-2905",False,"valid",0.0,0.7465357780456543,0.0,0.0,0.0,0.0,0.0,0.0,0.0,0.23679186403751373
"TISTUD-7682",False,"valid",0.0,0.0,0.0,0.0,0.0,0.0,0.9943011403083801,0.0,0.0,0.0
"TISTUD-5459",False,"valid",0.0,0.38281944394111633,0.6094807982444763,0.0,0.0,0.0,0.0,0.0,0.0,0.0
"TISTUD-6647",False,"valid",0.0,0.0,0.8656734824180603,0.0,0.11831624805927277,0.0,0.0,0.0,0.0,0.0
"TISTUD-5392",False,"valid",0.3889690339565277,0.0,0.0,0.0,0.0,0.2759140431880951,0.31450989842414856,0.0,0.0,0.0
"TISTUD-5029",False,"valid",0.0,0.0,0.0,0.0,0.0,0.0,0.0,0.0,0.0,0.9727146029472351
"TISTUD-5538",False,"valid",0.0,0.1304241269826889,0.0,0.0,0.0,0.8564544320106506,0.0,0.0,0.0,0.0
"TISTUD-4087",False,"valid",0.0,0.0,0.8808421492576599,0.0,0.0,0.1158362403512001,0.0,0.0,0.0,0.0
"TISTUD-7052",False,"valid",0.0,0.0,0.0,0.0,0.0,0.0,0.9785659313201904,0.0,0.0,0.0
"TISTUD-6116",False,"valid",0.9718642234802246,0.0,0.0,0.0,0.0,0.0,0.0,0.0,0.0,0.0
"TISTUD-7911",False,"valid",0.30214419960975647,0.0,0.0,0.0,0.0,0.6840577721595764,0.0,0.0,0.0,0.0
"TISTUD-8948",False,"valid",0.0,0.1664227694272995,0.0,0.338932067155838,0.0,0.0,0.0,0.0,0.4924651086330414,0.0
"TISTUD-5913",False,"valid",0.35243070125579834,0.0,0.6346507668495178,0.0,0.0,0.0,0.0,0.0,0.0,0.0
"TISTUD-8918",False,"valid",0.0,0.0,0.993018627166748,0.0,0.0,0.0,0.0,0.0,0.0,0.0
"TISTUD-5325",False,"valid",0.0,0.9816255569458008,0.0,0.0,0.0,0.0,0.0,0.0,0.0,0.0
"TISTUD-7684",False,"valid",0.9869533777236938,0.0,0.0,0.0,0.0,0.0,0.0,0.0,0.0,0.0
"TISTUD-4087",False,"valid",0.0,0.0,0.8808421492576599,0.0,0.0,0.1158362403512001,0.0,0.0,0.0,0.0
"TISTUD-5953",False,"valid",0.0,0.9839211106300354,0.0,0.0,0.0,0.0,0.0,0.0,0.0,0.0
"TISTUD-7548",False,"valid",0.0,0.0,0.9749855399131775,0.0,0.0,0.0,0.0,0.0,0.0,0.0
"TISTUD-7880",False,"valid",0.0,0.0,0.0,0.0,0.0,0.0,0.9906206130981445,0.0,0.0,0.0
"TISTUD-5759",False,"valid",0.0,0.0,0.0,0.0,0.0,0.0,0.0,0.0,0.9812440276145935,0.0
"TISTUD-5076",False,"valid",0.0,0.0,0.0,0.9906232357025146,0.0,0.0,0.0,0.0,0.0,0.0
"TISTUD-4525",False,"valid",0.0,0.0,0.0,0.0,0.9869518280029297,0.0,0.0,0.0,0.0,0.0
"TISTUD-7652",False,"valid",0.0,0.0,0.0,0.0,0.0,0.0,0.9895235300064087,0.0,0.0,0.0
"TISTUD-5401",False,"valid",0.0,0.0,0.0,0.9816237092018127,0.0,0.0,0.0,0.0,0.0,0.0
"TISTUD-8509",False,"valid",0.0,0.9571320414543152,0.0,0.0,0.0,0.0,0.0,0.0,0.0,0.0
"TISTUD-7619",False,"valid",0.0,0.0,0.0,0.0,0.0,0.0,0.0,0.0,0.970960259437561,0.0
"TISTUD-2467",False,"valid",0.0,0.0,0.0,0.0,0.0,0.3381316065788269,0.0,0.0,0.0,0.6491640210151672
"TISTUD-6272",False,"valid",0.9526023864746094,0.0,0.0,0.0,0.0,0.0,0.0,0.0,0.0,0.0
"TISTUD-7032",False,"valid",0.0,0.97691810131073,0.0,0.0,0.0,0.0,0.0,0.0,0.0,0.0
"TISTUD-5419",False,"valid",0.0,0.0,0.9861385226249695,0.0,0.0,0.0,0.0,0.0,0.0,0.0
"TISTUD-5381",False,"valid",0.0,0.0,0.0,0.0,0.7903227210044861,0.0,0.0,0.19900557398796082,0.0,0.0
"TISTUD-9093",False,"valid",0.0,0.0,0.0,0.0,0.0,0.0,0.0,0.0,0.0,0.9763105511665344
"TISTUD-9048",False,"valid",0.0,0.0,0.9915831685066223,0.0,0.0,0.0,0.0,0.0,0.0,0.0
"TISTUD-6924",False,"valid",0.0,0.0,0.0,0.0,0.0,0.0,0.0,0.0,0.970955491065979,0.0
"TISTUD-7015",False,"valid",0.0,0.0,0.9905225038528442,0.0,0.0,0.0,0.0,0.0,0.0,0.0
"TISTUD-9053",False,"valid",0.0,0.0,0.0,0.0,0.0,0.0,0.9883071184158325,0.0,0.0,0.0
"TISTUD-9040",False,"valid",0.0,0.0,0.0,0.0,0.9307410717010498,0.0,0.0,0.0,0.0,0.0
"TISTUD-7461",False,"valid",0.43069466948509216,0.0,0.0,0.0,0.0,0.0,0.0,0.0,0.0,0.5569944977760315
"TISTUD-5067",False,"valid",0.0,0.0,0.0,0.990623414516449,0.0,0.0,0.0,0.0,0.0,0.0
"TISTUD-9113",False,"valid",0.0,0.0,0.0,0.0,0.0,0.0,0.0,0.9571189880371094,0.0,0.0
"TISTUD-5075",False,"valid",0.0,0.0,0.0,0.9906231164932251,0.0,0.0,0.0,0.0,0.0,0.0
"TISTUD-5068",False,"valid",0.0,0.0,0.0,0.9906232357025146,0.0,0.0,0.0,0.0,0.0,0.0
"TISTUD-6297",False,"valid",0.0,0.0,0.0,0.0,0.0,0.0,0.9699926376342773,0.0,0.0,0.0
"TISTUD-7852",False,"valid",0.0,0.0,0.0,0.0,0.5561261773109436,0.0,0.0,0.4275377690792084,0.0,0.0
"TISTUD-9060",False,"valid",0.9890198707580566,0.0,0.0,0.0,0.0,0.0,0.0,0.0,0.0,0.0
"TISTUD-1335",False,"valid",0.0,0.0,0.9867587685585022,0.0,0.0,0.0,0.0,0.0,0.0,0.0
"TISTUD-9063",False,"valid",0.0,0.0,0.6358504295349121,0.0,0.0,0.0,0.0,0.3493281602859497,0.0,0.0
"TISTUD-5168",False,"valid",0.0,0.0,0.0,0.0,0.0,0.0,0.0,0.0,0.9608569741249084,0.0
"TISTUD-5843",False,"valid",0.27786457538604736,0.0,0.0,0.0,0.7094294428825378,0.0,0.0,0.0,0.0,0.0
"TISTUD-8836",False,"valid",0.0,0.0,0.0,0.0,0.0,0.0,0.0,0.9437330961227417,0.0,0.0
"TISTUD-4974",False,"valid",0.0,0.0,0.3045071065425873,0.0,0.0,0.0,0.0,0.0,0.6812010407447815,0.0
"TISTUD-6122",False,"valid",0.0,0.0,0.0,0.0,0.0,0.9624746441841125,0.0,0.0,0.0,0.0
"TISTUD-7591",False,"valid",0.9549872279167175,0.0,0.0,0.0,0.0,0.0,0.0,0.0,0.0,0.0
"TISTUD-8577",False,"valid",0.0,0.997194766998291,0.0,0.0,0.0,0.0,0.0,0.0,0.0,0.0
"TISTUD-5339",False,"valid",0.987318217754364,0.0,0.0,0.0,0.0,0.0,0.0,0.0,0.0,0.0
"TISTUD-7879",False,"valid",0.0,0.0,0.0,0.0,0.0,0.6535232663154602,0.0,0.0,0.0,0.2964428961277008
"TISTUD-5614",False,"valid",0.0,0.0,0.0,0.0,0.0,0.1901462972164154,0.0,0.7990367412567139,0.0,0.0
"TISTUD-8848",True,"valid",0.0,0.0,0.0,0.0,0.0,0.0,0.0,0.9639892578125,0.0,0.0
"TISTUD-5510",False,"valid",0.9709598422050476,0.0,0.0,0.0,0.0,0.0,0.0,0.0,0.0,0.0
"TISTUD-9086",False,"valid",0.0,0.0,0.0,0.9735053777694702,0.0,0.0,0.0,0.0,0.0,0.0
"TISTUD-8866",False,"valid",0.0,0.0,0.0,0.0,0.0,0.0,0.0,0.0,0.0,0.9470474123954773
"TISTUD-8573",False,"valid",0.7180930376052856,0.0,0.0,0.0,0.0,0.0,0.2789088189601898,0.0,0.0,0.0
"TISTUD-5779",False,"valid",0.24510034918785095,0.0,0.0,0.0,0.0,0.7406063079833984,0.0,0.0,0.0,0.0
"TISTUD-7880",False,"valid",0.0,0.0,0.0,0.0,0.0,0.0,0.9906206130981445,0.0,0.0,0.0
"TISTUD-6218",False,"valid",0.0,0.0,0.0,0.0,0.0,0.0,0.9852402806282043,0.0,0.0,0.0
"TISTUD-7682",False,"valid",0.0,0.0,0.0,0.0,0.0,0.0,0.9943011403083801,0.0,0.0,0.0
"TISTUD-6709",False,"valid",0.9608489274978638,0.0,0.0,0.0,0.0,0.0,0.0,0.0,0.0,0.0
"TISTUD-5109",False,"valid",0.0,0.9965236186981201,0.0,0.0,0.0,0.0,0.0,0.0,0.0,0.0
"TISTUD-6456",False,"valid",0.0,0.0,0.0,0.0,0.0,0.0,0.9470383524894714,0.0,0.0,0.0
"TISTUD-8506",False,"valid",0.0,0.0,0.0,0.0,0.0,0.9965373277664185,0.0,0.0,0.0,0.0
"TISTUD-5283",False,"valid",0.0,0.0,0.0,0.9888862371444702,0.0,0.0,0.0,0.0,0.0,0.0
"TISTUD-8536",False,"valid",0.0,0.0,0.0,0.0,0.0,0.0,0.0,0.0,0.9709561467170715,0.0
"TISTUD-5539",False,"valid",0.0,0.0,0.0,0.0,0.0,0.0,0.0,0.9470405578613281,0.0,0.0
"TISTUD-4191",False,"valid",0.0,0.0,0.9718676209449768,0.0,0.0,0.0,0.0,0.0,0.0,0.0
"TISTUD-7659",False,"valid",0.0,0.0,0.0,0.0,0.0,0.0,0.0,0.0,0.0,0.9742797613143921
"TISTUD-5914",False,"valid",0.5019286274909973,0.0,0.4853536784648895,0.0,0.0,0.0,0.0,0.0,0.0,0.0
"TISTUD-6778",False,"valid",0.0,0.0,0.9836313128471375,0.0,0.0,0.0,0.0,0.0,0.0,0.0
"TISTUD-5329",False,"valid",0.0,0.0,0.0,0.7077942490577698,0.0,0.0,0.0,0.0,0.0,0.26638832688331604
"TISTUD-5479",False,"valid",0.0,0.0,0.0,0.0,0.0,0.0,0.9526165723800659,0.0,0.0,0.0
"TISTUD-5294",False,"valid",0.0,0.0,0.0,0.0,0.0,0.9986464381217957,0.0,0.0,0.0,0.0
"TISTUD-9159",True,"test",0.3178316056728363,0.0,0.0,0.0,0.0,0.1719830483198166,0.0,0.49462199211120605,0.0,0.0
"TISTUD-9148",False,"test",0.0,0.0,0.8204749226570129,0.0,0.13182297348976135,0.0,0.0,0.0,0.0,0.0
"TISTUD-9145",False,"test",0.5053707361221313,0.0,0.0,0.0,0.0,0.0,0.0,0.0,0.42794308066368103,0.0
"TISTUD-9138",False,"test",0.9526048898696899,0.0,0.0,0.0,0.0,0.0,0.0,0.0,0.0,0.0
"TISTUD-9137",False,"test",0.0,0.0,0.5004656314849854,0.0,0.0,0.30199143290519714,0.0,0.0,0.0,0.18832655251026154
"TISTUD-9125",False,"test",0.16069498658180237,0.0,0.0,0.15187886357307434,0.10141895711421967,0.17681360244750977,0.0,0.40593767166137695,0.0,0.0
"TISTUD-9121",False,"test",0.0,0.0,0.44807136058807373,0.0,0.0,0.0,0.0,0.06288645416498184,0.0,0.4598488509654999
"TISTUD-9117",False,"test",0.17376039922237396,0.0,0.317844420671463,0.0,0.34683406352996826,0.0,0.0,0.11806836724281311,0.0,0.03366052359342575
"TISTUD-9111",False,"test",0.0,0.0,0.0,0.0,0.0,0.0,0.0,0.0,0.0,0.9356812238693237
"TISTUD-9101",False,"test",0.0,0.0,0.4223485589027405,0.0,0.0,0.0,0.0,0.0,0.0,0.5049054622650146
"TISTUD-9092",False,"test",0.0,0.0,0.9726935625076294,0.0,0.0,0.0,0.0,0.0,0.0,0.0
"TISTUD-9085",False,"test",0.0,0.0,0.0,0.13542905449867249,0.1920635998249054,0.22601716220378876,0.15368179976940155,0.0,0.0,0.2749325633049011
"TISTUD-9055",False,"test",0.0,0.0,0.7363759875297546,0.0,0.03908227011561394,0.0,0.0,0.0,0.13987098634243011,0.07596709579229355
"TISTUD-9042",False,"test",0.0,0.0,0.6849960684776306,0.0,0.0,0.0,0.0,0.0,0.25343674421310425,0.0
"TISTUD-9031",False,"test",0.0,0.0,0.32512322068214417,0.0,0.0,0.3087638020515442,0.0,0.3471817374229431,0.0,0.0
"TISTUD-8984",False,"test",0.4488224685192108,0.0,0.46221303939819336,0.0,0.07052865624427795,0.0,0.0,0.0,0.0,0.0
"TISTUD-8978",False,"test",0.0,0.0,0.0,0.0,0.0,0.1342136412858963,0.0,0.8399606347084045,0.0,0.0
"TISTUD-8966",False,"test",0.7445750832557678,0.0,0.0,0.0,0.039498310536146164,0.0,0.0,0.20218917727470398,0.0,0.0
"TISTUD-8963",False,"test",0.21945513784885406,0.0,0.10437194257974625,0.0,0.0,0.0,0.0,0.0,0.15758152306079865,0.49545949697494507
"TISTUD-8960",True,"test",0.0,0.21140828728675842,0.275176465511322,0.0,0.0,0.318762868642807,0.0,0.18225044012069702,0.0,0.0
"TISTUD-8945",False,"test",0.0,0.0,0.1783796101808548,0.0,0.02581445500254631,0.09669598937034607,0.4403299391269684,0.2573593556880951,0.0,0.0
"TISTUD-8944",False,"test",0.0,0.0,0.9356781840324402,0.0,0.0,0.0,0.0,0.0,0.0,0.0
"TISTUD-8936",False,"test",0.0,0.0,0.8237348198890686,0.0,0.0,0.0,0.0,0.0,0.16197286546230316,0.0
"TISTUD-8932",False,"test",0.0,0.0,0.17478151619434357,0.0,0.0,0.0,0.0,0.2226693332195282,0.0,0.5806631445884705
"TISTUD-8929",False,"test",0.0,0.0,0.0,0.0,0.0,0.1021822914481163,0.0,0.35059648752212524,0.0,0.5167363286018372
"TISTUD-8928",False,"test",0.0,0.0,0.3540370464324951,0.0,0.0,0.0,0.0,0.2889833152294159,0.0,0.3265224099159241
"TISTUD-8912",False,"test",0.0,0.0,0.7229033708572388,0.0,0.0,0.0,0.0,0.23260414600372314,0.0,0.0
"TISTUD-8911",False,"test",0.0,0.0,0.37655916810035706,0.0,0.0,0.0,0.0,0.5886344313621521,0.0,0.0
"TISTUD-8905",False,"test",0.0,0.0,0.0,0.05484143644571304,0.0,0.0,0.0,0.41742271184921265,0.509652853012085,0.0
"TISTUD-8885",False,"test",0.5930981040000916,0.2583090364933014,0.0,0.0,0.0,0.0,0.0,0.13485568761825562,0.0,0.0
"TISTUD-8883",False,"test",0.09110016375780106,0.8516677021980286,0.0,0.015968933701515198,0.0,0.0,0.0,0.0,0.03932595252990723,0.0
"TISTUD-8882",False,"test",0.44398170709609985,0.08861272037029266,0.20600520074367523,0.0,0.07275290787220001,0.06076996028423309,0.0,0.12398181855678558,0.0,0.0
"TISTUD-8875",False,"test",0.0,0.0,0.4151555597782135,0.0,0.5572444796562195,0.0,0.0,0.0,0.0,0.0
"TISTUD-8864",False,"test",0.0,0.0,0.0,0.0,0.0,0.0,0.0,0.947047770023346,0.0,0.0
"TISTUD-8840",True,"test",0.020011987537145615,0.020014949142932892,0.020011574029922485,0.020008960738778114,0.5584520101547241,0.28146255016326904,0.020009417086839676,0.02000930905342102,0.02001034840941429,0.020008908584713936
"TISTUD-8838",False,"test",0.0,0.0,0.15855863690376282,0.0,0.07623981684446335,0.6113949418067932,0.0,0.0,0.14587806165218353,0.0
"TISTUD-8819",False,"test",0.24553735554218292,0.019846409559249878,0.7184956669807434,0.0,0.0,0.0,0.0,0.0,0.0,0.0
"TISTUD-8795",False,"test",0.0,0.0,0.6746613383293152,0.0,0.26050499081611633,0.0,0.0,0.05387900024652481,0.0,0.0
"TISTUD-8794",False,"test",0.16199660301208496,0.0,0.18057136237621307,0.12894392013549805,0.0,0.0,0.0,0.156089186668396,0.3677173852920532,0.0
"TISTUD-8788",False,"test",0.0932636708021164,0.0,0.5272580981254578,0.37410956621170044,0.0,0.0,0.0,0.0,0.0,0.0
"TISTUD-8779",False,"test",0.5470091700553894,0.10315228253602982,0.04140909016132355,0.18665023148059845,0.0,0.0,0.0,0.1160040870308876,0.0,0.0
"TISTUD-8769",False,"test",0.2937737703323364,0.0,0.22228750586509705,0.0,0.0,0.06946630775928497,0.0,0.10304777324199677,0.0,0.3014027178287506
"TISTUD-8750",False,"test",0.0,0.0,0.16171947121620178,0.2666131258010864,0.0,0.0,0.10766413807868958,0.0,0.4408893585205078,0.0
"TISTUD-8741",False,"test",0.0,0.0,0.0,0.3596557080745697,0.0,0.0,0.0,0.0,0.5869882106781006,0.0
"TISTUD-8729",False,"test",0.0,0.0,0.2724108099937439,0.0,0.1460336297750473,0.2778424024581909,0.0,0.2938655912876129,0.0,0.0
"TISTUD-8698",False,"test",0.6395270228385925,0.0,0.0,0.0,0.0,0.0,0.0,0.0,0.34834611415863037,0.0
"TISTUD-8685",False,"test",0.5195958614349365,0.05032303184270859,0.35439127683639526,0.0,0.0,0.0,0.0,0.0,0.0,0.0718277245759964
"TISTUD-8659",False,"test",0.0,0.04237008094787598,0.5982591509819031,0.0,0.0,0.34824979305267334,0.0,0.0,0.0,0.0
"TISTUD-8658",False,"test",0.0,0.0,0.3464260697364807,0.0,0.03452588990330696,0.27703243494033813,0.0,0.13093353807926178,0.0,0.20592144131660461
"TISTUD-8641",False,"test",0.0,0.07417748123407364,0.7599695324897766,0.0,0.0,0.0,0.0,0.14956775307655334,0.0,0.0
"TISTUD-8610",False,"test",0.4177267849445343,0.0,0.1700456738471985,0.05078210309147835,0.039097052067518234,0.059000302106142044,0.2595330476760864,0.0,0.0,0.0
"TISTUD-8588",False,"test",0.0,0.0,0.0,0.0,0.142568439245224,0.0,0.0,0.267691969871521,0.5754578113555908,0.0
"TISTUD-8584",False,"test",0.0,0.0,0.1212385892868042,0.34470903873443604,0.0,0.0,0.0,0.19520942866802216,0.3315136134624481,0.0
"TISTUD-8576",False,"test",0.2827373743057251,0.0,0.27378854155540466,0.37920957803726196,0.0,0.0,0.0,0.0,0.0577826090157032,0.0
"TISTUD-8569",False,"test",0.0413818359375,0.9241858124732971,0.0,0.0,0.0,0.0,0.0,0.03206333890557289,0.0,0.0
"TISTUD-8564",False,"test",0.0,0.0,0.0,0.0,0.36495107412338257,0.5683537125587463,0.0,0.0,0.0,0.0
"TISTUD-8530",False,"test",0.0,0.0,0.0996074452996254,0.0,0.0,0.4022730886936188,0.0,0.47476431727409363,0.0,0.0
"TISTUD-8529",False,"test",0.0,0.0,0.5668399930000305,0.0,0.0,0.3998044729232788,0.0,0.0,0.0,0.0
"TISTUD-8527",False,"test",0.0,0.0,0.8042518496513367,0.0,0.0,0.0,0.0,0.0480862557888031,0.0,0.12703487277030945
"TISTUD-8524",False,"test",0.0,0.0,0.708206057548523,0.0,0.0,0.0,0.0,0.0,0.0,0.2536791265010834
"TISTUD-8523",False,"test",0.09674712270498276,0.5494526028633118,0.016243111342191696,0.21700984239578247,0.0,0.0,0.0,0.0,0.11823051422834396,0.0
"TISTUD-8516",False,"test",0.29398399591445923,0.5507258176803589,0.03945420682430267,0.11299911141395569,0.0,0.0,0.0,0.0,0.0,0.0
"TISTUD-8461",False,"test",0.45353782176971436,0.0,0.07337219268083572,0.0,0.0,0.0,0.4605838656425476,0.0,0.0,0.0
"TISTUD-8023",False,"test",0.0,0.05736548826098442,0.5368894934654236,0.0,0.0,0.3949703574180603,0.0,0.0,0.0,0.0
"TISTUD-8019",False,"test",0.8519681692123413,0.0,0.07349999994039536,0.0,0.0,0.0,0.0,0.0,0.06405441462993622,0.0
"TISTUD-7991",False,"test",0.0,0.0,0.20525582134723663,0.0,0.0,0.0,0.0,0.46453016996383667,0.14986997842788696,0.1723395586013794
"TISTUD-7971",False,"test",0.46549952030181885,0.0,0.0,0.0,0.07862091809511185,0.0,0.0,0.4426678419113159,0.0,0.0
"TISTUD-7960",False,"test",0.3365934193134308,0.0,0.0,0.0,0.11061003804206848,0.0,0.22857818007469177,0.30602434277534485,0.0,0.0
"TISTUD-7916",False,"test",0.0,0.0,0.0,0.0,0.0,0.2752120792865753,0.22804896533489227,0.4800562858581543,0.0,0.0
"TISTUD-7822",False,"test",0.551201343536377,0.0,0.0,0.0,0.0,0.2088336944580078,0.0,0.0,0.0,0.2259499579668045
"TISTUD-7805",False,"test",0.0,0.0,0.7046171426773071,0.0,0.0,0.0,0.0,0.25085514783859253,0.0,0.0
"TISTUD-7804",False,"test",0.0,0.0,0.8673138618469238,0.0,0.11786569654941559,0.0,0.0,0.0,0.0,0.0
"TISTUD-7796",False,"test",0.0,0.11092756688594818,0.0,0.14096085727214813,0.0,0.0,0.0,0.6917738914489746,0.0,0.05336541309952736
"TISTUD-7758",False,"test",0.0,0.0,0.0,0.0,0.0,0.0,0.26735353469848633,0.6978487372398376,0.0,0.0
"TISTUD-7756",True,"test",0.0,0.0,0.7907264828681946,0.0,0.0,0.0,0.0,0.18164481222629547,0.0,0.0
"TISTUD-7754",False,"test",0.0,0.0,0.9437265992164612,0.0,0.0,0.0,0.0,0.0,0.0,0.0
"TISTUD-7726",False,"test",0.4998924136161804,0.0,0.0,0.0,0.15640994906425476,0.10060710459947586,0.0,0.0,0.21149475872516632,0.0
"TISTUD-7706",False,"test",0.28013336658477783,0.0,0.04058341309428215,0.0,0.17522461712360382,0.0,0.0,0.4959465265274048,0.0,0.0
"TISTUD-7705",False,"test",0.15376238524913788,0.0,0.1552063375711441,0.05400608852505684,0.0,0.0,0.15256112813949585,0.20058147609233856,0.0,0.2743450701236725
"TISTUD-7691",False,"test",0.9842038154602051,0.0,0.0,0.0,0.0,0.0,0.0,0.0,0.0,0.0
"TISTUD-7689",False,"test",0.0,0.0,0.11810696125030518,0.0,0.1375943422317505,0.0,0.1771571934223175,0.5567902326583862,0.0,0.0
"TISTUD-7683",False,"test",0.6058114171028137,0.0,0.0,0.0,0.0,0.0,0.3822365999221802,0.0,0.0,0.0
"TISTUD-7678",True,"test",0.0,0.0,0.0,0.0,0.0,0.0,0.5776824951171875,0.38229963183403015,0.0,0.0
"TISTUD-7673",False,"test",0.0,0.0,0.0,0.0,0.0,0.0,0.0,0.981626570224762,0.0,0.0
"TISTUD-7642",False,"test",0.43972718715667725,0.0,0.1956668645143509,0.0,0.0,0.0,0.0,0.0,0.18032023310661316,0.17605836689472198
"TISTUD-7621",False,"test",0.056385282427072525,0.5847121477127075,0.0,0.08746769279241562,0.0,0.0,0.0,0.0,0.11758726090192795,0.15087343752384186
"TISTUD-7616",False,"test",0.7593979239463806,0.0,0.0,0.0,0.10253100097179413,0.12368657439947128,0.0,0.0,0.0,0.0
"TISTUD-7611",False,"test",0.11787769943475723,0.0,0.0,0.0,0.0,0.0,0.5879384279251099,0.2775109112262726,0.0,0.0
"TISTUD-7608",False,"test",0.0,0.0,0.1880560666322708,0.0,0.0,0.0,0.0,0.0,0.06558424979448318,0.7323511838912964
"TISTUD-7607",False,"test",0.0,0.0,0.0,0.46243253350257874,0.0,0.0,0.5125561356544495,0.0,0.0,0.0
"TISTUD-7526",False,"test",0.5879467129707336,0.0,0.0,0.1408620923757553,0.0,0.0,0.0,0.12487547844648361,0.12019655853509903,0.0
"TISTUD-7523",False,"test",0.0,0.0,0.7764495611190796,0.0,0.0,0.0,0.0,0.0,0.20449583232402802,0.0
"TISTUD-7510",False,"test",0.0,0.0,0.9359527826309204,0.0,0.0,0.0,0.0,0.0,0.050472721457481384,0.0
"TISTUD-7495",False,"test",0.32074669003486633,0.18038751184940338,0.17058832943439484,0.0,0.0,0.02476550079882145,0.0,0.203978031873703,0.09476957470178604,0.0
"TISTUD-7450",False,"test",0.0,0.0,0.9437142014503479,0.0,0.0,0.0,0.0,0.0,0.0,0.0
"TISTUD-7447",False,"test",0.29994481801986694,0.0,0.0,0.0,0.0,0.059256911277770996,0.0,0.0,0.6265056729316711,0.0
"TISTUD-7430",False,"test",0.012502795085310936,0.012505396269261837,0.5821913480758667,0.012502877041697502,0.31777724623680115,0.012503369711339474,0.012502714060246944,0.01250361930578947,0.012504758313298225,0.012505881488323212
"TISTUD-7338",False,"test",0.0,0.0,0.3569236695766449,0.0,0.0,0.0,0.5859114527702332,0.0,0.0,0.0
"TISTUD-7249",False,"test",0.8506768941879272,0.0,0.10223221778869629,0.0,0.0,0.0,0.0,0.0,0.0,0.0
"TISTUD-7208",False,"test",0.0,0.0,0.0,0.0,0.0,0.0,0.0,0.5557727813720703,0.0,0.38265544176101685
"TISTUD-7180",False,"test",0.0,0.0,0.3351190686225891,0.0,0.0,0.0,0.0,0.653765857219696,0.0,0.0
"TISTUD-7122",False,"test",0.500980794429779,0.06273697316646576,0.27353397011756897,0.0,0.1413062959909439,0.0,0.0,0.0,0.0,0.0
"TISTUD-7109",False,"test",0.0,0.0,0.15856772661209106,0.0,0.0,0.0,0.0,0.0,0.8164229393005371,0.0
"TISTUD-7087",False,"test",0.0,0.0,0.26446080207824707,0.0,0.0,0.0,0.0,0.0,0.17517773807048798,0.5298845171928406
"TISTUD-7061",False,"test",0.4301765561103821,0.0,0.0,0.0,0.0,0.0,0.3319132328033447,0.21995247900485992,0.0,0.0
"TISTUD-6978",False,"test",0.7328335642814636,0.0,0.0,0.0,0.10795480012893677,0.0,0.0,0.0,0.11246387660503387,0.0
"TISTUD-6951",False,"test",0.7811096906661987,0.0,0.11523459106683731,0.0,0.01265424583107233,0.0,0.0,0.06116839870810509,0.026721816509962082,0.0
"TISTUD-6917",False,"test",0.0,0.022129623219370842,0.4909280240535736,0.0,0.0,0.0,0.0,0.47859856486320496,0.0,0.0
"TISTUD-6909",False,"test",0.0,0.1627930849790573,0.19385547935962677,0.0,0.0,0.532945454120636,0.0,0.0,0.10500360280275345,0.0
"TISTUD-6871",False,"test",0.1475372463464737,0.0,0.0,0.0,0.8373644351959229,0.0,0.0,0.0,0.0,0.0
"TISTUD-6772",False,"test",0.8597269654273987,0.0,0.0,0.0,0.0,0.0,0.0,0.12457782030105591,0.0,0.0
"TISTUD-6755",False,"test",0.0,0.0,0.0,0.0,0.0,0.22695812582969666,0.22308553755283356,0.5324477553367615,0.0,0.0
"TISTUD-6702",False,"test",0.0,0.0,0.6450784802436829,0.03446907177567482,0.0,0.15706083178520203,0.0,0.0,0.0,0.15136955678462982
"TISTUD-6689",False,"test",0.733170747756958,0.0,0.0,0.0,0.0,0.11381587386131287,0.1317749321460724,0.0,0.0,0.0
"TISTUD-6603",False,"test",0.0,0.0,0.0,0.0,0.0,0.43412283062934875,0.0,0.20646771788597107,0.0,0.3399420976638794
"TISTUD-6581",False,"test",0.960841715335846,0.0,0.0,0.0,0.0,0.0,0.0,0.0,0.0,0.0
"TISTUD-6523",False,"test",0.48886510729789734,0.0,0.2753540575504303,0.0,0.0,0.0,0.21986661851406097,0.0,0.0,0.0
"TISTUD-6514",False,"test",0.0,0.5166016221046448,0.334939181804657,0.0,0.0,0.0,0.0,0.07661019265651703,0.0,0.060050904750823975
"TISTUD-6455",False,"test",0.0,0.09440568089485168,0.0,0.0,0.0,0.0,0.7550280690193176,0.0,0.0,0.12362485378980637
"TISTUD-6447",False,"test",0.0,0.0,0.0,0.930738627910614,0.0,0.0,0.0,0.0,0.0,0.0
"TISTUD-6445",False,"test",0.0,0.0,0.0,0.9307392835617065,0.0,0.0,0.0,0.0,0.0,0.0
"TISTUD-6444",False,"test",0.0,0.0,0.0,0.9399749636650085,0.0,0.0,0.0,0.0,0.0,0.0
"TISTUD-6442",False,"test",0.0,0.30410537123680115,0.31387031078338623,0.0,0.0,0.0,0.0,0.35508766770362854,0.0,0.0
"TISTUD-6422",False,"test",0.0,0.0,0.199668750166893,0.0,0.0,0.0,0.6313031315803528,0.0,0.15106017887592316,0.0
"TISTUD-6350",False,"test",0.24334816634655,0.0,0.0,0.0,0.3627704083919525,0.0,0.37570473551750183,0.0,0.0,0.0
"TISTUD-6337",False,"test",0.0,0.0,0.422472208738327,0.0,0.0,0.0,0.0,0.13400380313396454,0.0,0.434660404920578
"TISTUD-6323",False,"test",0.0,0.0,0.478664368391037,0.2513863742351532,0.0,0.0,0.0,0.0,0.25049248337745667,0.0
"TISTUD-6307",False,"test",0.14388644695281982,0.0,0.37411507964134216,0.0,0.0,0.0,0.0,0.16965000331401825,0.035791654139757156,0.2671063244342804
"TISTUD-6280",False,"test",0.16585399210453033,0.0,0.3409433662891388,0.0,0.0,0.24685975909233093,0.0,0.0,0.05206741392612457,0.18606992065906525
"TISTUD-6273",False,"test",0.18067666888237,0.0,0.7771902084350586,0.0,0.0,0.0,0.0,0.0,0.0,0.0
"TISTUD-6236",False,"test",0.0,0.0,0.987311840057373,0.0,0.0,0.0,0.0,0.0,0.0,0.0
"TISTUD-6235",False,"test",0.0,0.0,0.9873116612434387,0.0,0.0,0.0,0.0,0.0,0.0,0.0
"TISTUD-6220",False,"test",0.0,0.0,0.0,0.0,0.9624896049499512,0.0,0.0,0.0,0.0,0.0
"TISTUD-6199",False,"test",0.3674895167350769,0.0,0.0,0.0,0.0,0.0,0.0,0.024387191981077194,0.5937994122505188,0.0
"TISTUD-6144",False,"test",0.0,0.0,0.5537745952606201,0.0371706560254097,0.0,0.0,0.0,0.0,0.0,0.39557844400405884
"TISTUD-6123",False,"test",0.23384688794612885,0.0,0.0,0.0,0.0,0.0,0.0,0.6814542412757874,0.0662689357995987,0.0
"TISTUD-6113",False,"test",0.2802830934524536,0.0,0.08711691945791245,0.0,0.0,0.0,0.0,0.2051623910665512,0.18552853167057037,0.23713605105876923
"TISTUD-6109",False,"test",0.0,0.0,0.38762637972831726,0.0,0.027355613186955452,0.0,0.261763334274292,0.2402268946170807,0.0769226923584938,0.0
"TISTUD-6102",False,"test",0.0,0.0,0.9689551591873169,0.0,0.0,0.0,0.0,0.0,0.0,0.0
"TISTUD-6084",False,"test",0.0,0.0,0.4322117567062378,0.0,0.0,0.2622038424015045,0.0,0.0,0.2888953685760498,0.0
"TISTUD-6031",False,"test",0.0,0.0,0.8905967473983765,0.0,0.0,0.0,0.0,0.0930662602186203,0.0,0.0
"TISTUD-6012",False,"test",0.44786524772644043,0.03376012668013573,0.48821648955345154,0.0,0.0,0.0,0.0,0.0,0.0,0.014766729436814785
"TISTUD-5999",False,"test",0.7319351434707642,0.0,0.0,0.0,0.0,0.0,0.0,0.0,0.0,0.2564534544944763
"TISTUD-5977",False,"test",0.9774848222732544,0.0,0.0,0.0,0.0,0.0,0.0,0.0,0.0,0.0
"TISTUD-5970",False,"test",0.0,0.0,0.0,0.0,0.0,0.0,0.0,0.4311675429344177,0.5306826829910278,0.0
"TISTUD-5936",False,"test",0.3260032534599304,0.0,0.5537899136543274,0.0,0.10391485691070557,0.0,0.0,0.0,0.0,0.0
"TISTUD-5918",False,"test",0.0,0.0,0.0,0.0,0.686028003692627,0.0,0.0,0.0,0.28637799620628357,0.0
"TISTUD-5892",False,"test",0.0,0.0,0.0,0.0,0.36682334542274475,0.0,0.0,0.0,0.6157789826393127,0.0
"TISTUD-5886",False,"test",0.0,0.0,0.0,0.0,0.0,0.0,0.3278674781322479,0.36670807003974915,0.0,0.283536821603775
"TISTUD-5868",False,"test",0.965368926525116,0.0,0.0,0.0,0.0,0.0,0.0,0.0,0.0,0.0
"TISTUD-5858",False,"test",0.2968538999557495,0.0,0.3074788749217987,0.0,0.054116204380989075,0.1504233479499817,0.14442794024944305,0.013724925927817822,0.0,0.031968485563993454
"TISTUD-5834",False,"test",0.0,0.0,0.0,0.0,0.0,0.0,0.2634214460849762,0.12041239440441132,0.6063013672828674,0.0
"TISTUD-5833",False,"test",0.0,0.0,0.9639803767204285,0.0,0.0,0.0,0.0,0.0,0.0,0.0
"TISTUD-5824",False,"test",0.0,0.0,0.25538939237594604,0.0,0.0,0.3413386940956116,0.0,0.010865769349038601,0.11200839281082153,0.2781723141670227
"TISTUD-5811",False,"test",0.0,0.0,0.6293567419052124,0.0,0.33425602316856384,0.0,0.0,0.0,0.0,0.0
"TISTUD-5767",False,"test",0.3854195773601532,0.0,0.31880801916122437,0.0,0.0,0.0,0.08989106118679047,0.0,0.0,0.1955241709947586
"TISTUD-5765",False,"test",0.09215562790632248,0.0,0.6052702069282532,0.0,0.0,0.0,0.0,0.0,0.0,0.28311678767204285
"TISTUD-5693",False,"test",0.7319118976593018,0.0,0.0,0.0,0.0,0.0,0.0,0.0,0.0,0.24701961874961853
"TISTUD-5681",False,"test",0.28409549593925476,0.0,0.513214647769928,0.0,0.0,0.0,0.18971547484397888,0.0,0.0,0.0
"TISTUD-5680",False,"test",0.09648401290178299,0.0,0.2814095914363861,0.0,0.0,0.0,0.0,0.437801718711853,0.17377199232578278,0.0
"TISTUD-5665",False,"test",0.19251757860183716,0.0,0.16790024936199188,0.0,0.0,0.0,0.41216591000556946,0.0,0.2023669183254242,0.0
"TISTUD-5664",False,"test",0.0,0.0,0.12841710448265076,0.843967616558075,0.0,0.0,0.0,0.0,0.0,0.0
"TISTUD-5648",False,"test",0.8908475041389465,0.0,0.07711777836084366,0.0,0.0,0.0,0.0,0.0,0.0,0.0
"TISTUD-5635",False,"test",0.0,0.0,0.340478777885437,0.0,0.0,0.48994919657707214,0.07006862014532089,0.09404418617486954,0.0,0.0
"TISTUD-5621",False,"test",0.0,0.0,0.0,0.0,0.054782357066869736,0.0,0.0,0.2271483838558197,0.0,0.6980569362640381
"TISTUD-5557",False,"test",0.06631346046924591,0.9132094979286194,0.0,0.0,0.0,0.0,0.0,0.0,0.017238246276974678,0.0
"TISTUD-5543",False,"test",0.0,0.0,0.0,0.0,0.0,0.0,0.9307281970977783,0.0,0.0,0.0
"TISTUD-5541",False,"test",0.0,0.0,0.0,0.0,0.0,0.0,0.6566174626350403,0.0,0.3052757680416107,0.0
"TISTUD-5513",False,"test",0.0,0.0,0.9470334649085999,0.0,0.0,0.0,0.0,0.0,0.0,0.0
"TISTUD-5477",False,"test",0.45332109928131104,0.10691565275192261,0.0,0.0,0.0885888934135437,0.0,0.0,0.0,0.0,0.3177824914455414
"TISTUD-5469",False,"test",0.17802949249744415,0.0,0.21341566741466522,0.0,0.0,0.0,0.0,0.0,0.38669443130493164,0.1717812716960907
"TISTUD-5468",False,"test",0.0,0.0,0.763006329536438,0.18990539014339447,0.0,0.0,0.0,0.0,0.0,0.0
"TISTUD-5467",False,"test",0.0,0.0,0.0,0.0,0.22328726947307587,0.0,0.5107922554016113,0.0,0.24645742774009705,0.0
"TISTUD-5462",False,"test",0.0,0.0,0.26624852418899536,0.0,0.0,0.0,0.0,0.0,0.0,0.7050848007202148
"TISTUD-5457",False,"test",0.0,0.0,0.9807883501052856,0.0,0.0,0.0,0.0,0.0,0.0,0.0
"TISTUD-5439",False,"test",0.0,0.0,0.07938005775213242,0.07447129487991333,0.0,0.0,0.0,0.8374925255775452,0.0,0.0
"TISTUD-5423",False,"test",0.0,0.575264036655426,0.33843517303466797,0.0,0.0,0.07685589790344238,0.0,0.0,0.0,0.0
"TISTUD-5421",False,"test",0.0,0.0,0.4480377435684204,0.0,0.0,0.0,0.0,0.0,0.0,0.5211475491523743
"TISTUD-5418",False,"test",0.0,0.0,0.73776775598526,0.0,0.0,0.0,0.0,0.0,0.0,0.2488822340965271
"TISTUD-5416",False,"test",0.0,0.0,0.7865503430366516,0.0,0.0,0.09096376597881317,0.0,0.11494825780391693,0.0,0.0
"TISTUD-5403",False,"test",0.3186545968055725,0.0,0.2720795273780823,0.0,0.04784485697746277,0.06392041593790054,0.0,0.0,0.07969348132610321,0.20724566280841827
"TISTUD-5393",False,"test",0.5071479678153992,0.0,0.0,0.0,0.0,0.40339526534080505,0.07193510234355927,0.0,0.0,0.0
"TISTUD-5388",False,"test",0.0,0.0,0.9569874405860901,0.0,0.0,0.0,0.0,0.0,0.0,0.0
"TISTUD-5386",False,"test",0.3727942705154419,0.0,0.0,0.01710738241672516,0.0786595493555069,0.0,0.0,0.0,0.0,0.5091938376426697
"TISTUD-5383",False,"test",0.0871228501200676,0.0,0.887053370475769,0.0,0.0,0.0,0.0,0.0,0.0,0.0
"TISTUD-5369",False,"test",0.2764391303062439,0.0,0.0,0.0,0.0,0.0,0.0,0.0,0.2884427011013031,0.4071043133735657
"TISTUD-5368",False,"test",0.0,0.0,0.0,0.0,0.0,0.0,0.5813871622085571,0.0,0.0,0.3889700472354889
"TISTUD-5353",False,"test",0.254922091960907,0.10146456956863403,0.11397131532430649,0.36317262053489685,0.0,0.0,0.0,0.15256540477275848,0.0,0.0
"TISTUD-5337",False,"test",0.17957891523838043,0.0,0.42659565806388855,0.0,0.0,0.3726036250591278,0.0,0.0,0.0,0.0
"TISTUD-5327",False,"test",0.36572980880737305,0.0,0.0729212537407875,0.0,0.0,0.12486693263053894,0.0,0.0,0.42709726095199585,0.0
"TISTUD-5326",False,"test",0.0,0.0,0.3766133189201355,0.0,0.0,0.0,0.0,0.23110072314739227,0.25530630350112915,0.12267441302537918
"TISTUD-5310",False,"test",0.0,0.0,0.0,0.18308772146701813,0.0,0.0,0.0,0.0,0.0,0.793363630771637
"TISTUD-5302",False,"test",0.0,0.0,0.9590758085250854,0.0,0.0,0.0,0.0,0.0,0.0,0.0
"TISTUD-5279",False,"test",0.0,0.0,0.2668676972389221,0.0,0.0,0.0,0.0,0.4040730893611908,0.0,0.2985991835594177
"TISTUD-5251",False,"test",0.0,0.0,0.0,0.0,0.1784662902355194,0.0,0.0,0.6705875396728516,0.0,0.13032086193561554
"TISTUD-5247",False,"test",0.5483944416046143,0.4451388418674469,0.0,0.0,0.0,0.0,0.0,0.0,0.0,0.0
"TISTUD-5235",False,"test",0.7068076133728027,0.0,0.0,0.0,0.0,0.0,0.0,0.0,0.0,0.2802806794643402
"TISTUD-5225",False,"test",0.0,0.0,0.2531672418117523,0.0,0.1374504715204239,0.0,0.0,0.5366566181182861,0.02220194600522518,0.04912199079990387
"TISTUD-5206",False,"test",0.5515932440757751,0.0,0.0,0.0,0.0,0.0,0.2806645929813385,0.0,0.15217769145965576,0.0
"TISTUD-5169",False,"test",0.0,0.0,0.3854755461215973,0.0,0.0,0.0,0.0,0.34892311692237854,0.24558819830417633,0.0
"TISTUD-5158",False,"test",0.15548287332057953,0.7520133852958679,0.05032391473650932,0.0,0.0,0.0,0.0,0.0,0.038708172738552094,0.0
"TISTUD-5132",False,"test",0.3683784604072571,0.0,0.0,0.0,0.0,0.0,0.2957601249217987,0.3125174343585968,0.0,0.0
"TISTUD-5104",False,"test",0.0,0.0,0.6777322888374329,0.04917500168085098,0.0652976781129837,0.19684818387031555,0.0,0.0,0.0,0.0
"TISTUD-5089",False,"test",0.1564856469631195,0.0,0.8034949898719788,0.0,0.0,0.0,0.0,0.0,0.0,0.0
"TISTUD-5079",False,"test",0.3808685541152954,0.0,0.21236242353916168,0.0,0.0,0.0,0.0,0.0,0.3878357410430908,0.0
"TISTUD-5074",False,"test",0.0,0.0,0.0,0.9906231164932251,0.0,0.0,0.0,0.0,0.0,0.0
"TISTUD-5064",False,"test",0.13051220774650574,0.6874042749404907,0.0,0.0,0.0,0.0,0.0,0.0,0.17885340750217438,0.0
"TISTUD-5060",False,"test",0.0,0.41993868350982666,0.21996654570102692,0.0,0.0,0.20924174785614014,0.0,0.0,0.0,0.13832156360149384
"TISTUD-5052",False,"test",0.0,0.17678067088127136,0.0,0.0,0.0,0.0,0.0,0.0,0.5774962902069092,0.22156526148319244
"TISTUD-5046",False,"test",0.3550613522529602,0.0,0.0,0.0,0.0,0.0,0.0,0.0,0.0,0.6206836104393005
"TISTUD-5045",False,"test",0.034888509660959244,0.0,0.044093046337366104,0.0,0.2905699610710144,0.20433390140533447,0.1188691034913063,0.0,0.3022417724132538,0.0
"TISTUD-5039",False,"test",0.6119460463523865,0.0,0.0,0.0,0.0,0.0,0.0,0.05842258408665657,0.0,0.31501758098602295
"TISTUD-4978",False,"test",0.2518138587474823,0.0,0.5077725052833557,0.0,0.0,0.0,0.0,0.10030871629714966,0.0,0.1278439462184906
"TISTUD-4977",False,"test",0.08776988834142685,0.0769086703658104,0.0,0.0,0.0,0.0,0.0,0.26332738995552063,0.44225838780403137,0.11305036395788193
"TISTUD-4886",False,"test",0.19040115177631378,0.0,0.625189483165741,0.0,0.0,0.0,0.0,0.0,0.0,0.16104745864868164
"TISTUD-4847",False,"test",0.0,0.0,0.8293471932411194,0.0,0.0,0.0,0.15635035932064056,0.0,0.0,0.0
"TISTUD-4793",False,"test",0.4398622214794159,0.0,0.0,0.0,0.0,0.0,0.0,0.5156682729721069,0.0,0.0
"TISTUD-4619",False,"test",0.0,0.0,0.2754586338996887,0.0,0.0,0.0,0.0,0.0,0.0,0.6959524154663086
"TISTUD-4518",False,"test",0.1601523458957672,0.0,0.44340991973876953,0.051202528178691864,0.0,0.0,0.0,0.21912334859371185,0.0,0.11648286134004593
"TISTUD-4365",False,"test",0.0,0.09239727258682251,0.0,0.8605270385742188,0.0,0.0,0.0,0.0,0.0,0.0
"TISTUD-4364",False,"test",0.0,0.24376125633716583,0.0,0.709159791469574,0.0,0.0,0.0,0.0,0.0,0.0
"TISTUD-4363",False,"test",0.0,0.0,0.0,0.7088816165924072,0.0,0.0,0.0,0.2339465320110321,0.0,0.0
"TISTUD-4362",False,"test",0.010002104565501213,0.010001779533922672,0.01000323798507452,0.909972608089447,0.010001965798437595,0.010002451948821545,0.010003196075558662,0.010004269890487194,0.010004494339227676,0.010003864765167236
"TISTUD-4360",False,"test",0.0,0.0,0.0,0.6046275496482849,0.0,0.0,0.3337821364402771,0.0,0.0,0.0
"TISTUD-4359",False,"test",0.0,0.0,0.0,0.0,0.0,0.0,0.9437320232391357,0.0,0.0,0.0
"TISTUD-4318",False,"test",0.4428735077381134,0.0,0.0,0.0,0.32376042008399963,0.0,0.0,0.0955553725361824,0.0,0.1297963410615921
"TISTUD-4031",False,"test",0.9526081085205078,0.0,0.0,0.0,0.0,0.0,0.0,0.0,0.0,0.0
"TISTUD-3971",False,"test",0.3782042860984802,0.0,0.0,0.0,0.0,0.0,0.0,0.3394337296485901,0.0,0.26113346219062805
"TISTUD-3970",False,"test",0.6437749266624451,0.0,0.0,0.2671843469142914,0.06488677114248276,0.0,0.0,0.0,0.0,0.0
"TISTUD-3669",False,"test",0.0,0.0,0.3940007984638214,0.0,0.0,0.11674550920724869,0.14016246795654297,0.09985943883657455,0.2431272715330124,0.0
"TISTUD-3022",False,"test",0.6501874327659607,0.0,0.33120039105415344,0.0,0.0,0.0,0.0,0.0,0.0,0.0
"TISTUD-2729",False,"test",0.21232599020004272,0.0,0.5241603255271912,0.0,0.0,0.0,0.0,0.0,0.0,0.23756848275661469
"TISTUD-2346",False,"test",0.7889453768730164,0.0,0.0,0.1953609585762024,0.0,0.0,0.0,0.0,0.0,0.0
"TISTUD-2300",False,"test",0.1458846777677536,0.0,0.0,0.0,0.12487473338842392,0.0,0.0,0.535552442073822,0.0,0.18415364623069763
"TISTUD-1594",False,"test",0.0,0.0,0.0,0.0,0.0,0.0,0.0,0.0,0.18839991092681885,0.764517068862915
"TISTUD-582",False,"test",0.5422685146331787,0.0,0.04537884518504143,0.0,0.0,0.0,0.26338520646095276,0.1374148577451706,0.0,0.0
"TISTUD-273",False,"test",0.1337803304195404,0.14730338752269745,0.2765786647796631,0.0,0.0,0.0,0.21422810852527618,0.0,0.21338608860969543,0.0
