issue_key,reporter,created
USERGRID-1358,xingh,2019-04-06T15:43:15.000+0000
USERGRID-1357,xingh,2019-04-06T15:35:17.000+0000
USERGRID-1356,keyurkarnik,2019-01-29T22:53:43.000+0000
USERGRID-1355,keyurkarnik,2019-01-29T21:44:06.000+0000
USERGRID-1354,keyurkarnik,2019-01-29T08:36:23.000+0000
USERGRID-1353,keyurkarnik,2018-12-17T23:10:36.000+0000
USERGRID-1352,bursech,2018-12-14T18:58:56.000+0000
USERGRID-1351,keyurkarnik,2018-10-22T22:45:11.000+0000
USERGRID-1350,keyurkarnik,2018-10-22T22:42:51.000+0000
USERGRID-1349,keyurkarnik,2018-09-25T06:34:33.000+0000
USERGRID-1348,keyurkarnik,2018-09-25T00:07:26.000+0000
USERGRID-1347,jaskaran,2018-03-17T05:38:43.000+0000
USERGRID-1346,jaskaran,2017-11-09T16:05:51.000+0000
USERGRID-1345,yhilem,2017-11-09T00:03:48.000+0000
USERGRID-1344,vineetverma.it,2017-06-01T14:10:23.000+0000
USERGRID-1343,sebb@apache.org,2017-05-25T20:17:03.000+0000
USERGRID-1342,venke80,2017-04-26T09:30:45.000+0000
USERGRID-1341,mrusso,2017-03-21T15:36:29.000+0000
USERGRID-1340,jaskaran,2017-03-02T06:09:40.000+0000
USERGRID-1339,brandonshelley,2017-03-01T20:46:55.000+0000
USERGRID-1338,brandonshelley,2017-03-01T20:01:09.000+0000
USERGRID-1337,asinghal,2017-02-28T07:47:38.000+0000
USERGRID-1336,mrusso,2017-02-24T22:45:20.000+0000
USERGRID-1335,lifove,2017-02-11T18:30:20.000+0000
USERGRID-1334,brandonshelley,2017-02-08T21:18:18.000+0000
USERGRID-1333,amitv,2017-01-12T12:29:34.000+0000
USERGRID-1332,amitv,2017-01-12T12:29:15.000+0000
USERGRID-1331,amitv,2017-01-12T12:28:36.000+0000
USERGRID-1330,amitv,2017-01-12T12:27:49.000+0000
USERGRID-1329,amitv,2017-01-12T12:24:55.000+0000
USERGRID-1328,amitv,2017-01-12T12:24:20.000+0000
USERGRID-1327,amitv,2017-01-12T12:24:06.000+0000
USERGRID-1326,amitv,2017-01-12T12:23:30.000+0000
USERGRID-1325,amitv,2017-01-12T12:23:11.000+0000
USERGRID-1324,amitv,2017-01-12T12:22:46.000+0000
USERGRID-1323,amitv,2017-01-12T11:34:30.000+0000
USERGRID-1322,amitv,2017-01-12T11:33:09.000+0000
USERGRID-1321,jaskaran,2016-12-06T07:57:56.000+0000
USERGRID-1320,djohnson,2016-10-19T17:33:42.000+0000
USERGRID-1319,jaskaran,2016-10-03T07:01:02.000+0000
USERGRID-1318,djohnson,2016-09-12T15:02:28.000+0000
USERGRID-1317,erenyilmaz,2016-08-29T15:04:26.000+0000
USERGRID-1316,yhilem,2016-08-17T08:34:47.000+0000
USERGRID-1315,jeffreyawest,2016-08-02T23:49:12.000+0000
USERGRID-1314,djohnson,2016-07-20T17:48:03.000+0000
USERGRID-1313,andrewwlane,2016-07-20T14:00:51.000+0000
USERGRID-1312,andrewwlane,2016-07-20T13:57:43.000+0000
USERGRID-1311,andrewwlane,2016-07-20T13:18:35.000+0000
USERGRID-1310,djohnson,2016-07-19T15:01:15.000+0000
USERGRID-1309,djohnson,2016-07-19T14:56:51.000+0000
USERGRID-1308,jain,2016-07-15T20:13:35.000+0000
USERGRID-1307,jain,2016-07-15T19:17:20.000+0000
USERGRID-1306,andrewwlane,2016-07-14T13:24:23.000+0000
USERGRID-1305,mrusso,2016-07-08T15:31:47.000+0000
USERGRID-1304,djohnson,2016-06-30T15:48:09.000+0000
USERGRID-1303,djohnson,2016-06-28T14:43:30.000+0000
USERGRID-1302,mrusso,2016-06-16T16:35:59.000+0000
USERGRID-1301,mrusso,2016-06-16T04:00:01.000+0000
USERGRID-1300,mdunker,2016-06-14T02:30:01.000+0000
USERGRID-1299,djohnson,2016-06-06T20:23:27.000+0000
USERGRID-1298,mrusso,2016-06-03T14:59:35.000+0000
USERGRID-1297,mrusso,2016-06-03T14:57:17.000+0000
USERGRID-1296,mrusso,2016-06-03T14:56:03.000+0000
USERGRID-1295,mrusso,2016-06-02T21:25:11.000+0000
USERGRID-1294,earth2marsh,2016-05-31T16:28:11.000+0000
USERGRID-1293,mrusso,2016-05-24T21:32:23.000+0000
USERGRID-1292,djohnson,2016-05-24T18:21:26.000+0000
USERGRID-1291,djohnson,2016-05-23T23:35:27.000+0000
USERGRID-1289,mrusso,2016-05-11T06:44:20.000+0000
USERGRID-1288,mrusso,2016-05-11T06:29:35.000+0000
USERGRID-1287,mrusso,2016-05-11T06:22:18.000+0000
USERGRID-1286,mrusso,2016-05-11T06:20:02.000+0000
USERGRID-1285,mrusso,2016-05-11T06:13:24.000+0000
USERGRID-1284,jeffreyawest,2016-05-09T23:00:11.000+0000
USERGRID-1283,djohnson,2016-05-09T19:17:20.000+0000
USERGRID-1282,jeffreyawest,2016-04-29T17:01:27.000+0000
USERGRID-1281,sebb@apache.org,2016-04-27T22:21:37.000+0000
USERGRID-1280,djohnson,2016-04-20T18:59:43.000+0000
USERGRID-1279,jeffreyawest,2016-04-15T17:38:30.000+0000
USERGRID-1278,djohnson,2016-04-14T16:24:38.000+0000
USERGRID-1277,djohnson,2016-04-09T12:57:44.000+0000
USERGRID-1276,jeffreyawest,2016-04-07T22:09:57.000+0000
USERGRID-1275,greyes,2016-04-07T19:50:35.000+0000
USERGRID-1274,greyes,2016-04-07T04:16:48.000+0000
USERGRID-1273,mdunker,2016-04-07T03:15:37.000+0000
USERGRID-1272,greyes,2016-04-04T21:14:23.000+0000
USERGRID-1271,jeffreyawest,2016-03-29T21:34:34.000+0000
USERGRID-1270,mrusso,2016-03-18T22:20:02.000+0000
USERGRID-1269,brandonshelley,2016-02-22T22:33:18.000+0000
USERGRID-1268,djohnson,2016-02-22T15:48:00.000+0000
USERGRID-1267,djohnson,2016-02-16T17:40:52.000+0000
USERGRID-1266,jeffreyawest,2016-02-15T18:22:38.000+0000
USERGRID-1265,djohnson,2016-02-15T15:51:40.000+0000
USERGRID-1264,djohnson,2016-02-15T15:50:27.000+0000
USERGRID-1263,djohnson,2016-02-15T15:48:56.000+0000
USERGRID-1262,djohnson,2016-02-15T15:47:15.000+0000
USERGRID-1261,djohnson,2016-02-15T15:32:11.000+0000
USERGRID-1260,mdunker,2016-02-12T08:58:51.000+0000
USERGRID-1259,jaskaran,2016-02-12T06:48:41.000+0000
USERGRID-1258,jeffreyawest,2016-02-09T22:07:09.000+0000
USERGRID-1257,jeffreyawest,2016-02-08T23:10:24.000+0000
USERGRID-1256,mrusso,2016-02-08T17:14:13.000+0000
USERGRID-1255,mrusso,2016-02-06T00:45:12.000+0000
USERGRID-1254,beiyeren,2016-02-04T04:04:36.000+0000
USERGRID-1253,mrusso,2016-02-03T23:51:23.000+0000
USERGRID-1252,mrusso,2016-02-03T02:17:52.000+0000
USERGRID-1251,mrusso,2016-02-03T02:06:26.000+0000
USERGRID-1250,mrusso,2016-02-03T00:00:43.000+0000
USERGRID-1249,jeffreyawest,2016-02-02T22:27:35.000+0000
USERGRID-1248,sebb@apache.org,2016-02-02T21:26:55.000+0000
USERGRID-1247,mrusso,2016-02-02T21:19:45.000+0000
USERGRID-1246,jeffreyawest,2016-01-31T18:39:09.000+0000
USERGRID-1245,jeffreyawest,2016-01-31T18:37:02.000+0000
USERGRID-1244,mrusso,2016-01-31T16:25:17.000+0000
USERGRID-1243,mdunker,2016-01-29T19:33:06.000+0000
USERGRID-1242,beiyeren,2016-01-29T04:10:06.000+0000
USERGRID-1241,mdunker,2016-01-28T00:22:14.000+0000
USERGRID-1240,jeffreyawest,2016-01-26T18:22:47.000+0000
USERGRID-1239,greyes,2016-01-25T17:18:42.000+0000
USERGRID-1238,greyes,2016-01-25T17:11:22.000+0000
USERGRID-1237,lewismc,2016-01-22T02:38:01.000+0000
USERGRID-1236,jeffreyawest,2016-01-20T18:43:58.000+0000
USERGRID-1235,jeffreyawest,2016-01-20T01:19:54.000+0000
USERGRID-1234,ankurm,2016-01-18T11:46:00.000+0000
USERGRID-1233,jeffreyawest,2016-01-16T17:38:35.000+0000
USERGRID-1232,jeffreyawest,2016-01-16T17:33:52.000+0000
USERGRID-1231,jeffreyawest,2016-01-16T17:24:12.000+0000
USERGRID-1230,jeffreyawest,2016-01-16T16:09:35.000+0000
USERGRID-1229,jeffreyawest,2016-01-16T15:43:43.000+0000
USERGRID-1228,jeffreyawest,2016-01-16T15:40:53.000+0000
USERGRID-1227,jeffreyawest,2016-01-16T15:39:39.000+0000
USERGRID-1226,jeffreyawest,2016-01-16T15:38:54.000+0000
USERGRID-1225,jeffreyawest,2016-01-16T15:37:35.000+0000
USERGRID-1224,jeffreyawest,2016-01-16T15:35:44.000+0000
USERGRID-1223,jeffreyawest,2016-01-16T15:34:57.000+0000
USERGRID-1222,jeffreyawest,2016-01-16T15:33:57.000+0000
USERGRID-1221,jeffreyawest,2016-01-16T15:32:41.000+0000
USERGRID-1220,jeffreyawest,2016-01-16T15:30:18.000+0000
USERGRID-1219,jeffreyawest,2016-01-16T15:29:27.000+0000
USERGRID-1218,jeffreyawest,2016-01-16T15:28:47.000+0000
USERGRID-1217,jeffreyawest,2016-01-16T15:28:32.000+0000
USERGRID-1216,jeffreyawest,2016-01-16T15:28:16.000+0000
USERGRID-1215,jeffreyawest,2016-01-16T15:27:37.000+0000
USERGRID-1214,jeffreyawest,2016-01-16T15:26:17.000+0000
USERGRID-1213,jeffreyawest,2016-01-16T15:25:59.000+0000
USERGRID-1212,jeffreyawest,2016-01-16T15:25:29.000+0000
USERGRID-1211,mrusso,2016-01-15T02:24:23.000+0000
USERGRID-1210,greyes,2016-01-13T20:40:04.000+0000
USERGRID-1209,greyes,2016-01-13T19:10:31.000+0000
USERGRID-1208,mrusso,2016-01-12T01:32:46.000+0000
USERGRID-1207,mrusso,2016-01-12T00:58:01.000+0000
USERGRID-1206,ali.muzaffar,2016-01-12T00:20:04.000+0000
USERGRID-1205,djohnson,2016-01-11T23:17:41.000+0000
USERGRID-1204,jeffreyawest,2016-01-11T21:59:56.000+0000
USERGRID-1203,mrusso,2016-01-11T16:46:42.000+0000
USERGRID-1202,brandonshelley,2016-01-09T02:32:12.000+0000
USERGRID-1201,brandonshelley,2016-01-09T02:30:57.000+0000
USERGRID-1200,mdunker,2016-01-09T00:24:33.000+0000
USERGRID-1199,brandonshelley,2016-01-08T20:36:36.000+0000
USERGRID-1198,brandonshelley,2016-01-07T02:14:59.000+0000
USERGRID-1197,jeffreyawest,2016-01-06T23:02:31.000+0000
USERGRID-1196,jeffreyawest,2016-01-06T23:00:44.000+0000
USERGRID-1195,jeffreyawest,2016-01-06T04:20:28.000+0000
USERGRID-1194,mdunker,2016-01-05T21:53:49.000+0000
USERGRID-1193,jeffreyawest,2016-01-05T20:09:08.000+0000
USERGRID-1192,jeffreyawest,2016-01-05T19:23:22.000+0000
USERGRID-1191,jeffreyawest,2016-01-05T19:09:12.000+0000
USERGRID-1190,fatihsokmen,2016-01-03T18:19:21.000+0000
USERGRID-1189,mdunker,2015-12-31T00:26:14.000+0000
USERGRID-1188,mdunker,2015-12-30T21:06:37.000+0000
USERGRID-1187,greyes,2015-12-30T19:40:02.000+0000
USERGRID-1186,greyes,2015-12-30T18:49:47.000+0000
USERGRID-1185,jeffreyawest,2015-12-29T19:16:13.000+0000
USERGRID-1184,mrusso,2015-12-17T02:53:39.000+0000
USERGRID-1183,mrusso,2015-12-14T04:16:38.000+0000
USERGRID-1182,mrusso,2015-12-14T04:10:51.000+0000
USERGRID-1181,mrusso,2015-12-13T02:14:20.000+0000
USERGRID-1180,djohnson,2015-12-11T17:27:30.000+0000
USERGRID-1179,brandonshelley,2015-12-10T19:58:17.000+0000
USERGRID-1178,brandonshelley,2015-12-09T18:47:00.000+0000
USERGRID-1177,brandonshelley,2015-12-04T22:00:57.000+0000
USERGRID-1176,jeffreyawest,2015-12-03T18:14:39.000+0000
USERGRID-1175,jeffreyawest,2015-12-03T02:25:16.000+0000
USERGRID-1174,jeffreyawest,2015-12-03T02:24:39.000+0000
USERGRID-1173,jeffreyawest,2015-12-03T02:22:21.000+0000
USERGRID-1172,jeffreyawest,2015-12-03T02:21:20.000+0000
USERGRID-1171,jeffreyawest,2015-12-03T02:20:38.000+0000
USERGRID-1170,jeffreyawest,2015-12-03T02:16:01.000+0000
USERGRID-1169,jeffreyawest,2015-12-03T02:13:48.000+0000
USERGRID-1168,jeffreyawest,2015-12-03T02:11:25.000+0000
USERGRID-1167,jeffreyawest,2015-12-03T02:10:27.000+0000
USERGRID-1166,jeffreyawest,2015-12-03T02:01:21.000+0000
USERGRID-1165,jeffreyawest,2015-12-03T02:00:09.000+0000
USERGRID-1164,jeffreyawest,2015-12-03T01:43:40.000+0000
USERGRID-1163,jeffreyawest,2015-12-03T01:42:38.000+0000
USERGRID-1162,jeffreyawest,2015-12-03T01:41:42.000+0000
USERGRID-1161,jeffreyawest,2015-12-03T01:41:04.000+0000
USERGRID-1160,jeffreyawest,2015-12-03T01:09:02.000+0000
USERGRID-1159,jeffreyawest,2015-12-02T23:59:58.000+0000
USERGRID-1158,jeffreyawest,2015-12-02T23:58:53.000+0000
USERGRID-1157,jeffreyawest,2015-12-02T23:57:55.000+0000
USERGRID-1156,jeffreyawest,2015-12-02T23:57:17.000+0000
USERGRID-1155,jeffreyawest,2015-12-02T23:57:11.000+0000
USERGRID-1154,jeffreyawest,2015-12-02T23:56:58.000+0000
USERGRID-1153,jeffreyawest,2015-12-02T23:56:52.000+0000
USERGRID-1152,jeffreyawest,2015-12-02T23:56:40.000+0000
USERGRID-1151,jeffreyawest,2015-12-02T23:56:32.000+0000
USERGRID-1150,jeffreyawest,2015-12-02T23:56:24.000+0000
USERGRID-1149,jeffreyawest,2015-12-02T23:56:15.000+0000
USERGRID-1148,jeffreyawest,2015-12-02T23:55:43.000+0000
USERGRID-1147,jeffreyawest,2015-12-02T23:54:08.000+0000
USERGRID-1146,jeffreyawest,2015-12-02T23:53:56.000+0000
USERGRID-1145,jeffreyawest,2015-12-02T23:53:33.000+0000
USERGRID-1144,jeffreyawest,2015-12-02T23:51:09.000+0000
USERGRID-1143,jeffreyawest,2015-12-02T23:40:38.000+0000
USERGRID-1142,jeffreyawest,2015-12-02T23:40:03.000+0000
USERGRID-1141,jeffreyawest,2015-12-02T23:39:53.000+0000
USERGRID-1140,jeffreyawest,2015-12-02T23:39:45.000+0000
USERGRID-1139,jeffreyawest,2015-12-02T23:39:32.000+0000
USERGRID-1138,jeffreyawest,2015-12-02T23:39:18.000+0000
USERGRID-1137,jeffreyawest,2015-12-02T23:38:26.000+0000
USERGRID-1136,jeffreyawest,2015-12-02T23:38:09.000+0000
USERGRID-1135,jeffreyawest,2015-12-02T23:37:21.000+0000
USERGRID-1134,jeffreyawest,2015-11-30T18:54:26.000+0000
USERGRID-1133,jeffreyawest,2015-11-30T18:47:50.000+0000
USERGRID-1132,jeffreyawest,2015-11-30T18:40:54.000+0000
USERGRID-1131,jeffreyawest,2015-11-30T04:43:00.000+0000
USERGRID-1130,mdunker,2015-11-24T23:23:11.000+0000
USERGRID-1129,mdunker,2015-11-24T23:15:51.000+0000
USERGRID-1128,brandonshelley,2015-11-23T21:38:19.000+0000
USERGRID-1127,djohnson,2015-11-23T16:04:24.000+0000
USERGRID-1126,mrusso,2015-11-21T23:10:08.000+0000
USERGRID-1125,mrusso,2015-11-20T00:09:03.000+0000
USERGRID-1124,mrusso,2015-11-19T23:51:00.000+0000
USERGRID-1123,mrusso,2015-11-19T17:29:42.000+0000
USERGRID-1122,mrusso,2015-11-19T16:05:11.000+0000
USERGRID-1121,jeffreyawest,2015-11-17T21:12:54.000+0000
USERGRID-1120,djohnson,2015-11-17T15:48:31.000+0000
USERGRID-1119,djohnson,2015-11-17T15:48:14.000+0000
USERGRID-1118,djohnson,2015-11-17T15:47:38.000+0000
USERGRID-1117,djohnson,2015-11-17T15:40:16.000+0000
USERGRID-1116,djohnson,2015-11-17T15:04:40.000+0000
USERGRID-1115,djohnson,2015-11-17T15:03:29.000+0000
USERGRID-1114,djohnson,2015-11-17T15:01:32.000+0000
USERGRID-1113,djohnson,2015-11-17T14:20:13.000+0000
USERGRID-1112,tnine,2015-11-13T18:37:28.000+0000
USERGRID-1111,jeffreyawest,2015-11-12T23:17:36.000+0000
USERGRID-1110,tnine,2015-11-12T22:44:37.000+0000
USERGRID-1109,tnine,2015-11-12T22:39:30.000+0000
USERGRID-1108,tnine,2015-11-12T22:36:53.000+0000
USERGRID-1107,tnine,2015-11-12T22:34:41.000+0000
USERGRID-1106,djohnson,2015-11-12T17:16:50.000+0000
USERGRID-1105,djohnson,2015-11-12T17:08:36.000+0000
USERGRID-1104,mrusso,2015-11-11T21:07:10.000+0000
USERGRID-1103,djohnson,2015-11-10T19:59:23.000+0000
USERGRID-1102,jeffreyawest,2015-11-10T16:26:29.000+0000
USERGRID-1101,jeffreyawest,2015-11-09T18:12:26.000+0000
USERGRID-1100,jeffreyawest,2015-11-09T17:52:07.000+0000
USERGRID-1099,djohnson,2015-11-05T18:56:04.000+0000
USERGRID-1098,mdunker,2015-11-04T22:25:20.000+0000
USERGRID-1097,jeffreyawest,2015-11-04T21:52:32.000+0000
USERGRID-1096,jeffreyawest,2015-11-04T21:41:59.000+0000
USERGRID-1095,jeffreyawest,2015-11-04T21:38:03.000+0000
USERGRID-1094,mdunker,2015-11-04T21:35:30.000+0000
USERGRID-1093,jeffreyawest,2015-11-04T21:34:20.000+0000
USERGRID-1092,jeffreyawest,2015-11-04T21:33:13.000+0000
USERGRID-1091,mrusso,2015-11-04T21:23:48.000+0000
USERGRID-1090,jeffreyawest,2015-11-04T16:45:32.000+0000
USERGRID-1089,jeffreyawest,2015-11-04T03:55:03.000+0000
USERGRID-1088,mrusso,2015-11-03T19:10:44.000+0000
USERGRID-1087,mdunker,2015-11-02T19:31:15.000+0000
USERGRID-1086,safeldm,2015-11-02T17:04:44.000+0000
USERGRID-1085,jeffreyawest,2015-11-02T16:25:26.000+0000
USERGRID-1084,mdunker,2015-10-30T23:55:01.000+0000
USERGRID-1083,mrusso,2015-10-30T18:22:29.000+0000
USERGRID-1082,mdunker,2015-10-28T23:09:13.000+0000
USERGRID-1081,mdunker,2015-10-28T17:55:01.000+0000
USERGRID-1080,mdunker,2015-10-28T17:51:24.000+0000
USERGRID-1079,tnine,2015-10-28T17:28:33.000+0000
USERGRID-1078,jeffreyawest,2015-10-28T02:05:00.000+0000
USERGRID-1077,greyes,2015-10-27T23:43:20.000+0000
USERGRID-1076,greyes,2015-10-27T23:32:09.000+0000
USERGRID-1075,greyes,2015-10-27T23:27:44.000+0000
USERGRID-1074,tnine,2015-10-27T22:11:01.000+0000
USERGRID-1073,tnine,2015-10-27T21:46:13.000+0000
USERGRID-1072,tnine,2015-10-27T21:46:04.000+0000
USERGRID-1071,tnine,2015-10-27T21:45:54.000+0000
USERGRID-1070,tnine,2015-10-27T21:41:53.000+0000
USERGRID-1069,safeldm,2015-10-27T21:41:32.000+0000
USERGRID-1068,tnine,2015-10-27T21:40:43.000+0000
USERGRID-1067,tnine,2015-10-27T21:35:38.000+0000
USERGRID-1066,tnine,2015-10-26T20:44:21.000+0000
USERGRID-1065,tnine,2015-10-26T20:44:02.000+0000
USERGRID-1064,tnine,2015-10-26T20:42:05.000+0000
USERGRID-1063,tnine,2015-10-23T21:57:30.000+0000
USERGRID-1062,mrusso,2015-10-23T19:57:47.000+0000
USERGRID-1061,mdunker,2015-10-23T07:07:45.000+0000
USERGRID-1060,apps4u,2015-10-23T02:45:27.000+0000
USERGRID-1059,djohnson,2015-10-22T21:48:37.000+0000
USERGRID-1058,djohnson,2015-10-22T15:13:54.000+0000
USERGRID-1057,mrusso,2015-10-21T23:04:17.000+0000
USERGRID-1056,mrusso,2015-10-21T17:12:55.000+0000
USERGRID-1054,jeffreyawest,2015-10-21T16:18:24.000+0000
USERGRID-1053,jeffreyawest,2015-10-21T16:11:15.000+0000
USERGRID-1052,tnine,2015-10-21T15:22:36.000+0000
USERGRID-1051,jeffreyawest,2015-10-21T00:16:25.000+0000
USERGRID-1050,tnine,2015-10-16T22:51:50.000+0000
USERGRID-1049,mdunker,2015-10-16T17:19:49.000+0000
USERGRID-1048,tnine,2015-10-13T18:18:37.000+0000
USERGRID-1047,jeffreyawest,2015-10-07T18:12:30.000+0000
USERGRID-1046,safeldm,2015-10-06T23:32:13.000+0000
USERGRID-1045,jeffreyawest,2015-10-06T22:28:49.000+0000
USERGRID-1044,mdunker,2015-10-06T21:20:51.000+0000
USERGRID-1043,jeffreyawest,2015-10-01T04:56:14.000+0000
USERGRID-1042,jeffreyawest,2015-09-29T22:31:22.000+0000
USERGRID-1041,brandonshelley,2015-09-29T16:50:17.000+0000
USERGRID-1040,brandonshelley,2015-09-29T16:44:04.000+0000
USERGRID-1039,brandonshelley,2015-09-28T20:03:31.000+0000
USERGRID-1038,safeldm,2015-09-28T16:10:07.000+0000
USERGRID-1037,greyes,2015-09-25T22:27:55.000+0000
USERGRID-1036,brandonshelley,2015-09-25T16:18:54.000+0000
USERGRID-1035,greyes,2015-09-24T22:16:06.000+0000
USERGRID-1034,djohnson,2015-09-24T18:30:47.000+0000
USERGRID-1033,jeffreyawest,2015-09-22T21:07:03.000+0000
USERGRID-1032,jeffreyawest,2015-09-22T21:06:50.000+0000
USERGRID-1031,jeffreyawest,2015-09-22T21:06:37.000+0000
USERGRID-1030,jeffreyawest,2015-09-22T19:18:32.000+0000
USERGRID-1029,tnine,2015-09-21T17:26:54.000+0000
USERGRID-1028,jeffreyawest,2015-09-21T14:30:05.000+0000
USERGRID-1027,greyes,2015-09-18T21:51:30.000+0000
USERGRID-1026,jeffreyawest,2015-09-18T16:02:32.000+0000
USERGRID-1025,tnine,2015-09-16T22:22:58.000+0000
USERGRID-1024,safeldm,2015-09-16T19:42:29.000+0000
USERGRID-1023,safeldm,2015-09-16T18:18:31.000+0000
USERGRID-1022,safeldm,2015-09-15T19:09:42.000+0000
USERGRID-1021,jeffreyawest,2015-09-14T17:11:13.000+0000
USERGRID-1020,brandonshelley,2015-09-14T16:28:44.000+0000
USERGRID-1019,nimo23,2015-09-13T19:12:37.000+0000
USERGRID-1018,tnine,2015-09-11T23:29:20.000+0000
USERGRID-1017,tnine,2015-09-11T23:28:11.000+0000
USERGRID-1016,tnine,2015-09-11T22:57:59.000+0000
USERGRID-1015,safeldm,2015-09-11T16:47:48.000+0000
USERGRID-1014,mrusso,2015-09-10T21:56:29.000+0000
USERGRID-1013,safeldm,2015-09-10T20:48:43.000+0000
USERGRID-1012,jeffreyawest,2015-09-10T17:32:09.000+0000
USERGRID-1011,jeffreyawest,2015-09-10T00:29:08.000+0000
USERGRID-1010,karlunho,2015-09-09T23:33:24.000+0000
USERGRID-1009,karlunho,2015-09-09T23:27:14.000+0000
USERGRID-1008,karlunho,2015-09-09T23:25:33.000+0000
USERGRID-1007,jeffreyawest,2015-09-09T21:02:52.000+0000
USERGRID-1006,jeffreyawest,2015-09-08T21:27:12.000+0000
USERGRID-1005,safeldm,2015-09-08T17:08:07.000+0000
USERGRID-1004,karlunho,2015-09-08T16:36:30.000+0000
USERGRID-1003,karlunho,2015-09-08T16:35:15.000+0000
USERGRID-1002,karlunho,2015-09-08T16:34:08.000+0000
USERGRID-1001,karlunho,2015-09-08T16:32:18.000+0000
USERGRID-1000,safeldm,2015-09-04T23:12:30.000+0000
USERGRID-999,brandonshelley,2015-09-04T20:30:28.000+0000
USERGRID-998,jeffreyawest,2015-09-04T20:26:12.000+0000
USERGRID-997,jeffreyawest,2015-09-04T19:49:17.000+0000
USERGRID-995,karlunho,2015-09-04T18:21:02.000+0000
USERGRID-994,brandonshelley,2015-09-03T18:28:14.000+0000
USERGRID-993,tnine,2015-09-02T22:31:47.000+0000
USERGRID-992,jeffreyawest,2015-09-02T20:35:18.000+0000
USERGRID-991,jeffreyawest,2015-09-02T20:25:11.000+0000
USERGRID-990,jeffreyawest,2015-09-02T19:50:43.000+0000
USERGRID-989,tnine,2015-09-01T22:16:59.000+0000
USERGRID-988,jeffreyawest,2015-09-01T18:30:30.000+0000
USERGRID-987,jeffreyawest,2015-08-31T17:17:36.000+0000
USERGRID-986,brandonshelley,2015-08-29T19:12:48.000+0000
USERGRID-985,jeffreyawest,2015-08-28T20:22:19.000+0000
USERGRID-984,jeffreyawest,2015-08-28T20:20:33.000+0000
USERGRID-983,jeffreyawest,2015-08-28T20:18:11.000+0000
USERGRID-982,jeffreyawest,2015-08-28T20:13:04.000+0000
USERGRID-981,jeffreyawest,2015-08-28T19:59:09.000+0000
USERGRID-980,jeffreyawest,2015-08-28T19:56:45.000+0000
USERGRID-979,jeffreyawest,2015-08-28T19:44:40.000+0000
USERGRID-978,jeffreyawest,2015-08-28T19:43:02.000+0000
USERGRID-977,jeffreyawest,2015-08-28T19:42:49.000+0000
USERGRID-976,jeffreyawest,2015-08-28T19:42:33.000+0000
USERGRID-975,jeffreyawest,2015-08-28T19:42:24.000+0000
USERGRID-974,jeffreyawest,2015-08-28T19:41:28.000+0000
USERGRID-973,jeffreyawest,2015-08-28T19:30:46.000+0000
USERGRID-972,jeffreyawest,2015-08-28T18:30:22.000+0000
USERGRID-971,jeffreyawest,2015-08-28T18:11:47.000+0000
USERGRID-970,jeffreyawest,2015-08-28T18:10:15.000+0000
USERGRID-969,jeffreyawest,2015-08-28T18:05:02.000+0000
USERGRID-968,jeffreyawest,2015-08-28T18:02:12.000+0000
USERGRID-967,jeffreyawest,2015-08-28T18:01:08.000+0000
USERGRID-966,jeffreyawest,2015-08-28T17:58:36.000+0000
USERGRID-965,jeffreyawest,2015-08-28T17:57:11.000+0000
USERGRID-964,jeffreyawest,2015-08-28T17:55:36.000+0000
USERGRID-963,jeffreyawest,2015-08-28T17:50:52.000+0000
USERGRID-962,jeffreyawest,2015-08-28T00:28:04.000+0000
USERGRID-961,jeffreyawest,2015-08-28T00:25:16.000+0000
USERGRID-960,jeffreyawest,2015-08-28T00:23:16.000+0000
USERGRID-959,jeffreyawest,2015-08-28T00:20:23.000+0000
USERGRID-958,jeffreyawest,2015-08-28T00:19:01.000+0000
USERGRID-957,jeffreyawest,2015-08-28T00:15:19.000+0000
USERGRID-956,jeffreyawest,2015-08-28T00:11:37.000+0000
USERGRID-955,jeffreyawest,2015-08-28T00:08:17.000+0000
USERGRID-954,jeffreyawest,2015-08-28T00:05:36.000+0000
USERGRID-953,jeffreyawest,2015-08-28T00:04:46.000+0000
USERGRID-952,jeffreyawest,2015-08-27T23:59:05.000+0000
USERGRID-951,jeffreyawest,2015-08-26T22:15:28.000+0000
USERGRID-950,mrusso,2015-08-26T21:53:32.000+0000
USERGRID-949,jeffreyawest,2015-08-25T22:14:55.000+0000
USERGRID-948,jeffreyawest,2015-08-25T22:14:28.000+0000
USERGRID-947,jeffreyawest,2015-08-25T22:14:13.000+0000
USERGRID-946,jeffreyawest,2015-08-25T22:09:50.000+0000
USERGRID-945,tnine,2015-08-25T21:44:34.000+0000
USERGRID-944,jeffreyawest,2015-08-25T20:25:00.000+0000
USERGRID-943,jeffreyawest,2015-08-25T20:21:39.000+0000
USERGRID-942,jeffreyawest,2015-08-25T16:52:51.000+0000
USERGRID-941,djohnson,2015-08-25T16:35:28.000+0000
USERGRID-940,djohnson,2015-08-25T16:34:49.000+0000
USERGRID-939,djohnson,2015-08-25T16:33:38.000+0000
USERGRID-938,jeffreyawest,2015-08-25T14:52:57.000+0000
USERGRID-937,jeffreyawest,2015-08-25T00:46:41.000+0000
USERGRID-936,jeffreyawest,2015-08-25T00:08:45.000+0000
USERGRID-935,brandonshelley,2015-08-24T21:12:47.000+0000
USERGRID-934,apps4u,2015-08-23T05:18:12.000+0000
USERGRID-933,jeffreyawest,2015-08-20T22:50:29.000+0000
USERGRID-932,jeffreyawest,2015-08-20T22:48:05.000+0000
USERGRID-931,jeffreyawest,2015-08-20T22:44:55.000+0000
USERGRID-930,tnine,2015-08-20T22:25:24.000+0000
USERGRID-929,jeffreyawest,2015-08-20T22:23:04.000+0000
USERGRID-928,tnine,2015-08-20T22:10:37.000+0000
USERGRID-927,tnine,2015-08-20T21:57:50.000+0000
USERGRID-926,jeffreyawest,2015-08-20T20:31:37.000+0000
USERGRID-925,jeffreyawest,2015-08-20T20:31:13.000+0000
USERGRID-924,jeffreyawest,2015-08-20T17:52:00.000+0000
USERGRID-923,jeffreyawest,2015-08-17T21:59:04.000+0000
USERGRID-922,jeffreyawest,2015-08-17T20:59:03.000+0000
USERGRID-921,jeffreyawest,2015-08-17T20:55:08.000+0000
USERGRID-920,jeffreyawest,2015-08-17T20:46:05.000+0000
USERGRID-919,jeffreyawest,2015-08-17T20:36:33.000+0000
USERGRID-918,jeffreyawest,2015-08-17T20:30:24.000+0000
USERGRID-917,jeffreyawest,2015-08-17T20:22:46.000+0000
USERGRID-916,jeffreyawest,2015-08-17T20:21:46.000+0000
USERGRID-915,jeffreyawest,2015-08-17T20:20:40.000+0000
USERGRID-914,jeffreyawest,2015-08-17T20:19:48.000+0000
USERGRID-913,jeffreyawest,2015-08-17T20:19:23.000+0000
USERGRID-912,jeffreyawest,2015-08-17T20:18:30.000+0000
USERGRID-911,jeffreyawest,2015-08-17T20:17:23.000+0000
USERGRID-910,jeffreyawest,2015-08-17T20:16:25.000+0000
USERGRID-909,tnine,2015-08-13T18:06:37.000+0000
USERGRID-908,safeldm,2015-08-11T20:28:08.000+0000
USERGRID-907,tnine,2015-08-11T17:03:13.000+0000
USERGRID-906,mrusso,2015-08-05T20:06:12.000+0000
USERGRID-905,djohnson,2015-08-04T21:10:53.000+0000
USERGRID-904,greyes,2015-08-04T20:03:25.000+0000
USERGRID-903,greyes,2015-08-04T18:31:57.000+0000
USERGRID-902,greyes,2015-08-04T18:22:18.000+0000
USERGRID-901,greyes,2015-08-04T18:16:13.000+0000
USERGRID-900,mrusso,2015-08-04T00:04:50.000+0000
USERGRID-899,mrusso,2015-07-31T19:04:19.000+0000
USERGRID-898,greyes,2015-07-28T23:50:27.000+0000
USERGRID-897,djohnson,2015-07-28T20:20:33.000+0000
USERGRID-896,djohnson,2015-07-28T20:20:24.000+0000
USERGRID-895,djohnson,2015-07-28T20:20:17.000+0000
USERGRID-894,djohnson,2015-07-28T20:20:11.000+0000
USERGRID-893,djohnson,2015-07-28T20:19:54.000+0000
USERGRID-892,djohnson,2015-07-28T20:19:38.000+0000
USERGRID-891,djohnson,2015-07-28T20:19:16.000+0000
USERGRID-890,djohnson,2015-07-28T20:19:00.000+0000
USERGRID-889,djohnson,2015-07-28T20:18:45.000+0000
USERGRID-888,djohnson,2015-07-28T20:17:36.000+0000
USERGRID-887,djohnson,2015-07-28T20:16:59.000+0000
USERGRID-886,djohnson,2015-07-28T20:16:35.000+0000
USERGRID-885,djohnson,2015-07-28T20:16:05.000+0000
USERGRID-884,djohnson,2015-07-28T20:15:41.000+0000
USERGRID-883,djohnson,2015-07-28T20:14:16.000+0000
USERGRID-882,safeldm,2015-07-28T17:22:50.000+0000
USERGRID-881,safeldm,2015-07-28T17:21:31.000+0000
USERGRID-880,safeldm,2015-07-27T16:20:33.000+0000
USERGRID-879,jeffreyawest,2015-07-23T19:51:18.000+0000
USERGRID-878,safeldm,2015-07-23T16:24:55.000+0000
USERGRID-877,djohnson,2015-07-23T15:04:39.000+0000
USERGRID-876,jeffreyawest,2015-07-22T21:00:59.000+0000
USERGRID-875,jeffreyawest,2015-07-22T20:47:20.000+0000
USERGRID-874,jeffreyawest,2015-07-22T20:17:07.000+0000
USERGRID-873,mrusso,2015-07-22T19:20:53.000+0000
USERGRID-872,djohnson,2015-07-22T12:38:07.000+0000
USERGRID-871,mdunker,2015-07-21T23:23:52.000+0000
USERGRID-870,mrusso,2015-07-21T01:28:50.000+0000
USERGRID-869,greyes,2015-07-20T18:01:35.000+0000
USERGRID-868,lynchlee,2015-07-19T13:59:38.000+0000
USERGRID-867,jeffreyawest,2015-07-17T22:57:44.000+0000
USERGRID-866,jeffreyawest,2015-07-17T22:57:19.000+0000
USERGRID-865,djohnson,2015-07-17T22:10:45.000+0000
USERGRID-864,jeffreyawest,2015-07-17T14:16:47.000+0000
USERGRID-863,greyes,2015-07-16T17:07:26.000+0000
USERGRID-862,greyes,2015-07-16T17:06:15.000+0000
USERGRID-861,jeffreyawest,2015-07-15T20:49:04.000+0000
USERGRID-860,jeffreyawest,2015-07-15T20:00:24.000+0000
USERGRID-859,jeffreyawest,2015-07-15T19:48:43.000+0000
USERGRID-858,brandonshelley,2015-07-15T17:34:42.000+0000
USERGRID-857,jeffreyawest,2015-07-15T16:06:33.000+0000
USERGRID-856,jeffreyawest,2015-07-15T00:12:27.000+0000
USERGRID-855,jeffreyawest,2015-07-14T23:13:34.000+0000
USERGRID-854,jeffreyawest,2015-07-14T23:10:42.000+0000
USERGRID-853,jeffreyawest,2015-07-14T22:30:13.000+0000
USERGRID-852,jeffreyawest,2015-07-14T21:46:31.000+0000
USERGRID-851,djohnson,2015-07-14T21:03:01.000+0000
USERGRID-850,jeffreyawest,2015-07-14T20:34:24.000+0000
USERGRID-849,jeffreyawest,2015-07-13T23:09:55.000+0000
USERGRID-848,jeffreyawest,2015-07-13T23:09:22.000+0000
USERGRID-847,jeffreyawest,2015-07-13T21:47:35.000+0000
USERGRID-846,jeffreyawest,2015-07-13T19:09:25.000+0000
USERGRID-845,jeffreyawest,2015-07-13T18:41:02.000+0000
USERGRID-844,jeffreyawest,2015-07-13T18:39:30.000+0000
USERGRID-843,jeffreyawest,2015-07-13T18:38:01.000+0000
USERGRID-842,jeffreyawest,2015-07-13T18:36:39.000+0000
USERGRID-841,jeffreyawest,2015-07-13T18:16:37.000+0000
USERGRID-840,tnine,2015-07-13T16:15:58.000+0000
USERGRID-839,jeffreyawest,2015-07-13T15:37:38.000+0000
USERGRID-838,jeffreyawest,2015-07-13T05:35:23.000+0000
USERGRID-837,jeffreyawest,2015-07-13T05:31:23.000+0000
USERGRID-836,jeffreyawest,2015-07-13T03:30:37.000+0000
USERGRID-835,jeffreyawest,2015-07-13T03:26:22.000+0000
USERGRID-834,jeffreyawest,2015-07-13T03:23:03.000+0000
USERGRID-833,jeffreyawest,2015-07-13T03:15:10.000+0000
USERGRID-832,jeffreyawest,2015-07-13T02:57:58.000+0000
USERGRID-831,jeffreyawest,2015-07-13T02:29:00.000+0000
USERGRID-830,jeffreyawest,2015-07-13T02:27:45.000+0000
USERGRID-829,jeffreyawest,2015-07-12T21:40:01.000+0000
USERGRID-828,jeffreyawest,2015-07-12T21:39:29.000+0000
USERGRID-827,jeffreyawest,2015-07-12T21:38:51.000+0000
USERGRID-826,jeffreyawest,2015-07-12T21:37:41.000+0000
USERGRID-825,jeffreyawest,2015-07-12T21:23:30.000+0000
USERGRID-824,jeffreyawest,2015-07-12T21:23:13.000+0000
USERGRID-823,jeffreyawest,2015-07-12T21:22:58.000+0000
USERGRID-822,jeffreyawest,2015-07-12T21:22:44.000+0000
USERGRID-821,jeffreyawest,2015-07-12T21:22:27.000+0000
USERGRID-820,jeffreyawest,2015-07-12T21:21:53.000+0000
USERGRID-819,jeffreyawest,2015-07-12T21:18:54.000+0000
USERGRID-818,jeffreyawest,2015-07-12T21:17:51.000+0000
USERGRID-817,jeffreyawest,2015-07-12T21:16:47.000+0000
USERGRID-816,jeffreyawest,2015-07-12T21:14:33.000+0000
USERGRID-815,jeffreyawest,2015-07-12T21:13:58.000+0000
USERGRID-814,jeffreyawest,2015-07-12T21:13:11.000+0000
USERGRID-813,jeffreyawest,2015-07-12T21:10:02.000+0000
USERGRID-812,jeffreyawest,2015-07-12T21:09:22.000+0000
USERGRID-811,jeffreyawest,2015-07-12T21:09:01.000+0000
USERGRID-810,jeffreyawest,2015-07-12T21:05:55.000+0000
USERGRID-809,jeffreyawest,2015-07-12T21:03:55.000+0000
USERGRID-808,jeffreyawest,2015-07-12T21:01:53.000+0000
USERGRID-807,jeffreyawest,2015-07-12T21:01:30.000+0000
USERGRID-806,jeffreyawest,2015-07-12T21:00:43.000+0000
USERGRID-805,jeffreyawest,2015-07-12T16:52:33.000+0000
USERGRID-804,jeffreyawest,2015-07-12T16:36:15.000+0000
USERGRID-803,jeffreyawest,2015-07-12T16:35:17.000+0000
USERGRID-802,jeffreyawest,2015-07-12T16:29:43.000+0000
USERGRID-801,jeffreyawest,2015-07-12T16:28:25.000+0000
USERGRID-800,jeffreyawest,2015-07-12T16:19:15.000+0000
USERGRID-799,jeffreyawest,2015-07-12T16:17:36.000+0000
USERGRID-798,jeffreyawest,2015-07-12T16:17:04.000+0000
USERGRID-797,brandonshelley,2015-07-10T20:10:46.000+0000
USERGRID-796,jeffreyawest,2015-07-10T00:37:10.000+0000
USERGRID-795,jeffreyawest,2015-07-10T00:34:57.000+0000
USERGRID-794,jeffreyawest,2015-07-10T00:34:28.000+0000
USERGRID-793,jeffreyawest,2015-07-10T00:32:58.000+0000
USERGRID-792,jeffreyawest,2015-07-10T00:12:07.000+0000
USERGRID-791,brandonshelley,2015-07-09T21:54:01.000+0000
USERGRID-790,brandonshelley,2015-07-08T23:26:45.000+0000
USERGRID-789,jeffreyawest,2015-07-08T22:18:57.000+0000
USERGRID-788,djohnson,2015-07-08T15:51:57.000+0000
USERGRID-787,brandonshelley,2015-07-07T02:40:14.000+0000
USERGRID-786,djohnson,2015-07-03T16:12:19.000+0000
USERGRID-785,mrusso,2015-07-03T00:33:05.000+0000
USERGRID-784,jeffreyawest,2015-07-02T20:08:03.000+0000
USERGRID-783,jeffreyawest,2015-07-02T20:06:12.000+0000
USERGRID-782,jeffreyawest,2015-07-02T20:01:54.000+0000
USERGRID-781,jeffreyawest,2015-07-02T19:59:25.000+0000
USERGRID-780,mrusso,2015-07-02T16:58:39.000+0000
USERGRID-779,mrusso,2015-07-02T16:56:46.000+0000
USERGRID-778,jeffreyawest,2015-07-01T20:42:02.000+0000
USERGRID-777,jeffreyawest,2015-07-01T20:39:36.000+0000
USERGRID-776,jeffreyawest,2015-07-01T17:10:45.000+0000
USERGRID-775,safeldm,2015-06-30T17:57:01.000+0000
USERGRID-774,jeffreyawest,2015-06-26T15:45:44.000+0000
USERGRID-773,jeffreyawest,2015-06-26T15:15:47.000+0000
USERGRID-772,jeffreyawest,2015-06-26T14:08:45.000+0000
USERGRID-771,jeffreyawest,2015-06-26T13:57:25.000+0000
USERGRID-770,jeffreyawest,2015-06-25T14:27:57.000+0000
USERGRID-769,pandacat,2015-06-25T13:31:18.000+0000
USERGRID-768,brandonshelley,2015-06-24T20:20:01.000+0000
USERGRID-767,jeffreyawest,2015-06-24T14:37:30.000+0000
USERGRID-766,jeffreyawest,2015-06-23T22:31:19.000+0000
USERGRID-765,jeffreyawest,2015-06-23T22:28:44.000+0000
USERGRID-764,jeffreyawest,2015-06-23T22:26:44.000+0000
USERGRID-763,jeffreyawest,2015-06-22T19:25:05.000+0000
USERGRID-762,djohnson,2015-06-22T12:48:13.000+0000
USERGRID-761,jeffreyawest,2015-06-20T01:46:24.000+0000
USERGRID-760,djohnson,2015-06-19T15:36:11.000+0000
USERGRID-759,jeffreyawest,2015-06-17T23:09:24.000+0000
USERGRID-758,jeffreyawest,2015-06-17T16:41:29.000+0000
USERGRID-757,safeldm,2015-06-17T15:18:52.000+0000
USERGRID-756,jeffreyawest,2015-06-16T22:48:12.000+0000
USERGRID-755,jeffreyawest,2015-06-16T22:07:12.000+0000
USERGRID-754,jeffreyawest,2015-06-16T22:02:37.000+0000
USERGRID-753,jeffreyawest,2015-06-16T15:08:34.000+0000
USERGRID-752,tnine,2015-06-15T17:21:26.000+0000
USERGRID-751,tnine,2015-06-15T16:44:41.000+0000
USERGRID-750,brandonshelley,2015-06-12T17:06:10.000+0000
USERGRID-749,jeffreyawest,2015-06-12T00:27:12.000+0000
USERGRID-748,jeffreyawest,2015-06-11T22:46:08.000+0000
USERGRID-747,jeffreyawest,2015-06-11T19:56:53.000+0000
USERGRID-746,djohnson,2015-06-11T17:33:05.000+0000
USERGRID-745,safeldm,2015-06-11T17:28:12.000+0000
USERGRID-744,tnine,2015-06-11T17:25:20.000+0000
USERGRID-742,jeffreyawest,2015-06-10T22:46:34.000+0000
USERGRID-741,jeffreyawest,2015-06-10T05:34:18.000+0000
USERGRID-740,tnine,2015-06-09T23:37:48.000+0000
USERGRID-739,jeffreyawest,2015-06-09T22:31:26.000+0000
USERGRID-738,jeffreyawest,2015-06-08T17:04:38.000+0000
USERGRID-737,jeffreyawest,2015-06-08T16:59:32.000+0000
USERGRID-736,jeffreyawest,2015-06-08T16:58:27.000+0000
USERGRID-735,jeffreyawest,2015-06-08T16:51:50.000+0000
USERGRID-734,jeffreyawest,2015-06-08T16:43:08.000+0000
USERGRID-733,jeffreyawest,2015-06-08T16:42:27.000+0000
USERGRID-732,jeffreyawest,2015-06-08T16:41:34.000+0000
USERGRID-731,jeffreyawest,2015-06-08T16:38:52.000+0000
USERGRID-730,rbridges,2015-06-08T15:02:16.000+0000
USERGRID-729,jeffreyawest,2015-06-08T03:29:36.000+0000
USERGRID-728,malaka,2015-06-07T01:17:20.000+0000
USERGRID-727,malaka,2015-06-07T01:07:12.000+0000
USERGRID-726,jeffreyawest,2015-06-06T00:06:48.000+0000
USERGRID-725,jeffreyawest,2015-06-05T22:17:12.000+0000
USERGRID-724,jeffreyawest,2015-06-04T17:21:14.000+0000
USERGRID-723,jeffreyawest,2015-06-04T13:55:25.000+0000
USERGRID-722,djohnson,2015-06-04T13:31:41.000+0000
USERGRID-720,jeffreyawest,2015-06-03T20:34:33.000+0000
USERGRID-719,jeffreyawest,2015-06-03T20:13:15.000+0000
USERGRID-718,rbridges,2015-06-03T20:11:29.000+0000
USERGRID-717,rbridges,2015-06-03T20:09:47.000+0000
USERGRID-716,rbridges,2015-06-03T20:03:09.000+0000
USERGRID-715,rbridges,2015-06-03T20:02:20.000+0000
USERGRID-714,rbridges,2015-06-03T20:01:36.000+0000
USERGRID-713,rbridges,2015-06-03T20:01:05.000+0000
USERGRID-712,rbridges,2015-06-03T20:00:18.000+0000
USERGRID-711,rbridges,2015-06-03T19:59:27.000+0000
USERGRID-710,rbridges,2015-06-03T19:57:49.000+0000
USERGRID-709,rbridges,2015-06-03T19:57:06.000+0000
USERGRID-708,rbridges,2015-06-03T19:55:53.000+0000
USERGRID-707,greyes,2015-06-02T21:59:41.000+0000
USERGRID-706,tnine,2015-06-02T21:40:19.000+0000
USERGRID-705,djohnson,2015-06-02T21:13:13.000+0000
USERGRID-704,safeldm,2015-06-02T18:38:01.000+0000
USERGRID-703,safeldm,2015-06-01T23:56:21.000+0000
USERGRID-702,greyes,2015-06-01T23:38:09.000+0000
USERGRID-701,greyes,2015-06-01T20:47:47.000+0000
USERGRID-700,safeldm,2015-06-01T15:15:13.000+0000
USERGRID-699,safeldm,2015-06-01T14:44:30.000+0000
USERGRID-698,safeldm,2015-06-01T14:35:18.000+0000
USERGRID-697,safeldm,2015-06-01T14:33:56.000+0000
USERGRID-696,safeldm,2015-06-01T14:32:10.000+0000
USERGRID-695,safeldm,2015-06-01T14:31:16.000+0000
USERGRID-693,safeldm,2015-06-01T14:29:13.000+0000
USERGRID-692,safeldm,2015-06-01T14:28:15.000+0000
USERGRID-691,safeldm,2015-05-29T23:08:30.000+0000
USERGRID-690,safeldm,2015-05-29T23:07:26.000+0000
USERGRID-689,safeldm,2015-05-29T22:56:05.000+0000
USERGRID-688,safeldm,2015-05-29T22:54:47.000+0000
USERGRID-687,greyes,2015-05-29T20:05:34.000+0000
USERGRID-686,greyes,2015-05-29T17:11:07.000+0000
USERGRID-685,safeldm,2015-05-28T23:00:36.000+0000
USERGRID-684,jeffreyawest,2015-05-28T19:27:38.000+0000
USERGRID-683,jeffreyawest,2015-05-28T17:14:47.000+0000
USERGRID-682,jeffreyawest,2015-05-26T22:00:01.000+0000
USERGRID-681,jeffreyawest,2015-05-26T18:01:39.000+0000
USERGRID-680,djohnson,2015-05-26T16:54:59.000+0000
USERGRID-679,jeffreyawest,2015-05-26T15:26:51.000+0000
USERGRID-678,jeffreyawest,2015-05-24T15:43:39.000+0000
USERGRID-677,greyes,2015-05-21T22:55:46.000+0000
USERGRID-676,jeffreyawest,2015-05-21T22:49:30.000+0000
USERGRID-675,greyes,2015-05-21T16:31:46.000+0000
USERGRID-674,johndament,2015-05-21T02:45:08.000+0000
USERGRID-673,johndament,2015-05-20T17:17:51.000+0000
USERGRID-672,jeffreyawest,2015-05-19T21:58:54.000+0000
USERGRID-671,jeffreyawest,2015-05-17T00:54:44.000+0000
USERGRID-670,jeffreyawest,2015-05-17T00:51:24.000+0000
USERGRID-669,safeldm,2015-05-15T16:52:56.000+0000
USERGRID-668,jeffreyawest,2015-05-13T19:29:51.000+0000
USERGRID-667,jeffreyawest,2015-05-13T19:27:33.000+0000
USERGRID-666,jeffreyawest,2015-05-13T19:27:06.000+0000
USERGRID-665,jeffreyawest,2015-05-13T19:26:09.000+0000
USERGRID-664,safeldm,2015-05-13T17:59:53.000+0000
USERGRID-663,safeldm,2015-05-13T17:57:01.000+0000
USERGRID-662,safeldm,2015-05-13T17:53:21.000+0000
USERGRID-661,safeldm,2015-05-13T17:52:38.000+0000
USERGRID-660,safeldm,2015-05-13T17:49:36.000+0000
USERGRID-659,safeldm,2015-05-13T17:47:52.000+0000
USERGRID-657,greyes,2015-05-13T17:36:51.000+0000
USERGRID-656,jeffreyawest,2015-05-13T17:34:46.000+0000
USERGRID-655,greyes,2015-05-13T00:33:30.000+0000
USERGRID-654,djohnson,2015-05-13T00:22:32.000+0000
USERGRID-653,jeffreyawest,2015-05-13T00:21:10.000+0000
USERGRID-652,jeffreyawest,2015-05-13T00:14:56.000+0000
USERGRID-649,jeffreyawest,2015-05-12T18:50:17.000+0000
USERGRID-648,tnine,2015-05-12T17:08:30.000+0000
USERGRID-647,jeffreyawest,2015-05-12T17:08:09.000+0000
USERGRID-646,jeffreyawest,2015-05-11T17:49:00.000+0000
USERGRID-645,tnine,2015-05-11T16:58:37.000+0000
USERGRID-644,safeldm,2015-05-08T20:53:40.000+0000
USERGRID-643,safeldm,2015-05-07T22:10:47.000+0000
USERGRID-642,safeldm,2015-05-07T22:07:35.000+0000
USERGRID-641,safeldm,2015-05-07T22:04:34.000+0000
USERGRID-640,jeffreyawest,2015-05-07T16:53:16.000+0000
USERGRID-639,jeffreyawest,2015-05-06T20:27:10.000+0000
USERGRID-638,jeffreyawest,2015-05-06T00:45:52.000+0000
USERGRID-637,jeffreyawest,2015-05-06T00:44:58.000+0000
USERGRID-636,jeffreyawest,2015-05-06T00:44:52.000+0000
USERGRID-635,jeffreyawest,2015-05-06T00:44:45.000+0000
USERGRID-634,jeffreyawest,2015-05-06T00:44:38.000+0000
USERGRID-633,jeffreyawest,2015-05-06T00:44:29.000+0000
USERGRID-632,jeffreyawest,2015-05-06T00:44:22.000+0000
USERGRID-631,jeffreyawest,2015-05-06T00:44:14.000+0000
USERGRID-630,jeffreyawest,2015-05-06T00:43:58.000+0000
USERGRID-629,jeffreyawest,2015-05-06T00:43:52.000+0000
USERGRID-628,jeffreyawest,2015-05-06T00:43:44.000+0000
USERGRID-627,jeffreyawest,2015-05-06T00:43:38.000+0000
USERGRID-626,jeffreyawest,2015-05-06T00:43:31.000+0000
USERGRID-625,jeffreyawest,2015-05-06T00:43:23.000+0000
USERGRID-624,jeffreyawest,2015-05-06T00:43:14.000+0000
USERGRID-623,jeffreyawest,2015-05-06T00:41:34.000+0000
USERGRID-622,jeffreyawest,2015-05-06T00:41:14.000+0000
USERGRID-621,jeffreyawest,2015-05-06T00:37:33.000+0000
USERGRID-619,jeffreyawest,2015-05-05T22:12:07.000+0000
USERGRID-618,djohnson,2015-05-05T20:01:33.000+0000
USERGRID-617,djohnson,2015-05-05T19:55:30.000+0000
USERGRID-616,djohnson,2015-05-05T19:54:28.000+0000
USERGRID-615,jeffreyawest,2015-05-05T18:42:07.000+0000
USERGRID-614,tnine,2015-05-05T15:52:53.000+0000
USERGRID-613,jeffreyawest,2015-05-02T15:36:57.000+0000
USERGRID-612,safeldm,2015-04-29T23:15:46.000+0000
USERGRID-611,jeffreyawest,2015-04-29T20:52:44.000+0000
USERGRID-610,safeldm,2015-04-29T20:49:56.000+0000
USERGRID-609,safeldm,2015-04-28T22:16:25.000+0000
USERGRID-608,safeldm,2015-04-28T22:08:19.000+0000
USERGRID-607,safeldm,2015-04-28T22:05:51.000+0000
USERGRID-606,safeldm,2015-04-28T22:05:05.000+0000
USERGRID-604,safeldm,2015-04-28T21:54:42.000+0000
USERGRID-603,safeldm,2015-04-28T21:48:46.000+0000
USERGRID-602,djohnson,2015-04-28T21:47:19.000+0000
USERGRID-601,djohnson,2015-04-28T21:46:24.000+0000
USERGRID-600,karlunho,2015-04-28T20:08:17.000+0000
USERGRID-599,karlunho,2015-04-28T20:04:46.000+0000
USERGRID-598,safeldm,2015-04-28T15:38:29.000+0000
USERGRID-597,jeffreyawest,2015-04-27T17:18:06.000+0000
USERGRID-596,jeffreyawest,2015-04-27T17:02:29.000+0000
USERGRID-595,jeffreyawest,2015-04-25T16:48:06.000+0000
USERGRID-594,jeffreyawest,2015-04-23T21:54:19.000+0000
USERGRID-593,tnine,2015-04-23T16:36:05.000+0000
USERGRID-592,djohnson,2015-04-22T18:40:25.000+0000
USERGRID-591,jeffreyawest,2015-04-22T18:18:01.000+0000
USERGRID-589,tnine,2015-04-21T22:12:00.000+0000
USERGRID-588,jeffreyawest,2015-04-21T22:09:00.000+0000
USERGRID-587,safeldm,2015-04-21T22:06:26.000+0000
USERGRID-586,jeffreyawest,2015-04-21T21:57:30.000+0000
USERGRID-585,jeffreyawest,2015-04-21T21:57:15.000+0000
USERGRID-584,greyes,2015-04-21T21:55:05.000+0000
USERGRID-583,jeffreyawest,2015-04-21T21:54:42.000+0000
USERGRID-582,safeldm,2015-04-21T21:53:13.000+0000
USERGRID-581,greyes,2015-04-20T22:48:30.000+0000
USERGRID-580,djohnson,2015-04-20T15:29:22.000+0000
USERGRID-579,pandacat,2015-04-19T17:57:02.000+0000
USERGRID-578,safeldm,2015-04-17T15:35:12.000+0000
USERGRID-577,djohnson,2015-04-17T13:29:54.000+0000
USERGRID-576,djohnson,2015-04-17T13:26:00.000+0000
USERGRID-575,djohnson,2015-04-17T13:23:24.000+0000
USERGRID-574,jeffreyawest,2015-04-17T00:41:58.000+0000
USERGRID-573,greyes,2015-04-16T18:17:09.000+0000
USERGRID-572,jeffreyawest,2015-04-16T16:26:45.000+0000
USERGRID-571,jeffreyawest,2015-04-16T16:04:42.000+0000
USERGRID-570,jeffreyawest,2015-04-16T15:57:19.000+0000
USERGRID-569,jeffreyawest,2015-04-16T00:45:14.000+0000
USERGRID-568,safeldm,2015-04-15T20:26:48.000+0000
USERGRID-567,djohnson,2015-04-10T13:36:32.000+0000
USERGRID-566,senthilkumar.kj,2015-04-10T00:22:37.000+0000
USERGRID-565,jeffreyawest,2015-04-09T03:48:24.000+0000
USERGRID-564,tnine,2015-04-08T21:58:25.000+0000
USERGRID-563,djohnson,2015-04-08T20:31:33.000+0000
USERGRID-562,jeffreyawest,2015-04-08T16:47:12.000+0000
USERGRID-561,jeffreyawest,2015-04-08T16:44:55.000+0000
USERGRID-560,jeffreyawest,2015-04-08T00:09:05.000+0000
USERGRID-559,tnine,2015-04-07T22:34:16.000+0000
USERGRID-558,tnine,2015-04-07T22:33:07.000+0000
USERGRID-557,jeffreyawest,2015-04-07T22:26:15.000+0000
USERGRID-556,jeffreyawest,2015-04-07T22:25:09.000+0000
USERGRID-555,jeffreyawest,2015-04-07T22:11:53.000+0000
USERGRID-553,tnine,2015-04-07T21:54:09.000+0000
USERGRID-552,tnine,2015-04-07T21:52:20.000+0000
USERGRID-551,jeffreyawest,2015-04-07T21:24:51.000+0000
USERGRID-550,safeldm,2015-04-07T16:00:33.000+0000
USERGRID-549,safeldm,2015-04-07T00:03:36.000+0000
USERGRID-548,greyes,2015-04-06T17:50:54.000+0000
USERGRID-547,tnine,2015-04-06T16:12:36.000+0000
USERGRID-546,jeffreyawest,2015-04-06T13:21:42.000+0000
USERGRID-545,jeffreyawest,2015-04-06T00:04:53.000+0000
USERGRID-544,jeffreyawest,2015-04-05T16:46:49.000+0000
USERGRID-543,jeffreyawest,2015-04-04T18:28:01.000+0000
USERGRID-542,greyes,2015-04-03T23:34:32.000+0000
USERGRID-541,safeldm,2015-04-03T20:23:06.000+0000
USERGRID-540,safeldm,2015-04-03T20:16:05.000+0000
USERGRID-539,safeldm,2015-04-03T20:13:14.000+0000
USERGRID-538,senthilkumar.kj,2015-04-03T01:43:17.000+0000
USERGRID-537,greyes,2015-04-02T00:19:51.000+0000
USERGRID-536,tnine,2015-04-01T17:40:01.000+0000
USERGRID-535,jeffreyawest,2015-04-01T17:22:04.000+0000
USERGRID-534,jeffreyawest,2015-04-01T17:20:41.000+0000
USERGRID-533,jeffreyawest,2015-04-01T17:18:30.000+0000
USERGRID-532,jeffreyawest,2015-04-01T17:09:14.000+0000
USERGRID-531,jeffreyawest,2015-04-01T16:44:01.000+0000
USERGRID-530,djohnson,2015-04-01T16:15:06.000+0000
USERGRID-529,jeffreyawest,2015-04-01T15:07:23.000+0000
USERGRID-528,tnine,2015-04-01T15:02:14.000+0000
USERGRID-527,jeffreyawest,2015-03-31T17:19:17.000+0000
USERGRID-525,safeldm,2015-03-31T14:48:30.000+0000
USERGRID-524,jeffreyawest,2015-03-31T14:30:57.000+0000
USERGRID-523,tnine,2015-03-27T22:10:40.000+0000
USERGRID-522,jeffreyawest,2015-03-27T04:05:04.000+0000
USERGRID-521,jeffreyawest,2015-03-26T23:44:22.000+0000
USERGRID-520,safeldm,2015-03-26T20:03:15.000+0000
USERGRID-519,jeffreyawest,2015-03-25T18:16:02.000+0000
USERGRID-518,jeffreyawest,2015-03-25T18:06:24.000+0000
USERGRID-516,jeffreyawest,2015-03-25T17:21:28.000+0000
USERGRID-515,jeffreyawest,2015-03-25T14:02:25.000+0000
USERGRID-514,jeffreyawest,2015-03-25T01:12:39.000+0000
USERGRID-513,jeffreyawest,2015-03-24T21:22:38.000+0000
USERGRID-512,jeffreyawest,2015-03-24T20:58:57.000+0000
USERGRID-511,tnine,2015-03-24T20:46:27.000+0000
USERGRID-510,jeffreyawest,2015-03-24T20:15:10.000+0000
USERGRID-509,tnine,2015-03-24T20:13:37.000+0000
USERGRID-508,jeffreyawest,2015-03-24T18:39:12.000+0000
USERGRID-507,jeffreyawest,2015-03-24T18:36:06.000+0000
USERGRID-506,jeffreyawest,2015-03-24T18:32:02.000+0000
USERGRID-505,jeffreyawest,2015-03-24T17:50:43.000+0000
USERGRID-504,greyes,2015-03-23T23:34:12.000+0000
USERGRID-503,safeldm,2015-03-23T21:52:40.000+0000
USERGRID-502,greyes,2015-03-23T20:22:06.000+0000
USERGRID-501,safeldm,2015-03-23T16:46:00.000+0000
USERGRID-500,tnine,2015-03-20T19:36:48.000+0000
USERGRID-499,yep,2015-03-20T12:01:13.000+0000
USERGRID-498,yep,2015-03-20T12:01:05.000+0000
USERGRID-497,greyes,2015-03-19T20:09:09.000+0000
USERGRID-496,tnine,2015-03-19T16:16:19.000+0000
USERGRID-495,tnine,2015-03-19T16:09:57.000+0000
USERGRID-494,tnine,2015-03-18T23:25:53.000+0000
USERGRID-493,greyes,2015-03-18T21:47:22.000+0000
USERGRID-492,tnine,2015-03-18T21:44:37.000+0000
USERGRID-491,tnine,2015-03-18T17:12:40.000+0000
USERGRID-490,tnine,2015-03-18T11:56:36.000+0000
USERGRID-489,greyes,2015-03-18T09:59:50.000+0000
USERGRID-488,jeffreyawest,2015-03-17T21:05:25.000+0000
USERGRID-487,tnine,2015-03-17T21:03:21.000+0000
USERGRID-486,tnine,2015-03-17T15:25:29.000+0000
USERGRID-485,safeldm,2015-03-16T16:16:16.000+0000
USERGRID-484,safeldm,2015-03-16T15:51:34.000+0000
USERGRID-483,safeldm,2015-03-16T15:50:55.000+0000
USERGRID-482,safeldm,2015-03-16T15:45:27.000+0000
USERGRID-481,safeldm,2015-03-13T17:25:01.000+0000
USERGRID-480,tnine,2015-03-13T17:22:17.000+0000
USERGRID-479,rockerston,2015-03-12T15:39:24.000+0000
USERGRID-478,tnine,2015-03-12T15:34:26.000+0000
USERGRID-477,safeldm,2015-03-11T21:06:58.000+0000
USERGRID-476,safeldm,2015-03-11T21:00:42.000+0000
USERGRID-475,safeldm,2015-03-11T20:57:34.000+0000
USERGRID-474,tnine,2015-03-11T20:43:12.000+0000
USERGRID-473,safeldm,2015-03-10T23:29:16.000+0000
USERGRID-472,safeldm,2015-03-10T20:55:57.000+0000
USERGRID-471,jeffreyawest,2015-03-10T17:42:47.000+0000
USERGRID-470,tnine,2015-03-10T17:42:08.000+0000
USERGRID-469,tnine,2015-03-10T16:15:08.000+0000
USERGRID-468,jeffreyawest,2015-03-10T03:10:20.000+0000
USERGRID-467,tnine,2015-03-09T21:26:35.000+0000
USERGRID-466,jeffreyawest,2015-03-09T18:13:43.000+0000
USERGRID-465,greyes,2015-03-09T15:53:49.000+0000
USERGRID-464,tnine,2015-03-09T07:50:32.000+0000
USERGRID-463,tnine,2015-03-09T07:49:12.000+0000
USERGRID-462,tnine,2015-03-09T07:47:36.000+0000
USERGRID-461,tnine,2015-03-09T06:21:19.000+0000
USERGRID-460,jeffreyawest,2015-03-08T21:39:12.000+0000
USERGRID-459,jeffreyawest,2015-03-08T05:00:23.000+0000
USERGRID-458,tnine,2015-03-07T00:32:49.000+0000
USERGRID-457,rockerston,2015-03-06T00:56:50.000+0000
USERGRID-456,tnine,2015-03-05T01:42:58.000+0000
USERGRID-455,jeffreyawest,2015-03-05T01:25:20.000+0000
USERGRID-454,safeldm,2015-03-04T17:59:05.000+0000
USERGRID-453,safeldm,2015-03-04T17:55:38.000+0000
USERGRID-452,safeldm,2015-03-03T23:22:39.000+0000
USERGRID-451,safeldm,2015-03-03T22:01:56.000+0000
USERGRID-450,rockerston,2015-03-03T21:15:00.000+0000
USERGRID-449,rockerston,2015-03-03T17:14:17.000+0000
USERGRID-448,djohnson,2015-03-03T14:36:17.000+0000
USERGRID-447,tnine,2015-03-03T02:20:12.000+0000
USERGRID-446,tnine,2015-03-02T23:56:13.000+0000
USERGRID-445,tnine,2015-03-02T22:13:04.000+0000
USERGRID-444,tnine,2015-03-02T22:11:16.000+0000
USERGRID-443,jeffreyawest,2015-03-02T21:12:16.000+0000
USERGRID-442,jeffreyawest,2015-03-02T18:43:56.000+0000
USERGRID-441,djohnson,2015-03-02T14:57:14.000+0000
USERGRID-439,jeffreyawest,2015-02-27T23:21:11.000+0000
USERGRID-438,jeffreyawest,2015-02-27T23:17:06.000+0000
USERGRID-437,greyes,2015-02-27T22:25:34.000+0000
USERGRID-436,rockerston,2015-02-27T22:12:14.000+0000
USERGRID-435,rockerston,2015-02-27T22:10:44.000+0000
USERGRID-434,greyes,2015-02-27T20:25:00.000+0000
USERGRID-433,greyes,2015-02-27T17:42:29.000+0000
USERGRID-432,safeldm,2015-02-27T17:30:23.000+0000
USERGRID-431,jeffreyawest,2015-02-27T00:58:27.000+0000
USERGRID-430,rockerston,2015-02-26T23:48:22.000+0000
USERGRID-429,djohnson,2015-02-26T23:21:15.000+0000
USERGRID-428,jeffreyawest,2015-02-26T22:30:39.000+0000
USERGRID-427,djohnson,2015-02-26T22:04:44.000+0000
USERGRID-426,djohnson,2015-02-26T20:57:11.000+0000
USERGRID-425,tnine,2015-02-26T20:45:37.000+0000
USERGRID-424,tnine,2015-02-26T19:12:59.000+0000
USERGRID-423,greyes,2015-02-26T19:11:43.000+0000
USERGRID-422,greyes,2015-02-26T18:00:15.000+0000
USERGRID-421,djohnson,2015-02-26T17:56:30.000+0000
USERGRID-420,djohnson,2015-02-26T17:53:46.000+0000
USERGRID-419,djohnson,2015-02-26T16:42:37.000+0000
USERGRID-418,greyes,2015-02-26T01:13:28.000+0000
USERGRID-416,safeldm,2015-02-25T21:48:03.000+0000
USERGRID-415,jeffreyawest,2015-02-25T02:37:04.000+0000
USERGRID-414,tnine,2015-02-24T22:08:34.000+0000
USERGRID-413,jeffreyawest,2015-02-24T20:24:03.000+0000
USERGRID-412,safeldm,2015-02-24T17:23:25.000+0000
USERGRID-411,tnine,2015-02-23T21:21:18.000+0000
USERGRID-410,greyes,2015-02-23T18:17:32.000+0000
USERGRID-409,tnine,2015-02-23T17:37:00.000+0000
USERGRID-408,tnine,2015-02-22T19:40:33.000+0000
USERGRID-407,tnine,2015-02-20T06:56:33.000+0000
USERGRID-406,djohnson,2015-02-19T21:39:10.000+0000
USERGRID-405,tnine,2015-02-19T19:31:51.000+0000
USERGRID-404,greyes,2015-02-19T00:50:23.000+0000
USERGRID-403,tnine,2015-02-18T21:13:13.000+0000
USERGRID-402,tnine,2015-02-18T21:08:05.000+0000
USERGRID-401,tnine,2015-02-18T21:06:46.000+0000
USERGRID-400,tnine,2015-02-18T21:05:06.000+0000
USERGRID-399,tnine,2015-02-18T21:04:27.000+0000
USERGRID-398,tnine,2015-02-18T21:02:37.000+0000
USERGRID-397,greyes,2015-02-18T21:02:07.000+0000
USERGRID-396,greyes,2015-02-18T18:39:31.000+0000
USERGRID-395,greyes,2015-02-18T18:07:31.000+0000
USERGRID-394,safeldm,2015-02-17T19:13:58.000+0000
USERGRID-393,safeldm,2015-02-17T19:10:25.000+0000
USERGRID-392,rockerston,2015-02-16T17:33:53.000+0000
USERGRID-391,rockerston,2015-02-16T17:31:29.000+0000
USERGRID-390,tnine,2015-02-12T22:24:25.000+0000
USERGRID-389,greyes,2015-02-10T23:31:37.000+0000
USERGRID-388,tnine,2015-02-10T21:24:33.000+0000
USERGRID-387,greyes,2015-02-09T23:35:53.000+0000
USERGRID-386,rockerston,2015-02-06T22:25:55.000+0000
USERGRID-385,djohnson,2015-02-06T22:24:20.000+0000
USERGRID-384,rockerston,2015-02-06T22:22:13.000+0000
USERGRID-383,rockerston,2015-02-06T22:19:54.000+0000
USERGRID-382,rockerston,2015-02-06T22:10:55.000+0000
USERGRID-381,rockerston,2015-02-06T21:52:24.000+0000
USERGRID-380,rekimom,2015-02-06T07:55:21.000+0000
USERGRID-379,djohnson,2015-02-03T16:13:31.000+0000
USERGRID-378,rockerston,2015-02-02T20:40:17.000+0000
USERGRID-377,rockerston,2015-02-02T20:38:37.000+0000
USERGRID-376,rockerston,2015-02-02T20:37:47.000+0000
USERGRID-375,rockerston,2015-02-02T20:36:36.000+0000
USERGRID-374,rockerston,2015-02-02T20:35:45.000+0000
USERGRID-373,rekimom,2015-02-02T09:54:24.000+0000
USERGRID-372,rekimom,2015-02-02T09:45:52.000+0000
USERGRID-371,greyes,2015-01-29T23:00:41.000+0000
USERGRID-370,djohnson,2015-01-28T21:46:39.000+0000
USERGRID-369,macs dragon,2015-01-28T12:49:36.000+0000
USERGRID-368,rbridges,2015-01-27T20:05:52.000+0000
USERGRID-367,tnine,2015-01-26T17:23:59.000+0000
USERGRID-366,tnine,2015-01-26T17:22:05.000+0000
USERGRID-365,tnine,2015-01-26T17:17:26.000+0000
USERGRID-364,djohnson,2015-01-26T15:29:32.000+0000
USERGRID-363,djohnson,2015-01-26T15:26:53.000+0000
USERGRID-362,rockerston,2015-01-22T04:29:20.000+0000
USERGRID-361,rockerston,2015-01-22T01:39:23.000+0000
USERGRID-360,rockerston,2015-01-20T21:48:13.000+0000
USERGRID-359,tnine,2015-01-20T17:48:31.000+0000
USERGRID-358,djohnson,2015-01-17T23:25:41.000+0000
USERGRID-357,rockerston,2015-01-17T02:35:04.000+0000
USERGRID-356,rockerston,2015-01-17T02:31:17.000+0000
USERGRID-355,rockerston,2015-01-17T02:05:00.000+0000
USERGRID-354,rockerston,2015-01-17T01:17:04.000+0000
USERGRID-353,rockerston,2015-01-17T01:12:48.000+0000
USERGRID-352,rockerston,2015-01-16T21:53:59.000+0000
USERGRID-351,djohnson,2015-01-16T17:22:51.000+0000
USERGRID-350,szlacko,2015-01-13T18:22:19.000+0000
USERGRID-349,greyes,2015-01-10T00:10:39.000+0000
USERGRID-348,greyes,2015-01-10T00:07:46.000+0000
USERGRID-347,greyes,2015-01-10T00:05:23.000+0000
USERGRID-346,greyes,2015-01-10T00:00:53.000+0000
USERGRID-345,greyes,2015-01-10T00:00:29.000+0000
USERGRID-344,greyes,2015-01-09T23:57:41.000+0000
USERGRID-343,greyes,2015-01-09T23:50:57.000+0000
USERGRID-342,greyes,2015-01-09T23:49:01.000+0000
USERGRID-341,greyes,2015-01-09T23:48:19.000+0000
USERGRID-340,greyes,2015-01-09T23:43:52.000+0000
USERGRID-339,greyes,2015-01-09T23:43:33.000+0000
USERGRID-338,greyes,2015-01-09T23:42:56.000+0000
USERGRID-337,greyes,2015-01-09T23:41:06.000+0000
USERGRID-336,greyes,2015-01-09T23:33:06.000+0000
USERGRID-335,greyes,2015-01-09T23:32:15.000+0000
USERGRID-334,greyes,2015-01-09T23:31:56.000+0000
USERGRID-333,greyes,2015-01-09T23:31:24.000+0000
USERGRID-332,greyes,2015-01-09T23:31:07.000+0000
USERGRID-331,greyes,2015-01-09T23:30:44.000+0000
USERGRID-330,greyes,2015-01-09T23:16:38.000+0000
USERGRID-329,greyes,2015-01-09T23:13:53.000+0000
USERGRID-328,greyes,2015-01-09T23:12:55.000+0000
USERGRID-327,greyes,2015-01-09T23:12:12.000+0000
USERGRID-326,greyes,2015-01-09T23:09:34.000+0000
USERGRID-325,greyes,2015-01-09T23:08:34.000+0000
USERGRID-324,tnine,2015-01-09T22:42:15.000+0000
USERGRID-323,rockerston,2015-01-09T21:36:41.000+0000
USERGRID-322,jwest_apigee,2015-01-09T18:16:38.000+0000
USERGRID-321,djohnson,2015-01-08T21:10:48.000+0000
USERGRID-320,rbridges,2015-01-08T13:59:35.000+0000
USERGRID-319,rbridges,2015-01-08T13:56:45.000+0000
USERGRID-318,johndament,2015-01-08T01:10:31.000+0000
USERGRID-317,rockerston,2015-01-07T21:39:45.000+0000
USERGRID-316,djohnson,2015-01-06T21:51:18.000+0000
USERGRID-315,djohnson,2015-01-06T21:43:16.000+0000
USERGRID-314,djohnson,2015-01-06T21:39:05.000+0000
USERGRID-313,safeldm,2015-01-05T22:44:24.000+0000
USERGRID-312,rockerston,2015-01-05T17:28:22.000+0000
USERGRID-311,rockerston,2015-01-05T17:21:45.000+0000
USERGRID-310,rockerston,2015-01-05T17:20:11.000+0000
USERGRID-309,mohit24,2015-01-05T11:52:52.000+0000
USERGRID-308,zznate,2015-01-04T19:41:00.000+0000
USERGRID-307,mohit24,2015-01-02T06:29:04.000+0000
USERGRID-306,mohit24,2015-01-02T06:26:16.000+0000
USERGRID-305,johndament,2014-12-29T14:00:52.000+0000
USERGRID-304,greyes,2014-12-23T00:05:30.000+0000
USERGRID-303,rbridges,2014-12-22T20:58:27.000+0000
USERGRID-302,rockerston,2014-12-16T17:20:25.000+0000
USERGRID-301,djohnson,2014-12-15T21:19:45.000+0000
USERGRID-300,rockerston,2014-12-15T17:23:42.000+0000
USERGRID-299,greyes,2014-12-15T17:16:29.000+0000
USERGRID-298,rockerston,2014-12-15T17:15:56.000+0000
USERGRID-297,djohnson,2014-12-15T17:14:48.000+0000
USERGRID-296,greyes,2014-12-15T17:13:06.000+0000
USERGRID-295,greyes,2014-12-15T17:11:40.000+0000
USERGRID-294,djohnson,2014-12-15T17:11:28.000+0000
USERGRID-293,rockerston,2014-12-15T17:11:09.000+0000
USERGRID-292,rockerston,2014-12-14T16:46:11.000+0000
USERGRID-291,greyes,2014-12-12T23:34:59.000+0000
USERGRID-290,rbridges,2014-12-12T22:42:08.000+0000
USERGRID-289,rockerston,2014-12-12T22:41:32.000+0000
USERGRID-288,greyes,2014-12-12T22:41:25.000+0000
USERGRID-287,rbridges,2014-12-12T22:41:06.000+0000
USERGRID-286,rockerston,2014-12-12T22:40:01.000+0000
USERGRID-285,greyes,2014-12-12T22:39:36.000+0000
USERGRID-284,rockerston,2014-12-12T22:39:08.000+0000
USERGRID-282,tnine,2014-12-12T22:37:17.000+0000
USERGRID-281,safeldm,2014-12-12T22:37:15.000+0000
USERGRID-280,safeldm,2014-12-12T22:36:34.000+0000
USERGRID-279,tnine,2014-12-12T22:36:26.000+0000
USERGRID-278,safeldm,2014-12-12T22:35:21.000+0000
USERGRID-276,greyes,2014-12-12T21:38:02.000+0000
USERGRID-274,safeldm,2014-12-10T18:49:00.000+0000
USERGRID-273,tnine,2014-12-10T17:35:10.000+0000
USERGRID-272,tnine,2014-12-09T23:06:20.000+0000
USERGRID-271,tnine,2014-12-09T22:58:57.000+0000
USERGRID-270,tnine,2014-12-09T21:44:26.000+0000
USERGRID-269,safeldm,2014-12-08T18:06:18.000+0000
USERGRID-268,djohnson,2014-12-08T15:05:36.000+0000
USERGRID-267,djohnson,2014-12-08T14:59:57.000+0000
USERGRID-266,safeldm,2014-12-05T21:31:48.000+0000
USERGRID-265,rbridges,2014-12-05T17:03:01.000+0000
USERGRID-264,rbridges,2014-12-04T18:06:47.000+0000
USERGRID-263,tnine,2014-12-04T17:17:39.000+0000
USERGRID-262,tnine,2014-12-04T00:56:56.000+0000
USERGRID-261,tnine,2014-12-02T23:44:40.000+0000
USERGRID-260,greyes,2014-12-01T17:32:03.000+0000
USERGRID-259,greyes,2014-12-01T17:23:39.000+0000
USERGRID-258,johndament,2014-11-28T02:07:21.000+0000
USERGRID-257,rockerston,2014-11-26T17:26:58.000+0000
USERGRID-256,greyes,2014-11-26T16:36:40.000+0000
USERGRID-255,tnine,2014-11-25T14:52:11.000+0000
USERGRID-254,tnine,2014-11-25T14:39:07.000+0000
USERGRID-253,rsimpson@apigee.com,2014-11-25T14:30:50.000+0000
USERGRID-252,tnine,2014-11-24T23:05:37.000+0000
USERGRID-251,safeldm,2014-11-20T17:28:40.000+0000
USERGRID-250,tnine,2014-11-19T16:07:30.000+0000
USERGRID-249,rockerston,2014-11-14T20:23:11.000+0000
USERGRID-248,johndament,2014-11-12T01:57:34.000+0000
USERGRID-247,johndament,2014-11-12T01:41:01.000+0000
USERGRID-246,johndament,2014-11-12T01:38:50.000+0000
USERGRID-245,sungju,2014-10-22T16:06:36.000+0000
USERGRID-244,zznate,2014-10-21T10:52:39.000+0000
USERGRID-243,zznate,2014-10-21T10:45:54.000+0000
USERGRID-242,johndament,2014-10-19T12:17:47.000+0000
USERGRID-241,djohnson,2014-10-14T13:31:58.000+0000
USERGRID-240,tnine,2014-10-08T02:00:00.000+0000
USERGRID-239,tnine,2014-10-06T23:31:10.000+0000
USERGRID-238,illicium,2014-10-06T22:57:03.000+0000
USERGRID-237,djohnson,2014-10-03T18:43:54.000+0000
USERGRID-236,djohnson,2014-10-03T18:04:07.000+0000
USERGRID-235,scottganyo,2014-10-03T17:50:50.000+0000
USERGRID-234,djohnson,2014-10-02T20:23:12.000+0000
USERGRID-233,djohnson,2014-09-27T14:51:46.000+0000
USERGRID-232,djohnson,2014-09-21T19:11:14.000+0000
USERGRID-231,djohnson,2014-09-17T14:26:30.000+0000
USERGRID-230,apps4u,2014-09-17T02:28:38.000+0000
USERGRID-229,rockerston,2014-09-16T15:05:26.000+0000
USERGRID-228,rockerston,2014-09-16T15:01:28.000+0000
USERGRID-227,rockerston,2014-09-16T15:00:44.000+0000
USERGRID-226,zznate,2014-09-09T20:07:30.000+0000
USERGRID-225,djohnson,2014-08-31T19:56:46.000+0000
USERGRID-224,bugg_tb,2014-08-29T19:13:55.000+0000
USERGRID-223,bugg_tb,2014-08-29T15:37:49.000+0000
USERGRID-222,lewismc,2014-08-29T06:34:29.000+0000
USERGRID-221,djohnson,2014-08-28T17:34:09.000+0000
USERGRID-220,rockerston,2014-08-28T14:57:58.000+0000
USERGRID-219,lewismc,2014-08-20T06:25:46.000+0000
USERGRID-218,lewismc,2014-08-20T05:30:14.000+0000
USERGRID-217,lewismc,2014-08-20T05:22:50.000+0000
USERGRID-216,stliu,2014-08-15T04:39:59.000+0000
USERGRID-215,lewismc,2014-08-14T18:32:11.000+0000
USERGRID-214,djohnson,2014-08-14T02:08:26.000+0000
USERGRID-213,stliu,2014-08-13T19:04:44.000+0000
USERGRID-212,djohnson,2014-08-13T15:46:14.000+0000
USERGRID-211,djohnson,2014-08-13T15:44:24.000+0000
USERGRID-210,djohnson,2014-08-13T15:41:16.000+0000
USERGRID-209,djohnson,2014-08-13T15:38:54.000+0000
USERGRID-208,lewismc,2014-08-13T06:51:12.000+0000
USERGRID-207,lewismc,2014-08-13T06:24:10.000+0000
USERGRID-206,greyes,2014-08-11T22:50:12.000+0000
USERGRID-205,tnine,2014-07-29T20:42:55.000+0000
USERGRID-204,rockerston,2014-07-29T18:36:26.000+0000
USERGRID-203,lewismc,2014-07-24T18:00:21.000+0000
USERGRID-202,djohnson,2014-07-24T12:05:17.000+0000
USERGRID-201,greyes,2014-07-22T22:12:25.000+0000
USERGRID-200,greyes,2014-07-22T22:10:21.000+0000
USERGRID-199,tnine,2014-07-21T17:13:13.000+0000
USERGRID-198,tnine,2014-07-21T17:11:23.000+0000
USERGRID-197,djohnson,2014-07-21T13:44:42.000+0000
USERGRID-196,rockerston,2014-07-18T19:48:33.000+0000
USERGRID-195,skardan,2014-07-18T09:02:27.000+0000
USERGRID-194,pjain@apigee.com,2014-07-17T22:28:28.000+0000
USERGRID-193,pjain@apigee.com,2014-07-17T20:19:01.000+0000
USERGRID-192,djohnson,2014-07-14T13:21:47.000+0000
USERGRID-191,greyes,2014-07-11T16:12:33.000+0000
USERGRID-190,rockerston,2014-07-02T00:40:44.000+0000
USERGRID-189,rockerston,2014-07-02T00:38:46.000+0000
USERGRID-188,tnine,2014-07-02T00:12:21.000+0000
USERGRID-187,amuramoto,2014-07-01T16:29:30.000+0000
USERGRID-186,rockerston,2014-06-30T22:15:08.000+0000
USERGRID-185,amuramoto,2014-06-30T16:25:28.000+0000
USERGRID-184,amuramoto,2014-06-27T16:04:34.000+0000
USERGRID-183,amuramoto,2014-06-27T00:17:47.000+0000
USERGRID-182,greyes,2014-06-25T20:45:57.000+0000
USERGRID-181,amuramoto,2014-06-25T18:30:33.000+0000
USERGRID-180,amuramoto,2014-06-25T18:28:40.000+0000
USERGRID-179,krishanthibs,2014-06-16T11:15:19.000+0000
USERGRID-178,krishanthibs,2014-06-16T10:03:49.000+0000
USERGRID-177,greyes,2014-06-14T05:33:19.000+0000
USERGRID-176,greyes,2014-06-14T05:30:13.000+0000
USERGRID-175,djohnson,2014-06-13T20:15:20.000+0000
USERGRID-174,tnine,2014-06-12T15:56:19.000+0000
USERGRID-173,safeldm,2014-06-12T00:29:13.000+0000
USERGRID-172,aweeraman,2014-06-08T14:21:28.000+0000
USERGRID-171,aweeraman,2014-06-08T14:20:23.000+0000
USERGRID-170,aweeraman,2014-06-08T14:18:50.000+0000
USERGRID-169,aweeraman,2014-06-08T14:17:33.000+0000
USERGRID-168,aweeraman,2014-06-08T14:10:56.000+0000
USERGRID-167,pahan,2014-06-08T10:14:15.000+0000
USERGRID-166,yigits,2014-06-07T15:36:34.000+0000
USERGRID-165,greyes,2014-06-06T22:11:25.000+0000
USERGRID-164,tnine,2014-06-04T04:43:15.000+0000
USERGRID-163,tnine,2014-06-03T17:46:04.000+0000
USERGRID-162,greyes,2014-05-30T20:54:49.000+0000
USERGRID-161,rockerston,2014-05-30T13:53:21.000+0000
USERGRID-160,rockerston,2014-05-30T02:09:19.000+0000
USERGRID-159,safeldm,2014-05-27T20:10:41.000+0000
USERGRID-158,safeldm,2014-05-27T18:06:26.000+0000
USERGRID-157,yigits,2014-05-27T12:24:35.000+0000
USERGRID-156,yigits,2014-05-27T12:09:17.000+0000
USERGRID-155,safeldm,2014-05-23T20:34:55.000+0000
USERGRID-154,tnine,2014-05-23T20:30:14.000+0000
USERGRID-153,tnine,2014-05-21T20:02:48.000+0000
USERGRID-152,yigits,2014-05-19T15:12:19.000+0000
USERGRID-151,aweeraman,2014-05-18T19:03:50.000+0000
USERGRID-150,yigits,2014-05-18T17:32:56.000+0000
USERGRID-149,yigits,2014-05-18T17:30:10.000+0000
USERGRID-148,tnine,2014-05-16T21:29:12.000+0000
USERGRID-147,yigits,2014-05-16T16:29:58.000+0000
USERGRID-146,yigits,2014-05-16T16:14:03.000+0000
USERGRID-145,yigits,2014-05-16T16:02:01.000+0000
USERGRID-144,rockerston,2014-05-15T23:45:15.000+0000
USERGRID-143,aasanaliev,2014-05-13T19:18:02.000+0000
USERGRID-142,malaka,2014-05-08T19:13:38.000+0000
USERGRID-141,aasanaliev,2014-05-07T12:01:43.000+0000
USERGRID-140,greyes,2014-05-06T17:30:15.000+0000
USERGRID-139,safeldm,2014-05-06T16:19:23.000+0000
USERGRID-138,yigits,2014-05-02T12:22:00.000+0000
USERGRID-137,yigits,2014-05-01T22:42:55.000+0000
USERGRID-136,yigits,2014-05-01T20:05:14.000+0000
USERGRID-135,akarasulu,2014-05-01T13:54:16.000+0000
USERGRID-134,rockerston,2014-04-23T20:55:39.000+0000
USERGRID-133,rockerston,2014-04-22T20:48:00.000+0000
USERGRID-132,safeldm,2014-04-21T23:38:14.000+0000
USERGRID-131,djohnson,2014-04-16T21:38:51.000+0000
USERGRID-130,safeldm,2014-04-16T14:24:24.000+0000
USERGRID-129,greyes,2014-04-15T21:05:59.000+0000
USERGRID-128,greyes,2014-04-15T17:06:39.000+0000
USERGRID-127,djohnson,2014-04-14T13:30:47.000+0000
USERGRID-126,im1202,2014-04-13T01:39:14.000+0000
USERGRID-125,lewismc,2014-04-11T21:30:55.000+0000
USERGRID-124,lewismc,2014-04-11T21:25:45.000+0000
USERGRID-123,lewismc,2014-04-11T21:24:03.000+0000
USERGRID-122,lewismc,2014-04-11T21:05:39.000+0000
USERGRID-121,djohnson,2014-04-10T17:38:05.000+0000
USERGRID-120,djohnson,2014-04-10T17:21:23.000+0000
USERGRID-119,djohnson,2014-04-10T16:32:46.000+0000
USERGRID-118,rockerston,2014-04-09T21:40:53.000+0000
USERGRID-117,rockerston,2014-04-09T21:01:27.000+0000
USERGRID-116,rockerston,2014-04-09T21:01:00.000+0000
USERGRID-115,rockerston,2014-04-09T21:00:35.000+0000
USERGRID-114,rockerston,2014-04-09T20:59:58.000+0000
USERGRID-113,rockerston,2014-04-09T20:59:31.000+0000
USERGRID-112,rockerston,2014-04-09T20:58:59.000+0000
USERGRID-111,rockerston,2014-04-09T04:48:54.000+0000
USERGRID-110,rockerston,2014-04-06T21:18:12.000+0000
USERGRID-109,safeldm,2014-04-02T17:15:57.000+0000
USERGRID-108,djohnson,2014-03-31T15:38:37.000+0000
USERGRID-107,tnine,2014-03-31T15:28:08.000+0000
USERGRID-106,safeldm,2014-03-28T23:04:31.000+0000
USERGRID-105,safeldm,2014-03-27T19:00:27.000+0000
USERGRID-104,djohnson,2014-03-26T19:16:12.000+0000
USERGRID-103,stliu,2014-03-23T10:08:23.000+0000
USERGRID-102,stliu,2014-03-23T10:07:55.000+0000
USERGRID-101,sungju,2014-03-18T14:22:16.000+0000
USERGRID-100,sungju,2014-03-15T11:25:25.000+0000
USERGRID-99,rbridges,2014-03-13T15:24:11.000+0000
USERGRID-98,rockerston,2014-03-13T11:29:54.000+0000
USERGRID-97,rockerston,2014-03-13T11:28:00.000+0000
USERGRID-96,rockerston,2014-03-13T11:19:28.000+0000
USERGRID-95,rockerston,2014-03-13T11:12:16.000+0000
USERGRID-94,rockerston,2014-03-13T11:10:06.000+0000
USERGRID-93,scottganyo,2014-03-12T23:05:08.000+0000
USERGRID-92,greyes,2014-03-10T21:50:38.000+0000
USERGRID-91,rbridges,2014-03-10T21:32:38.000+0000
USERGRID-90,greyes,2014-03-10T20:59:02.000+0000
USERGRID-89,rockerston,2014-03-10T19:54:45.000+0000
USERGRID-88,djohnson,2014-03-10T17:55:18.000+0000
USERGRID-87,djohnson,2014-03-10T17:42:35.000+0000
USERGRID-86,safeldm,2014-03-06T21:21:44.000+0000
USERGRID-85,tnine,2014-03-06T19:05:58.000+0000
USERGRID-84,djohnson,2014-03-06T15:06:49.000+0000
USERGRID-83,zznate,2014-02-17T14:56:58.000+0000
USERGRID-82,scottganyo,2014-02-14T21:28:03.000+0000
USERGRID-81,malaka,2014-02-14T20:39:48.000+0000
USERGRID-80,rockerston,2014-02-08T21:19:01.000+0000
USERGRID-79,rockerston,2014-02-08T20:47:15.000+0000
USERGRID-78,rockerston,2014-02-08T20:41:18.000+0000
USERGRID-77,stliu,2014-02-06T05:19:14.000+0000
USERGRID-76,rockerston,2014-02-04T20:31:55.000+0000
USERGRID-75,rockerston,2014-02-04T20:30:45.000+0000
USERGRID-74,rockerston,2014-02-04T20:30:08.000+0000
USERGRID-73,rockerston,2014-02-04T20:29:37.000+0000
USERGRID-72,rockerston,2014-02-04T20:29:11.000+0000
USERGRID-71,rockerston,2014-02-04T20:28:45.000+0000
USERGRID-70,rockerston,2014-02-04T20:25:11.000+0000
USERGRID-69,rockerston,2014-02-04T20:24:28.000+0000
USERGRID-68,rockerston,2014-02-04T20:23:48.000+0000
USERGRID-67,rockerston,2014-02-04T20:23:20.000+0000
USERGRID-66,rockerston,2014-02-04T20:22:26.000+0000
USERGRID-65,rockerston,2014-02-04T20:21:53.000+0000
USERGRID-64,rockerston,2014-02-04T20:21:23.000+0000
USERGRID-63,rockerston,2014-02-04T20:20:43.000+0000
USERGRID-62,rockerston,2014-02-04T20:18:27.000+0000
USERGRID-61,rockerston,2014-02-04T20:17:57.000+0000
USERGRID-60,tnine,2014-02-04T15:54:24.000+0000
USERGRID-59,sungju,2014-02-04T14:55:04.000+0000
USERGRID-58,djohnson,2014-02-03T16:03:51.000+0000
USERGRID-57,djohnson,2014-02-03T15:58:09.000+0000
USERGRID-56,djohnson,2014-02-03T15:54:02.000+0000
USERGRID-55,tnine,2014-01-31T18:53:34.000+0000
USERGRID-54,tnine,2014-01-31T18:01:43.000+0000
USERGRID-53,djohnson,2014-01-30T16:25:40.000+0000
USERGRID-52,djohnson,2014-01-30T15:20:10.000+0000
USERGRID-51,rockerston,2014-01-29T21:50:44.000+0000
USERGRID-50,rockerston,2014-01-29T21:49:38.000+0000
USERGRID-49,rockerston,2014-01-29T21:48:35.000+0000
USERGRID-48,akarasulu,2014-01-29T14:01:40.000+0000
USERGRID-47,akarasulu,2014-01-29T14:00:48.000+0000
USERGRID-46,akarasulu,2014-01-29T13:59:12.000+0000
USERGRID-45,akarasulu,2014-01-29T13:58:32.000+0000
USERGRID-44,djohnson,2014-01-29T13:55:39.000+0000
USERGRID-43,akarasulu,2014-01-29T13:55:38.000+0000
USERGRID-42,lewismc,2014-01-29T10:38:49.000+0000
USERGRID-41,rockerston,2014-01-28T19:42:16.000+0000
USERGRID-40,rockerston,2014-01-28T19:41:34.000+0000
USERGRID-39,rockerston,2014-01-28T19:40:54.000+0000
USERGRID-38,rockerston,2014-01-28T19:40:28.000+0000
USERGRID-37,rockerston,2014-01-28T19:11:16.000+0000
USERGRID-36,rockerston,2014-01-28T19:09:57.000+0000
USERGRID-35,rockerston,2014-01-28T19:08:46.000+0000
USERGRID-34,rockerston,2014-01-28T19:07:33.000+0000
USERGRID-33,rockerston,2014-01-28T19:06:58.000+0000
USERGRID-32,rockerston,2014-01-28T19:06:20.000+0000
USERGRID-31,rockerston,2014-01-28T01:12:33.000+0000
USERGRID-30,rockerston,2014-01-28T01:11:46.000+0000
USERGRID-29,rockerston,2014-01-28T00:57:13.000+0000
USERGRID-28,rockerston,2014-01-28T00:56:32.000+0000
USERGRID-27,rockerston,2014-01-28T00:56:04.000+0000
USERGRID-26,rockerston,2014-01-28T00:54:53.000+0000
USERGRID-25,rockerston,2014-01-28T00:49:03.000+0000
USERGRID-24,rockerston,2014-01-28T00:48:03.000+0000
USERGRID-23,rockerston,2014-01-28T00:47:24.000+0000
USERGRID-22,rockerston,2014-01-28T00:45:45.000+0000
USERGRID-21,rockerston,2014-01-28T00:45:03.000+0000
USERGRID-20,rockerston,2014-01-28T00:44:25.000+0000
USERGRID-19,rockerston,2014-01-28T00:43:53.000+0000
USERGRID-18,rockerston,2014-01-28T00:41:57.000+0000
USERGRID-17,rockerston,2014-01-28T00:32:07.000+0000
USERGRID-16,rockerston,2014-01-28T00:29:35.000+0000
USERGRID-15,rockerston,2014-01-25T17:51:19.000+0000
USERGRID-14,sungju,2014-01-18T23:37:09.000+0000
USERGRID-13,djohnson,2014-01-16T20:59:09.000+0000
USERGRID-12,sungju,2014-01-16T12:48:10.000+0000
USERGRID-11,rockerston,2014-01-13T20:27:35.000+0000
USERGRID-10,rockerston,2013-12-30T20:25:37.000+0000
USERGRID-9,rockerston,2013-12-27T23:23:34.000+0000
USERGRID-8,rockerston,2013-12-27T18:51:05.000+0000
USERGRID-7,rockerston,2013-12-26T22:46:30.000+0000
USERGRID-6,lewismc,2013-12-19T21:05:48.000+0000
USERGRID-5,lewismc,2013-12-19T19:08:17.000+0000
USERGRID-4,zznate,2013-11-18T14:45:01.000+0000
USERGRID-3,zznate,2013-11-18T14:44:17.000+0000
USERGRID-2,zznate,2013-11-18T14:43:12.000+0000
USERGRID-1,zznate,2013-11-18T14:41:59.000+0000