"issue_key","issuetype","created","reporter","reporter_bugnum","reporter_recent_bugnum","reporter_stable_sp_rate","assignee_bugnum","assignee_recent_bugnum","assignee_stable_sp_rate"
"TISTUD-9159","Bug","2018-05-02T09:09:36.000+0000","ssekhri",34,8,0.8918918918918919,2,1,0.75
"TISTUD-9156","Improvement","2018-11-26T15:41:33.000+0000","kkolipaka",98,5,0.9393939393939394,174,11,0.9542857142857143
"TISTUD-9148","Improvement","2018-10-31T15:47:12.000+0000","kkolipaka",97,5,0.9393939393939394,173,11,0.9542857142857143
"TISTUD-9145","Bug","2018-10-19T11:01:30.000+0000","ssekhri",36,1,0.8918918918918919,172,11,0.9542857142857143
"TISTUD-9142","Bug","2018-08-20T12:55:58.000+0000","topener",2,0,1.0,1,0,1.0
"TISTUD-9140","Bug","2018-10-12T10:29:04.000+0000","smohammed",1,1,1.0,171,10,0.9542857142857143
"TISTUD-9138","Improvement","2018-10-10T13:28:18.000+0000","smohammed",0,0,1.0,170,10,0.9542857142857143
"TISTUD-9137","Bug","2018-10-10T11:57:49.000+0000","ssekhri",35,0,0.8918918918918919,169,9,0.9542857142857143
"TISTUD-9126","Bug","2018-09-17T21:57:48.000+0000","lchoudhary",23,0,1.0,168,11,0.9542857142857143
"TISTUD-9125","Bug","2018-09-12T06:45:52.000+0000","kkolipaka",96,8,0.9393939393939394,167,10,0.9542857142857143
"TISTUD-9121","Bug","2018-09-07T09:53:41.000+0000","eharris",18,0,1.0,166,10,0.9542857142857143
"TISTUD-9118","Bug","2018-09-04T07:16:05.000+0000","kkolipaka",95,8,0.9393939393939394,165,9,0.9542857142857143
"TISTUD-9117","Bug","2018-08-30T10:48:48.000+0000","kkolipaka",94,7,0.9393939393939394,164,8,0.9542857142857143
"TISTUD-9116","Bug","2018-08-30T05:41:44.000+0000","kkolipaka",93,6,0.9393939393939394,163,7,0.9542857142857143
"TISTUD-9113","Bug","2018-08-23T09:27:40.000+0000","hansknoechel",3,0,1.0,162,6,0.9542857142857143
"TISTUD-9111","Bug","2018-08-17T06:24:24.000+0000","kkolipaka",92,5,0.9393939393939394,3,0,0.75
"TISTUD-9108","Bug","2018-08-01T04:47:37.000+0000","kkolipaka",91,4,0.9393939393939394,161,6,0.9542857142857143
"TISTUD-9101","Bug","2018-07-12T23:42:43.000+0000","kkolipaka",90,4,0.9393939393939394,160,5,0.9542857142857143
"TISTUD-9097","Bug","2018-07-04T04:30:11.000+0000","kkolipaka",89,3,0.9393939393939394,159,5,0.9542857142857143
"TISTUD-9093","Bug","2018-06-27T17:47:01.000+0000","jlongton",3,0,1.0,158,5,0.9542857142857143
"TISTUD-9092","Bug","2018-06-27T03:26:42.000+0000","kkolipaka",88,2,0.9393939393939394,157,4,0.9542857142857143
"TISTUD-9086","Improvement","2018-06-11T10:57:12.000+0000","kkolipaka",87,3,0.9393939393939394,156,7,0.9542857142857143
"TISTUD-9085","Improvement","2018-06-08T16:44:51.000+0000","eharris",17,0,1.0,0,0,1.0
"TISTUD-9075","Bug","2018-05-04T17:49:43.000+0000","lchoudhary",22,2,1.0,155,8,0.9542857142857143
"TISTUD-9063","Improvement","2018-04-17T04:24:42.000+0000","kkolipaka",86,5,0.9393939393939394,11,2,0.8333333333333334
"TISTUD-9060","Bug","2018-04-13T17:07:50.000+0000","lchoudhary",21,1,1.0,154,7,0.9542857142857143
"TISTUD-9055","Bug","2018-04-03T04:10:00.000+0000","ssekhri",33,10,0.8918918918918919,153,11,0.9542857142857143
"TISTUD-9053","Bug","2018-04-02T08:30:37.000+0000","ssekhri",32,9,0.8918918918918919,13,5,1.0
"TISTUD-9048","Bug","2018-03-28T03:40:32.000+0000","ssekhri",31,8,0.8918918918918919,152,10,0.9542857142857143
"TISTUD-9047","Bug","2018-03-27T22:05:00.000+0000","lchoudhary",20,0,1.0,12,4,1.0
"TISTUD-9045","Bug","2018-03-27T07:18:20.000+0000","ssekhri",30,7,0.8918918918918919,151,9,0.9542857142857143
"TISTUD-9043","Bug","2018-03-22T03:58:35.000+0000","ssekhri",29,6,0.8918918918918919,150,8,0.9542857142857143
"TISTUD-9042","Bug","2018-03-22T03:25:40.000+0000","kkolipaka",85,4,0.9393939393939394,149,7,0.9542857142857143
"TISTUD-9040","Bug","2018-03-20T07:45:40.000+0000","kkolipaka",84,3,0.9393939393939394,0,0,1.0
"TISTUD-9035","Bug","2018-03-14T04:27:25.000+0000","ssekhri",28,5,0.8918918918918919,11,5,1.0
"TISTUD-9031","Bug","2018-03-09T15:57:20.000+0000","topener",1,0,1.0,1,0,0.75
"TISTUD-9029","Bug","2018-03-09T08:41:24.000+0000","ssekhri",27,4,0.8918918918918919,10,4,1.0
"TISTUD-9027","Bug","2018-03-09T03:48:13.000+0000","ssekhri",26,3,0.8918918918918919,9,3,1.0
"TISTUD-9017","Improvement","2018-02-20T09:52:01.000+0000","kkolipaka",83,14,0.9393939393939394,148,21,0.9542857142857143
"TISTUD-9004","Bug","2018-02-06T09:44:15.000+0000","ray@raymondverbruggen.nl",0,0,1.0,147,25,0.9542857142857143
"TISTUD-8998","Bug","2018-01-30T02:24:08.000+0000","kkolipaka",82,17,0.9393939393939394,10,4,0.8333333333333334
"TISTUD-8997","Bug","2018-01-30T02:22:54.000+0000","kkolipaka",81,16,0.9393939393939394,9,3,0.8333333333333334
"TISTUD-8984","Bug","2018-01-16T09:24:59.000+0000","ppeduri",3,1,1.0,8,2,1.0
"TISTUD-8983","Bug","2018-01-09T15:52:51.000+0000","hansknoechel",2,0,1.0,146,29,0.9542857142857143
"TISTUD-8979","Bug","2018-01-09T03:54:38.000+0000","ssekhri",25,5,0.8918918918918919,145,28,0.9542857142857143
"TISTUD-8978","Bug","2018-01-08T07:00:31.000+0000","ssekhri",24,4,0.8918918918918919,144,30,0.9542857142857143
"TISTUD-8977","Bug","2018-01-05T15:46:37.000+0000","efrancis",1,1,1.0,143,30,0.9542857142857143
"TISTUD-8971","Bug","2018-01-03T15:28:50.000+0000","ssekhri",23,3,0.8918918918918919,142,30,0.9542857142857143
"TISTUD-8967","Bug","2017-12-20T07:31:25.000+0000","kkolipaka",80,21,0.9393939393939394,141,31,0.9542857142857143
"TISTUD-8966","Bug","2017-12-18T22:50:42.000+0000","amukherjee",0,0,1.0,7,1,1.0
"TISTUD-8963","Bug","2017-12-18T07:07:40.000+0000","ppeduri",2,0,1.0,6,0,1.0
"TISTUD-8960","Bug","2017-12-15T08:31:23.000+0000","kkolipaka",79,23,0.9393939393939394,8,2,0.8333333333333334
"TISTUD-8948","Bug","2017-12-04T06:51:14.000+0000","ssekhri",22,2,0.8918918918918919,140,32,0.9542857142857143
"TISTUD-8945","Bug","2017-12-04T04:26:51.000+0000","kkolipaka",78,22,0.9393939393939394,139,31,0.9542857142857143
"TISTUD-8944","Bug","2017-12-04T04:15:04.000+0000","kkolipaka",77,21,0.9393939393939394,0,0,1.0
"TISTUD-8939","Bug","2017-11-30T06:35:29.000+0000","kkolipaka",76,20,0.9393939393939394,138,30,0.9542857142857143
"TISTUD-8938","Bug","2017-11-30T06:17:17.000+0000","kkolipaka",75,19,0.9393939393939394,137,29,0.9542857142857143
"TISTUD-8936","Bug","2017-11-29T23:11:16.000+0000","ewieber",7,2,1.0,7,1,0.8333333333333334
"TISTUD-8934","Bug","2017-11-28T22:41:03.000+0000","lchoudhary",19,1,1.0,136,28,0.9542857142857143
"TISTUD-8933","Bug","2017-11-28T05:42:28.000+0000","kkolipaka",74,18,0.9393939393939394,135,27,0.9542857142857143
"TISTUD-8932","Bug","2017-11-27T15:03:33.000+0000","eharris",16,0,1.0,134,26,0.9542857142857143
"TISTUD-8930","Bug","2017-11-26T08:35:48.000+0000","kkolipaka",73,17,0.9393939393939394,133,25,0.9542857142857143
"TISTUD-8929","Bug","2017-11-26T02:53:26.000+0000","kkolipaka",72,16,0.9393939393939394,132,24,0.9542857142857143
"TISTUD-8928","Bug","2017-11-26T01:18:14.000+0000","kkolipaka",71,15,0.9393939393939394,131,23,0.9542857142857143
"TISTUD-8927","Improvement","2017-11-26T01:05:16.000+0000","kkolipaka",70,14,0.9393939393939394,130,22,0.9542857142857143
"TISTUD-8926","Improvement","2017-11-24T03:53:14.000+0000","kkolipaka",69,13,0.9393939393939394,129,21,0.9542857142857143
"TISTUD-8925","Bug","2017-11-23T13:33:11.000+0000","ssekhri",21,1,0.8918918918918919,128,20,0.9542857142857143
"TISTUD-8922","Bug","2017-11-22T18:19:27.000+0000","lchoudhary",18,0,1.0,127,19,0.9542857142857143
"TISTUD-8919","Bug","2017-11-22T05:50:09.000+0000","kkolipaka",68,12,0.9393939393939394,126,18,0.9542857142857143
"TISTUD-8918","Bug","2017-11-18T04:51:55.000+0000","ewieber",6,1,1.0,6,0,0.8333333333333334
"TISTUD-8916","Bug","2017-11-16T10:29:54.000+0000","efrancis",0,0,1.0,122,16,0.9542857142857143
"TISTUD-8913","Bug","2017-11-17T18:52:08.000+0000","kkolipaka",67,11,0.9393939393939394,125,19,0.9542857142857143
"TISTUD-8912","Bug","2017-11-16T18:32:20.000+0000","kkolipaka",66,10,0.9393939393939394,124,18,0.9542857142857143
"TISTUD-8911","Improvement","2017-11-16T17:35:53.000+0000","kkolipaka",65,9,0.9393939393939394,123,17,0.9542857142857143
"TISTUD-8905","Bug","2017-11-06T02:31:12.000+0000","morahman",1,1,1.0,121,18,0.9542857142857143
"TISTUD-8902","Bug","2017-10-31T01:20:19.000+0000","rramirez",1,0,1.0,120,20,0.9542857142857143
"TISTUD-8898","Bug","2017-10-21T04:05:21.000+0000","morahman",0,0,1.0,119,19,0.9542857142857143
"TISTUD-8890","Improvement","2017-10-13T03:58:17.000+0000","kkolipaka",64,11,0.9393939393939394,118,18,0.9542857142857143
"TISTUD-8889","Bug","2017-10-12T07:30:56.000+0000","ssekhri",20,3,0.8918918918918919,117,17,0.9542857142857143
"TISTUD-8885","Bug","2017-10-10T21:04:48.000+0000","ewieber",5,0,1.0,116,16,0.9542857142857143
"TISTUD-8883","Bug","2017-10-10T12:23:52.000+0000","kkolipaka",63,10,0.9393939393939394,115,15,0.9542857142857143
"TISTUD-8882","Bug","2017-10-10T09:04:52.000+0000","kkolipaka",62,9,0.9393939393939394,114,14,0.9542857142857143
"TISTUD-8881","Bug","2017-10-06T21:03:09.000+0000","vvazquezmontero",0,0,1.0,112,12,0.9542857142857143
"TISTUD-8880","Improvement","2017-10-09T10:03:15.000+0000","kkolipaka",61,8,0.9393939393939394,113,13,0.9542857142857143
"TISTUD-8878","Improvement","2017-10-02T04:05:54.000+0000","kkolipaka",60,7,0.9393939393939394,111,11,0.9542857142857143
"TISTUD-8875","Bug","2017-09-26T20:32:49.000+0000","topener",0,0,1.0,110,10,0.9542857142857143
"TISTUD-8873","Improvement","2017-09-27T02:58:28.000+0000","kkolipaka",59,6,0.9393939393939394,64,0,0.9692307692307692
"TISTUD-8866","Improvement","2017-09-19T04:36:54.000+0000","kkolipaka",58,5,0.9393939393939394,5,1,1.0
"TISTUD-8865","Improvement","2017-09-19T04:23:33.000+0000","kkolipaka",57,4,0.9393939393939394,4,0,1.0
"TISTUD-8864","Improvement","2017-09-19T04:06:18.000+0000","kkolipaka",56,3,0.9393939393939394,109,9,0.9542857142857143
"TISTUD-8859","Bug","2017-09-11T10:57:08.000+0000","hansknoechel",1,0,1.0,108,10,0.9542857142857143
"TISTUD-8852","Improvement","2017-08-23T12:27:24.000+0000","jperez",0,0,1.0,107,12,0.9542857142857143
"TISTUD-8848","Improvement","2017-08-21T09:04:40.000+0000","ssekhri",19,4,0.8918918918918919,106,11,0.9542857142857143
"TISTUD-8847","Bug","2017-08-17T08:06:51.000+0000","ssekhri",18,3,0.8918918918918919,105,10,0.9542857142857143
"TISTUD-8846","Bug","2017-08-17T06:33:14.000+0000","ssekhri",17,2,0.8918918918918919,104,9,0.9542857142857143
"TISTUD-8840","Improvement","2017-08-09T17:58:38.000+0000","fmiao",0,0,0.0,103,10,0.9542857142857143
"TISTUD-8838","Bug","2017-08-03T06:05:19.000+0000","kkolipaka",55,6,0.9393939393939394,102,10,0.9542857142857143
"TISTUD-8836","Improvement","2017-08-02T04:19:24.000+0000","kkolipaka",54,5,0.9393939393939394,101,9,0.9542857142857143
"TISTUD-8835","Improvement","2017-08-02T04:12:05.000+0000","kkolipaka",53,4,0.9393939393939394,100,8,0.9542857142857143
"TISTUD-8819","Bug","2017-07-13T07:59:11.000+0000","ssekhri",16,1,0.8918918918918919,5,1,0.8333333333333334
"TISTUD-8795","Bug","2017-06-14T07:35:48.000+0000","kkolipaka",52,5,0.9393939393939394,99,9,0.9542857142857143
"TISTUD-8794","Bug","2017-06-14T06:08:38.000+0000","kkolipaka",51,4,0.9393939393939394,98,8,0.9542857142857143
"TISTUD-8791","Bug","2017-06-08T18:19:11.000+0000","eharris",15,1,1.0,97,7,0.9542857142857143
"TISTUD-8788","Bug","2017-06-06T12:04:31.000+0000","kkolipaka",50,3,0.9393939393939394,96,6,0.9542857142857143
"TISTUD-8787","Bug","2017-06-06T08:11:27.000+0000","ppeduri",1,0,1.0,3,0,1.0
"TISTUD-8779","Bug","2017-05-31T15:55:35.000+0000","kkolipaka",49,2,0.9393939393939394,95,5,0.9542857142857143
"TISTUD-8777","Bug","2017-05-30T09:30:44.000+0000","ssekhri",15,0,0.8918918918918919,4,0,0.8333333333333334
"TISTUD-8769","Bug","2017-05-17T12:52:56.000+0000","eharris",14,0,1.0,94,5,0.9542857142857143
"TISTUD-8764","New Feature","2017-05-15T17:51:25.000+0000","cwilliams",77,1,0.9615384615384616,93,4,0.9542857142857143
"TISTUD-8760","Bug","2017-05-10T23:06:50.000+0000","lchoudhary",17,0,1.0,92,5,0.9542857142857143
"TISTUD-8750","Story","2017-05-02T13:10:55.000+0000","cwilliams",76,0,0.9615384615384616,63,0,0.9692307692307692
"TISTUD-8747","Improvement","2017-04-28T10:54:24.000+0000","kkolipaka",48,4,0.9393939393939394,0,0,1.0
"TISTUD-8741","Bug","2017-04-13T03:03:15.000+0000","kkolipaka",47,3,0.9393939393939394,91,5,0.9542857142857143
"TISTUD-8729","Improvement","2017-03-16T23:05:28.000+0000","cbarber",1,0,1.0,90,6,0.9542857142857143
"TISTUD-8718","Improvement","2017-02-22T17:43:48.000+0000","kkolipaka",46,4,0.9393939393939394,89,5,0.9542857142857143
"TISTUD-8714","Improvement","2017-02-14T17:20:21.000+0000","kkolipaka",45,5,0.9393939393939394,88,6,0.9542857142857143
"TISTUD-8713","Improvement","2017-02-14T16:14:32.000+0000","kkolipaka",44,4,0.9393939393939394,87,5,0.9542857142857143
"TISTUD-8698","Bug","2017-02-02T04:58:26.000+0000","ssekhri",14,0,0.8918918918918919,2,1,1.0
"TISTUD-8693","Bug","2017-01-19T21:02:52.000+0000","rramirez",0,0,1.0,86,5,0.9542857142857143
"TISTUD-8685","Improvement","2017-01-10T04:51:01.000+0000","kkolipaka",43,3,0.9393939393939394,85,4,0.9542857142857143
"TISTUD-8682","Bug","2017-01-04T06:05:07.000+0000","kkolipaka",42,2,0.9393939393939394,84,3,0.9542857142857143
"TISTUD-8665","Bug","2016-12-13T08:21:34.000+0000","ppeduri",0,0,1.0,1,0,1.0
"TISTUD-8659","Improvement","2016-11-22T06:50:05.000+0000","kkolipaka",41,5,0.9393939393939394,83,8,0.9542857142857143
"TISTUD-8658","Bug","2016-11-21T04:37:47.000+0000","kkolipaka",40,4,0.9393939393939394,82,7,0.9542857142857143
"TISTUD-8652","Bug","2016-11-09T00:33:21.000+0000","isener",0,0,1.0,3,0,0.8333333333333334
"TISTUD-8643","Bug","2016-10-27T09:31:50.000+0000","ssekhri",12,1,0.8918918918918919,61,0,0.9692307692307692
"TISTUD-8642","Bug","2016-11-01T07:46:14.000+0000","ssekhri",13,2,0.8918918918918919,62,1,0.9692307692307692
"TISTUD-8641","Bug","2016-10-31T23:39:49.000+0000","eharris",13,1,1.0,81,8,0.9542857142857143
"TISTUD-8610","Bug","2016-10-05T09:34:12.000+0000","ssekhri",11,0,0.8918918918918919,0,0,0.75
"TISTUD-8588","Bug","2016-09-08T11:24:17.000+0000","eharris",12,0,1.0,80,16,0.9542857142857143
"TISTUD-8584","Bug","2016-09-06T08:59:41.000+0000","kkolipaka",39,14,0.9393939393939394,79,15,0.9542857142857143
"TISTUD-8580","Bug","2016-09-02T19:59:37.000+0000","ewieber",4,0,1.0,78,15,0.9542857142857143
"TISTUD-8577","Bug","2016-09-01T06:20:15.000+0000","kkolipaka",38,14,0.9393939393939394,77,14,0.9542857142857143
"TISTUD-8576","Bug","2016-08-31T08:52:37.000+0000","kkolipaka",37,13,0.9393939393939394,76,13,0.9542857142857143
"TISTUD-8573","Bug","2016-08-30T05:17:28.000+0000","kkolipaka",36,12,0.9393939393939394,75,12,0.9542857142857143
"TISTUD-8569","Bug","2016-08-22T03:32:13.000+0000","kkolipaka",35,11,0.9393939393939394,74,12,0.9542857142857143
"TISTUD-8564","Bug","2016-08-19T04:44:02.000+0000","kkolipaka",34,10,0.9393939393939394,73,12,0.9542857142857143
"TISTUD-8544","Improvement","2016-07-29T07:18:14.000+0000","kkolipaka",33,9,0.9393939393939394,2,0,0.8333333333333334
"TISTUD-8541","Bug","2016-07-26T08:00:56.000+0000","kkolipaka",32,9,0.9393939393939394,72,16,0.9542857142857143
"TISTUD-8540","Bug","2016-07-26T07:44:10.000+0000","kkolipaka",31,8,0.9393939393939394,71,15,0.9542857142857143
"TISTUD-8536","Improvement","2016-07-18T14:32:39.000+0000","msamah",0,0,1.0,60,0,0.9692307692307692
"TISTUD-8531","Story","2016-07-08T10:22:12.000+0000","kkolipaka",30,8,0.9393939393939394,70,18,0.9542857142857143
"TISTUD-8530","Improvement","2016-07-05T08:36:10.000+0000","kkolipaka",29,9,0.9393939393939394,69,20,0.9542857142857143
"TISTUD-8529","Bug","2016-07-01T04:57:29.000+0000","hansknoechel",0,0,1.0,68,19,0.9542857142857143
"TISTUD-8527","Bug","2016-06-24T03:39:24.000+0000","kkolipaka",28,8,0.9393939393939394,67,18,0.9542857142857143
"TISTUD-8526","Bug","2016-06-22T07:16:19.000+0000","kkolipaka",27,7,0.9393939393939394,66,17,0.9542857142857143
"TISTUD-8524","Improvement","2016-06-20T07:23:03.000+0000","kkolipaka",26,6,0.9393939393939394,65,16,0.9542857142857143
"TISTUD-8523","Bug","2016-06-16T07:22:43.000+0000","kkolipaka",25,6,0.9393939393939394,64,16,0.9542857142857143
"TISTUD-8516","Bug","2016-06-07T08:27:00.000+0000","kkolipaka",24,5,0.9393939393939394,63,15,0.9542857142857143
"TISTUD-8509","Improvement","2016-05-30T02:00:08.000+0000","cng",0,0,1.0,62,17,0.9542857142857143
"TISTUD-8506","Bug","2016-05-23T23:08:30.000+0000","wluu",15,0,1.0,61,16,0.9542857142857143
"TISTUD-8495","Bug","2016-05-17T22:28:12.000+0000","emerriman",13,0,1.0,60,15,0.9542857142857143
"TISTUD-8490","Bug","2016-05-12T23:52:12.000+0000","lchoudhary",16,1,1.0,59,14,0.9542857142857143
"TISTUD-8476","Bug","2016-04-29T17:30:07.000+0000","htbryant",2,1,1.0,58,16,0.9542857142857143
"TISTUD-8475","Bug","2016-04-28T23:34:05.000+0000","jlongton",2,2,1.0,57,15,0.9542857142857143
"TISTUD-8474","Bug","2016-04-28T14:51:38.000+0000","kkolipaka",23,4,0.9393939393939394,56,14,0.9542857142857143
"TISTUD-8465","Bug","2016-04-13T23:15:24.000+0000","jlongton",1,1,1.0,55,15,0.9542857142857143
"TISTUD-8464","Bug","2016-04-12T18:28:38.000+0000","htbryant",1,1,1.0,54,15,0.9542857142857143
"TISTUD-8461","Story","2016-04-12T02:37:08.000+0000","kkolipaka",22,4,0.9393939393939394,53,14,0.9542857142857143
"TISTUD-8458","Bug","2016-04-11T14:16:13.000+0000","rblalock",2,2,1.0,52,13,0.9542857142857143
"TISTUD-8457","New Feature","2016-04-07T13:20:23.000+0000","kkolipaka",21,3,0.9393939393939394,51,12,0.9542857142857143
"TISTUD-8454","Story","2016-04-07T07:58:44.000+0000","kkolipaka",20,2,0.9393939393939394,50,11,0.9542857142857143
"TISTUD-8453","Bug","2016-04-06T22:20:55.000+0000","lchoudhary",15,0,1.0,49,11,0.9542857142857143
"TISTUD-8026","Bug","2016-03-23T07:32:03.000+0000","fokke",5,1,1.0,0,0,1.0
"TISTUD-8023","Bug","2016-03-18T09:17:08.000+0000","kkolipaka",19,1,0.9393939393939394,48,11,0.9542857142857143
"TISTUD-8019","Bug","2016-03-08T21:34:53.000+0000","lbrenman",2,0,1.0,47,13,0.9542857142857143
"TISTUD-8010","New Feature","2016-03-03T05:42:53.000+0000","rblalock",1,1,1.0,46,13,0.9542857142857143
"TISTUD-8009","New Feature","2016-03-03T05:41:24.000+0000","rblalock",0,0,1.0,45,12,0.9542857142857143
"TISTUD-7991","Bug","2016-02-12T00:47:54.000+0000","jlongton",0,0,1.0,44,13,0.9542857142857143
"TISTUD-7982","Bug","2016-02-05T18:01:07.000+0000","eharris",11,1,1.0,43,13,0.9542857142857143
"TISTUD-7979","Improvement","2016-02-02T17:08:34.000+0000","eharris",10,0,1.0,42,12,0.9542857142857143
"TISTUD-7971","Bug","2016-01-21T23:38:03.000+0000","ncook",0,0,1.0,41,12,0.9542857142857143
"TISTUD-7965","Bug","2016-01-19T09:43:53.000+0000","fokke",4,0,1.0,0,0,1.0
"TISTUD-7960","Improvement","2016-01-19T03:36:49.000+0000","kkolipaka",18,6,0.9393939393939394,40,11,0.9542857142857143
"TISTUD-7956","Bug","2016-01-14T21:37:34.000+0000","htbryant",0,0,1.0,39,11,0.9542857142857143
"TISTUD-7946","Improvement","2016-01-07T22:51:56.000+0000","stoda",0,0,0.0,38,11,0.9542857142857143
"TISTUD-7942","Bug","2016-01-06T00:38:09.000+0000","ewieber",3,1,1.0,37,10,0.9542857142857143
"TISTUD-7916","Bug","2015-12-16T08:14:14.000+0000","creative kaizen",0,0,1.0,36,13,0.9542857142857143
"TISTUD-7911","Bug","2015-12-15T10:09:42.000+0000","kkolipaka",17,10,0.9393939393939394,35,12,0.9542857142857143
"TISTUD-7910","Story","2015-12-15T09:53:37.000+0000","kkolipaka",16,9,0.9393939393939394,34,11,0.9542857142857143
"TISTUD-7905","Bug","2015-12-07T17:50:02.000+0000","ingo",9,1,1.0,33,13,0.9542857142857143
"TISTUD-7899","Bug","2015-12-02T08:08:11.000+0000","kkolipaka",15,10,0.9393939393939394,32,12,0.9542857142857143
"TISTUD-7880","Bug","2015-11-24T18:35:20.000+0000","egomez",1,0,1.0,59,0,0.9692307692307692
"TISTUD-7879","Bug","2015-11-24T01:09:53.000+0000","kkolipaka",14,9,0.9393939393939394,31,12,0.9542857142857143
"TISTUD-7867","Bug","2015-11-18T21:11:03.000+0000","lchoudhary",14,2,1.0,77,9,0.9871794871794872
"TISTUD-7852","Improvement","2015-11-12T23:23:40.000+0000","emerriman",12,1,1.0,30,14,0.9542857142857143
"TISTUD-7822","Bug","2015-11-02T09:33:24.000+0000","kkolipaka",13,9,0.9393939393939394,29,13,0.9542857142857143
"TISTUD-7805","Improvement","2015-10-23T22:24:30.000+0000","kkolipaka",12,8,0.9393939393939394,31,3,1.0
"TISTUD-7804","Bug","2015-10-23T21:55:04.000+0000","ewieber",2,0,1.0,76,9,0.9871794871794872
"TISTUD-7799","Bug","2015-10-20T08:33:02.000+0000","kkolipaka",11,7,0.9393939393939394,28,13,0.9542857142857143
"TISTUD-7796","Bug","2015-10-20T21:38:26.000+0000","wluu",14,5,1.0,75,8,0.9871794871794872
"TISTUD-7791","Bug","2015-10-19T22:28:55.000+0000","emerriman",11,0,1.0,74,7,0.9871794871794872
"TISTUD-7784","Bug","2015-10-16T23:32:54.000+0000","lchoudhary",13,1,1.0,30,2,1.0
"TISTUD-7783","Bug","2015-10-15T23:01:53.000+0000","wluu",13,4,1.0,29,1,1.0
"TISTUD-7781","Bug","2015-10-14T09:48:06.000+0000","kkolipaka",10,6,0.9393939393939394,27,12,0.9542857142857143
"TISTUD-7779","Bug","2015-10-13T22:00:18.000+0000","wluu",12,3,1.0,73,6,0.9871794871794872
"TISTUD-7758","Bug","2015-10-07T07:56:02.000+0000","ingo",8,0,1.0,72,5,0.9871794871794872
"TISTUD-7756","Improvement","2015-10-07T05:44:39.000+0000","kkolipaka",9,5,0.9393939393939394,26,12,0.9542857142857143
"TISTUD-7754","Improvement","2015-10-07T03:01:04.000+0000","kkolipaka",8,4,0.9393939393939394,25,11,0.9542857142857143
"TISTUD-7732","Bug","2015-09-28T02:48:56.000+0000","kkolipaka",7,3,0.9393939393939394,24,10,0.9542857142857143
"TISTUD-7726","Bug","2015-09-24T18:31:19.000+0000","pinnamuri",55,2,1.0,71,5,0.9871794871794872
"TISTUD-7725","Bug","2015-09-24T18:29:17.000+0000","pinnamuri",54,1,1.0,70,4,0.9871794871794872
"TISTUD-7719","Bug","2015-09-18T07:14:05.000+0000","capnross",0,0,1.0,23,11,0.9542857142857143
"TISTUD-7708","Bug","2015-09-15T08:21:42.000+0000","kkolipaka",6,2,0.9393939393939394,22,10,0.9542857142857143
"TISTUD-7706","Bug","2015-09-14T22:00:43.000+0000","wluu",11,3,1.0,21,9,0.9542857142857143
"TISTUD-7705","Improvement","2015-09-14T21:44:56.000+0000","pinnamuri",53,0,1.0,28,6,1.0
"TISTUD-7704","Story","2015-09-14T02:59:41.000+0000","kkolipaka",5,1,0.9393939393939394,20,8,0.9542857142857143
"TISTUD-7691","Bug","2015-08-28T03:46:22.000+0000","ssekhri",10,3,0.8918918918918919,19,7,0.9542857142857143
"TISTUD-7689","Bug","2015-08-27T22:26:33.000+0000","lchoudhary",12,3,1.0,69,11,0.9871794871794872
"TISTUD-7684","Bug","2015-08-25T05:26:27.000+0000","ssekhri",9,2,0.8918918918918919,18,6,0.9542857142857143
"TISTUD-7683","Bug","2015-08-25T04:45:46.000+0000","ssekhri",8,1,0.8918918918918919,17,5,0.9542857142857143
"TISTUD-7682","Improvement","2015-08-24T17:38:43.000+0000","cwilliams",75,2,0.9615384615384616,68,10,0.9871794871794872
"TISTUD-7678","New Feature","2015-08-20T02:40:23.000+0000","kkolipaka",4,0,0.9393939393939394,16,4,0.9542857142857143
"TISTUD-7673","Bug","2015-08-14T22:22:16.000+0000","wluu",10,4,1.0,67,15,0.9871794871794872
"TISTUD-7659","Bug","2015-08-04T06:46:07.000+0000","sliang",1,1,1.0,1,0,0.8333333333333334
"TISTUD-7652","Bug","2015-07-28T18:33:07.000+0000","wluu",9,4,1.0,15,10,0.9542857142857143
"TISTUD-7642","Bug","2015-07-10T07:45:44.000+0000","mike@warnes.com",0,0,1.0,14,11,0.9542857142857143
"TISTUD-7639","Bug","2015-07-08T22:53:38.000+0000","wluu",8,3,1.0,27,9,1.0
"TISTUD-7632","Bug","2015-06-30T00:49:18.000+0000","lchoudhary",11,6,1.0,26,8,1.0
"TISTUD-7624","Bug","2015-06-29T09:24:26.000+0000","ssekhri",7,6,0.8918918918918919,25,7,1.0
"TISTUD-7622","Bug","2015-06-27T21:13:19.000+0000","eharris",9,3,1.0,13,10,0.9542857142857143
"TISTUD-7621","Bug","2015-06-26T16:49:18.000+0000","andrewnatoli42",0,0,1.0,65,16,0.9871794871794872
"TISTUD-7619","Bug","2015-06-26T18:32:10.000+0000","lchoudhary",10,5,1.0,66,17,0.9871794871794872
"TISTUD-7616","Bug","2015-06-25T23:50:16.000+0000","rtlechuga",0,0,1.0,64,15,0.9871794871794872
"TISTUD-7612","Bug","2015-06-24T21:02:39.000+0000","lchoudhary",9,4,1.0,12,9,0.9542857142857143
"TISTUD-7611","Bug","2015-06-24T16:50:28.000+0000","ewieber",1,0,1.0,24,6,1.0
"TISTUD-7608","Bug","2015-06-23T16:56:47.000+0000","cwilliams",74,1,0.9615384615384616,63,15,0.9871794871794872
"TISTUD-7607","Bug","2015-06-23T16:53:09.000+0000","cwilliams",73,0,0.9615384615384616,23,5,1.0
"TISTUD-7606","Bug","2015-06-22T23:23:19.000+0000","bhatfield",8,1,1.0,62,14,0.9871794871794872
"TISTUD-7605","Bug","2015-06-22T23:11:01.000+0000","bhatfield",7,0,1.0,61,13,0.9871794871794872
"TISTUD-7597","Bug","2015-06-19T22:30:55.000+0000","eharris",8,2,1.0,60,12,0.9871794871794872
"TISTUD-7595","Bug","2015-06-19T21:16:47.000+0000","eharris",7,1,1.0,59,11,0.9871794871794872
"TISTUD-7593","Bug","2015-06-18T23:36:01.000+0000","eharris",6,0,1.0,58,10,0.9871794871794872
"TISTUD-7591","Bug","2015-06-18T05:29:08.000+0000","sliang",0,0,1.0,22,4,1.0
"TISTUD-7548","Bug","2015-05-24T18:05:15.000+0000","fokke",3,1,1.0,57,10,0.9871794871794872
"TISTUD-7530","Story","2015-05-21T02:33:12.000+0000","pinnamuri",52,2,1.0,56,9,0.9871794871794872
"TISTUD-7529","Bug","2015-05-20T23:43:57.000+0000","wluu",7,4,1.0,55,8,0.9871794871794872
"TISTUD-7526","Improvement","2015-05-20T18:41:59.000+0000","emerriman",10,3,1.0,21,4,1.0
"TISTUD-7523","Bug","2015-05-20T05:13:23.000+0000","ssekhri",6,5,0.8918918918918919,11,9,0.9542857142857143
"TISTUD-7522","Bug","2015-05-19T22:56:51.000+0000","wluu",6,3,1.0,54,7,0.9871794871794872
"TISTUD-7518","Bug","2015-05-18T21:49:50.000+0000","lchoudhary",8,3,1.0,53,6,0.9871794871794872
"TISTUD-7515","Bug","2015-05-17T05:52:04.000+0000","ingo",7,2,1.0,52,5,0.9871794871794872
"TISTUD-7511","Bug","2015-05-16T00:21:30.000+0000","lchoudhary",7,2,1.0,10,8,0.9542857142857143
"TISTUD-7510","Bug","2015-05-16T00:02:22.000+0000","emerriman",9,2,1.0,51,4,0.9871794871794872
"TISTUD-7495","Bug","2015-05-13T08:03:50.000+0000","ssekhri",5,4,0.8918918918918919,20,4,1.0
"TISTUD-7488","Bug","2015-05-08T23:23:19.000+0000","jhaynie",1,0,1.0,19,3,1.0
"TISTUD-7485","Bug","2015-05-07T08:43:11.000+0000","kkolipaka",3,3,0.9393939393939394,18,2,1.0
"TISTUD-7479","Bug","2015-05-06T00:48:26.000+0000","wluu",5,2,1.0,9,7,0.9542857142857143
"TISTUD-7477","Bug","2015-05-05T09:26:54.000+0000","ssekhri",4,3,0.8918918918918919,8,6,0.9542857142857143
"TISTUD-7475","Bug","2015-05-04T22:38:23.000+0000","emerriman",8,1,1.0,7,5,0.9542857142857143
"TISTUD-7474","Bug","2015-05-04T05:24:53.000+0000","ssekhri",3,2,0.8918918918918919,0,0,0.8333333333333334
"TISTUD-7473","Bug","2015-05-04T05:13:01.000+0000","ssekhri",2,1,0.8918918918918919,6,4,0.9542857142857143
"TISTUD-7469","Improvement","2015-05-01T21:14:25.000+0000","lchoudhary",6,1,1.0,35,3,0.9722222222222222
"TISTUD-7467","Bug","2015-05-01T11:58:51.000+0000","fokke",2,0,1.0,58,3,0.9692307692307692
"TISTUD-7466","Story","2015-04-30T08:27:52.000+0000","kkolipaka",2,2,0.9393939393939394,5,3,0.9542857142857143
"TISTUD-7463","Bug","2015-04-29T19:59:29.000+0000","emerriman",7,0,1.0,57,2,0.9692307692307692
"TISTUD-7461","Bug","2015-04-29T04:23:31.000+0000","ssekhri",1,0,0.8918918918918919,4,2,0.9542857142857143
"TISTUD-7450","Improvement","2015-04-24T16:20:30.000+0000","ingo",6,1,1.0,56,1,0.9692307692307692
"TISTUD-7449","Improvement","2015-04-24T16:17:02.000+0000","ingo",5,0,1.0,55,0,0.9692307692307692
"TISTUD-7447","Bug","2015-04-21T22:23:05.000+0000","lchoudhary",5,0,1.0,34,2,0.9722222222222222
"TISTUD-7446","Bug","2015-04-24T04:15:12.000+0000","bgrantges",5,2,1.0,50,5,0.9871794871794872
"TISTUD-7430","Improvement","2015-04-21T22:59:09.000+0000","gmathews",0,0,1.0,0,0,1.0
"TISTUD-7426","Story","2015-04-20T03:42:29.000+0000","kkolipaka",1,1,0.9393939393939394,3,1,0.9542857142857143
"TISTUD-7354","Bug","2015-03-31T20:49:18.000+0000","bgrantges",4,1,1.0,49,4,0.9871794871794872
"TISTUD-7341","Improvement","2015-03-31T00:04:31.000+0000","pinnamuri",51,5,1.0,33,6,0.9722222222222222
"TISTUD-7338","Improvement","2015-03-30T17:21:31.000+0000","pinnamuri",50,4,1.0,32,5,0.9722222222222222
"TISTUD-7331","Improvement","2015-03-27T22:32:24.000+0000","wluu",4,1,1.0,48,3,0.9871794871794872
"TISTUD-7251","Bug","2015-03-11T18:55:35.000+0000","wluu",3,0,1.0,17,1,1.0
"TISTUD-7249","Bug","2015-03-11T13:46:29.000+0000","bgrantges",3,0,1.0,47,3,0.9871794871794872
"TISTUD-7212","Bug","2015-02-19T08:00:10.000+0000","kkolipaka",0,0,0.9393939393939394,2,0,0.9542857142857143
"TISTUD-7208","New Feature","2015-02-17T23:16:06.000+0000","penrique",1,0,1.0,16,0,1.0
"TISTUD-7180","Bug","2015-02-04T22:26:03.000+0000","eharris",5,2,1.0,46,3,0.9871794871794872
"TISTUD-7171","Bug","2015-02-04T00:54:26.000+0000","eharris",4,1,1.0,45,2,0.9871794871794872
"TISTUD-7132","Bug","2015-01-20T00:14:09.000+0000","smishra",2,2,1.0,1,1,1.0
"TISTUD-7129","Story","2015-01-14T23:54:04.000+0000","smishra",1,1,1.0,31,7,0.9722222222222222
"TISTUD-7122","Improvement","2015-01-13T17:51:17.000+0000","smishra",0,0,1.0,0,0,1.0
"TISTUD-7111","Story","2015-01-06T19:01:57.000+0000","pinnamuri",49,3,1.0,30,6,0.9722222222222222
"TISTUD-7110","Story","2015-01-06T19:00:25.000+0000","pinnamuri",48,2,1.0,29,5,0.9722222222222222
"TISTUD-7109","Story","2015-01-06T18:58:16.000+0000","pinnamuri",47,1,1.0,28,4,0.9722222222222222
"TISTUD-7108","Story","2015-01-06T18:51:48.000+0000","pinnamuri",46,0,1.0,27,3,0.9722222222222222
"TISTUD-7087","Story","2014-12-16T21:04:50.000+0000","pkclark",0,0,1.0,44,3,0.9871794871794872
"TISTUD-7076","Improvement","2014-12-02T01:31:19.000+0000","eharris",3,3,1.0,26,5,0.9722222222222222
"TISTUD-7066","Bug","2014-11-21T21:47:30.000+0000","tstatler",7,0,1.0,25,4,0.9722222222222222
"TISTUD-7061","Bug","2014-11-19T19:19:50.000+0000","fcasali",8,1,1.0,43,7,0.9871794871794872
"TISTUD-7052","Bug","2014-11-14T23:47:39.000+0000","bhatfield",6,0,1.0,24,3,0.9722222222222222
"TISTUD-7032","Bug","2014-10-27T15:57:55.000+0000","eharris",2,2,1.0,42,7,0.9871794871794872
"TISTUD-7018","Bug","2014-10-17T05:22:50.000+0000","kvelummaylum",0,0,1.0,0,0,1.0
"TISTUD-7015","Bug","2014-10-16T18:45:58.000+0000","lchoudhary",4,1,1.0,41,6,0.9871794871794872
"TISTUD-6979","Bug","2014-10-07T21:30:54.000+0000","pinnamuri",45,1,1.0,23,3,0.9722222222222222
"TISTUD-6978","Improvement","2014-10-07T20:28:45.000+0000","skypanther",6,0,1.0,22,2,0.9722222222222222
"TISTUD-6969","Bug","2014-10-02T02:13:20.000+0000","eharris",1,1,1.0,15,2,1.0
"TISTUD-6951","Bug","2014-09-24T21:26:43.000+0000","emerriman",6,0,1.0,21,2,0.9722222222222222
"TISTUD-6940","Bug","2014-09-17T17:52:07.000+0000","ssekhri",0,0,0.8918918918918919,40,6,0.9871794871794872
"TISTUD-6924","Bug","2014-09-12T13:35:50.000+0000","cwilliams",72,6,0.9615384615384616,54,10,0.9692307692307692
"TISTUD-6917","Bug","2014-09-11T21:05:04.000+0000","cwilliams",71,5,0.9615384615384616,39,5,0.9871794871794872
"TISTUD-6909","Bug","2014-09-10T17:20:08.000+0000","mokesmokes",0,0,1.0,53,9,0.9692307692307692
"TISTUD-6898","Bug","2014-09-09T00:28:57.000+0000","eharris",0,0,1.0,38,4,0.9871794871794872
"TISTUD-6890","Bug","2014-09-05T21:03:25.000+0000","lchoudhary",3,1,1.0,37,3,0.9871794871794872
"TISTUD-6888","Bug","2014-09-05T14:13:51.000+0000","cwilliams",70,4,0.9615384615384616,52,8,0.9692307692307692
"TISTUD-6871","Bug","2014-09-02T20:24:20.000+0000","fcasali",7,1,1.0,36,3,0.9871794871794872
"TISTUD-6847","Improvement","2014-08-28T23:05:19.000+0000","cwilliams",69,3,0.9615384615384616,51,8,0.9692307692307692
"TISTUD-6834","New Feature","2014-08-26T17:13:18.000+0000","cwilliams",68,2,0.9615384615384616,50,7,0.9692307692307692
"TISTUD-6824","Story","2014-08-22T13:14:00.000+0000","cwilliams",67,1,0.9615384615384616,49,6,0.9692307692307692
"TISTUD-6786","Bug","2014-08-14T18:25:40.000+0000","tlukasavage",3,2,1.0,48,8,0.9692307692307692
"TISTUD-6778","Improvement","2014-08-08T01:03:16.000+0000","pinnamuri",44,3,1.0,20,4,0.9722222222222222
"TISTUD-6772","Bug","2014-08-06T21:25:34.000+0000","fcasali",6,0,1.0,35,3,0.9871794871794872
"TISTUD-6755","Bug","2014-07-29T23:31:16.000+0000","sdowse",13,0,1.0,1,0,0.9542857142857143
"TISTUD-6742","New Feature","2014-07-24T17:10:47.000+0000","tlukasavage",2,1,1.0,47,12,0.9692307692307692
"TISTUD-6726","Bug","2014-07-17T15:03:28.000+0000","iotashan",2,0,1.0,14,1,1.0
"TISTUD-6722","Bug","2014-07-15T23:48:29.000+0000","oromero",7,1,1.0,34,3,0.9871794871794872
"TISTUD-6709","Bug","2014-07-11T19:51:19.000+0000","cwilliams",66,6,0.9615384615384616,46,11,0.9692307692307692
"TISTUD-6702","New Feature","2014-07-09T19:33:10.000+0000","tlukasavage",1,0,1.0,19,10,0.9722222222222222
"TISTUD-6689","Improvement","2014-07-07T20:31:06.000+0000","skypanther",5,3,1.0,13,1,1.0
"TISTUD-6677","Bug","2014-07-02T17:20:49.000+0000","nmittal",1,0,1.0,45,10,0.9692307692307692
"TISTUD-6647","Bug","2014-06-17T22:27:58.000+0000","lchoudhary",2,2,1.0,44,9,0.9692307692307692
"TISTUD-6603","Bug","2014-06-06T17:47:20.000+0000","pinnamuri",43,16,1.0,33,8,0.9871794871794872
"TISTUD-6594","Bug","2014-06-05T11:00:28.000+0000","prastogi",0,0,1.0,43,11,0.9692307692307692
"TISTUD-6582","Improvement","2014-05-30T15:34:14.000+0000","skypanther",4,2,1.0,9,1,1.0
"TISTUD-6581","Improvement","2014-05-30T15:30:54.000+0000","skypanther",3,1,1.0,8,0,1.0
"TISTUD-6580","Improvement","2014-05-30T15:29:07.000+0000","skypanther",2,0,1.0,18,16,0.9722222222222222
"TISTUD-6531","Bug","2014-05-21T18:57:33.000+0000","pmishra",3,0,1.0,42,13,0.9692307692307692
"TISTUD-6523","Bug","2014-05-20T17:25:36.000+0000","lchoudhary",1,1,1.0,32,9,0.9871794871794872
"TISTUD-6514","Improvement","2014-05-19T19:12:43.000+0000","cwilliams",65,13,0.9615384615384616,41,12,0.9692307692307692
"TISTUD-6511","Bug","2014-05-19T09:58:52.000+0000","pagarwal",1,0,1.0,40,11,0.9692307692307692
"TISTUD-6507","Improvement","2014-05-17T03:27:04.000+0000","pinnamuri",42,17,1.0,17,17,0.9722222222222222
"TISTUD-6458","Bug","2014-05-12T23:54:41.000+0000","pinnamuri",41,16,1.0,16,16,0.9722222222222222
"TISTUD-6456","Story","2014-05-12T14:47:12.000+0000","cwilliams",64,12,0.9615384615384616,39,10,0.9692307692307692
"TISTUD-6455","Story","2014-05-12T14:45:35.000+0000","cwilliams",63,11,0.9615384615384616,38,9,0.9692307692307692
"TISTUD-6447","Story","2014-05-09T21:41:10.000+0000","pinnamuri",40,16,1.0,15,15,0.9722222222222222
"TISTUD-6446","Story","2014-05-09T21:40:26.000+0000","pinnamuri",39,15,1.0,14,14,0.9722222222222222
"TISTUD-6445","Story","2014-05-09T21:39:12.000+0000","pinnamuri",38,14,1.0,13,13,0.9722222222222222
"TISTUD-6444","Story","2014-05-09T21:38:45.000+0000","pinnamuri",37,13,1.0,12,12,0.9722222222222222
"TISTUD-6443","Story","2014-05-09T21:38:08.000+0000","pinnamuri",36,12,1.0,11,11,0.9722222222222222
"TISTUD-6442","Story","2014-05-09T21:13:59.000+0000","cwilliams",62,10,0.9615384615384616,10,10,0.9722222222222222
"TISTUD-6425","Bug","2014-05-08T17:57:35.000+0000","oromero",6,1,1.0,31,8,0.9871794871794872
"TISTUD-6423","Story","2014-05-08T17:15:14.000+0000","cwilliams",61,9,0.9615384615384616,9,9,0.9722222222222222
"TISTUD-6422","Story","2014-05-08T17:13:45.000+0000","cwilliams",60,8,0.9615384615384616,37,8,0.9692307692307692
"TISTUD-6407","Bug","2014-05-05T12:31:38.000+0000","bgrantges",2,0,1.0,36,7,0.9692307692307692
"TISTUD-6399","Bug","2014-05-01T18:50:55.000+0000","fcasali",5,2,1.0,35,7,0.9692307692307692
"TISTUD-6350","Bug","2014-03-05T01:16:26.000+0000","oromero",5,2,1.0,10,3,1.0
"TISTUD-6337","Bug","2014-04-16T10:21:07.000+0000","dpandey",7,0,1.0,30,7,0.9871794871794872
"TISTUD-6323","Improvement","2014-04-14T18:55:47.000+0000","pinnamuri",35,14,1.0,29,6,0.9871794871794872
"TISTUD-6310","Bug","2014-04-09T04:51:59.000+0000","keylo",0,0,1.0,12,3,1.0
"TISTUD-6309","Bug","2014-04-09T18:17:33.000+0000","lchoudhary",0,0,1.0,28,5,0.9871794871794872
"TISTUD-6307","Improvement","2014-04-08T00:28:14.000+0000","pinnamuri",34,13,1.0,27,4,0.9871794871794872
"TISTUD-6299","Story","2014-04-02T16:54:59.000+0000","cwilliams",59,8,0.9615384615384616,8,8,0.9722222222222222
"TISTUD-6297","Improvement","2014-04-02T00:20:40.000+0000","pinnamuri",33,13,1.0,7,7,0.9722222222222222
"TISTUD-6281","Story","2014-03-31T20:46:54.000+0000","cwilliams",58,7,0.9615384615384616,6,6,0.9722222222222222
"TISTUD-6280","Bug","2014-03-31T19:51:06.000+0000","mcota",0,0,1.0,11,3,1.0
"TISTUD-6273","Story","2014-03-25T01:10:08.000+0000","pinnamuri",32,12,1.0,5,5,0.9722222222222222
"TISTUD-6272","Story","2014-03-25T01:09:38.000+0000","pinnamuri",31,11,1.0,4,4,0.9722222222222222
"TISTUD-6270","Story","2014-03-25T01:00:48.000+0000","pinnamuri",30,10,1.0,3,3,0.9722222222222222
"TISTUD-6261","Bug","2014-03-20T20:54:38.000+0000","pinnamuri",29,10,1.0,26,3,0.9871794871794872
"TISTUD-6251","Bug","2014-03-12T06:27:10.000+0000","pinnamuri",28,11,1.0,2,2,0.9722222222222222
"TISTUD-6250","Bug","2014-03-12T05:35:03.000+0000","pinnamuri",27,10,1.0,25,4,0.9871794871794872
"TISTUD-6237","Bug","2014-03-07T19:02:05.000+0000","ewieber",0,0,1.0,24,3,0.9871794871794872
"TISTUD-6236","Story","2014-03-07T18:44:54.000+0000","cwilliams",57,6,0.9615384615384616,34,7,0.9692307692307692
"TISTUD-6235","Story","2014-03-07T18:44:45.000+0000","cwilliams",56,5,0.9615384615384616,33,6,0.9692307692307692
"TISTUD-6234","Story","2014-03-07T18:44:27.000+0000","cwilliams",55,4,0.9615384615384616,32,5,0.9692307692307692
"TISTUD-6220","Story","2014-03-06T16:25:20.000+0000","cwilliams",54,3,0.9615384615384616,31,4,0.9692307692307692
"TISTUD-6219","Story","2014-03-06T16:24:55.000+0000","cwilliams",53,2,0.9615384615384616,30,3,0.9692307692307692
"TISTUD-6218","Story","2014-03-06T16:11:29.000+0000","cwilliams",52,1,0.9615384615384616,29,2,0.9692307692307692
"TISTUD-6201","Story","2014-02-28T19:10:30.000+0000","pinnamuri",26,9,1.0,1,1,0.9722222222222222
"TISTUD-6199","Story","2014-02-28T19:02:17.000+0000","pinnamuri",25,8,1.0,0,0,0.9722222222222222
"TISTUD-6198","Bug","2014-02-25T19:31:12.000+0000","mcvendrell",0,0,1.0,23,3,0.9871794871794872
"TISTUD-6155","Bug","2014-02-11T00:31:45.000+0000","dfortner",1,1,1.0,9,2,1.0
"TISTUD-6148","Improvement","2014-02-10T17:39:20.000+0000","skypanther",1,0,1.0,51,12,0.9807692307692307
"TISTUD-6144","Bug","2014-02-10T07:01:48.000+0000","pinnamuri",24,9,1.0,134,34,1.0
"TISTUD-6129","Improvement","2014-02-03T23:34:39.000+0000","fcasali",4,1,1.0,133,37,1.0
"TISTUD-6125","Improvement","2014-02-03T05:47:37.000+0000","fcasali",3,0,1.0,132,36,1.0
"TISTUD-6124","Improvement","2014-02-01T05:47:28.000+0000","pinnamuri",23,8,1.0,50,16,0.9807692307692307
"TISTUD-6123","Improvement","2014-02-01T03:44:01.000+0000","pinnamuri",22,7,1.0,49,15,0.9807692307692307
"TISTUD-6122","Improvement","2014-01-31T19:51:12.000+0000","cwilliams",51,1,0.9615384615384616,28,5,0.9692307692307692
"TISTUD-6116","Improvement","2014-01-30T02:19:52.000+0000","pinnamuri",21,6,1.0,131,35,1.0
"TISTUD-6113","Bug","2014-01-30T00:27:11.000+0000","egomez",0,0,1.0,27,4,0.9692307692307692
"TISTUD-6109","Bug","2014-01-29T02:27:58.000+0000","cornflakesuperstar",0,0,1.0,130,34,1.0
"TISTUD-6108","Story","2014-01-29T20:57:24.000+0000","mxia",51,2,0.9807692307692307,48,14,0.9807692307692307
"TISTUD-6102","Bug","2014-01-28T21:40:22.000+0000","tstatler",6,6,1.0,129,33,1.0
"TISTUD-6094","Bug","2014-01-27T00:27:14.000+0000","jaymefishman",0,0,1.0,128,33,1.0
"TISTUD-6084","Improvement","2014-01-22T12:35:32.000+0000","iotashan",1,0,1.0,127,33,1.0
"TISTUD-6037","Bug","2014-01-17T00:55:00.000+0000","dfortner",0,0,1.0,126,33,1.0
"TISTUD-6031","Bug","2014-01-16T01:31:23.000+0000","sdowse",12,10,1.0,125,33,1.0
"TISTUD-6012","Bug","2014-01-10T23:26:17.000+0000","sdowse",11,9,1.0,124,32,1.0
"TISTUD-6009","Bug","2014-01-09T22:18:13.000+0000","pdaigle",0,0,1.0,123,31,1.0
"TISTUD-5999","Bug","2014-01-09T00:26:56.000+0000","sdowse",10,8,1.0,47,15,0.9807692307692307
"TISTUD-5986","Improvement","2014-01-06T23:13:42.000+0000","pinnamuri",20,8,1.0,8,6,1.0
"TISTUD-5977","Bug","2014-01-05T16:44:45.000+0000","bgrantges",1,0,1.0,122,31,1.0
"TISTUD-5976","Bug","2014-01-03T20:24:27.000+0000","tlukasavage",0,0,1.0,46,15,0.9807692307692307
"TISTUD-5970","Bug","2014-01-03T01:00:44.000+0000","mpmiranda",1,1,1.0,121,31,1.0
"TISTUD-5960","Bug","2013-12-26T16:18:35.000+0000","dmonroy",0,0,1.0,120,38,1.0
"TISTUD-5953","Improvement","2013-12-23T19:53:05.000+0000","pinnamuri",19,8,1.0,119,38,1.0
"TISTUD-5943","Improvement","2013-12-19T21:44:42.000+0000","oromero",4,3,1.0,118,37,1.0
"TISTUD-5937","Bug","2013-12-19T00:35:09.000+0000","pinnamuri",18,10,1.0,22,5,0.9871794871794872
"TISTUD-5936","Bug","2013-12-18T21:59:29.000+0000","oromero",3,2,1.0,117,42,1.0
"TISTUD-5918","Improvement","2013-12-13T23:14:41.000+0000","pinnamuri",17,9,1.0,116,42,1.0
"TISTUD-5914","Improvement","2013-12-13T21:44:19.000+0000","bhatfield",5,4,1.0,115,41,1.0
"TISTUD-5913","Improvement","2013-12-13T21:43:29.000+0000","bhatfield",4,3,1.0,114,40,1.0
"TISTUD-5892","Bug","2013-12-12T10:42:59.000+0000","nmittal",0,0,1.0,21,5,0.9871794871794872
"TISTUD-5886","New Feature","2013-12-11T22:45:06.000+0000","lokeshchdhry",1,1,1.0,113,41,1.0
"TISTUD-5868","Bug","2013-12-10T01:24:23.000+0000","tstatler",5,5,1.0,112,40,1.0
"TISTUD-5858","Bug","2013-12-06T11:08:46.000+0000","dpandey",6,2,1.0,45,24,0.9807692307692307
"TISTUD-5849","Bug","2013-12-05T02:06:16.000+0000","tstatler",4,4,1.0,7,5,1.0
"TISTUD-5843","Bug","2013-12-04T22:20:20.000+0000","tstatler",3,3,1.0,111,46,1.0
"TISTUD-5834","Improvement","2013-12-03T23:26:41.000+0000","lokeshchdhry",0,0,1.0,110,45,1.0
"TISTUD-5833","Improvement","2013-12-03T22:32:42.000+0000","ayeung",0,0,1.0,109,44,1.0
"TISTUD-5825","Bug","2013-12-02T22:29:51.000+0000","penrique",0,0,1.0,44,25,0.9807692307692307
"TISTUD-5824","Bug","2013-12-02T21:50:30.000+0000","lauriek334",0,0,1.0,43,24,0.9807692307692307
"TISTUD-5823","Bug","2013-12-02T19:25:31.000+0000","sdowse",9,8,1.0,108,43,1.0
"TISTUD-5822","Improvement","2013-12-02T19:18:46.000+0000","sdowse",8,7,1.0,107,42,1.0
"TISTUD-5821","Bug","2013-11-28T14:45:47.000+0000","nunocostapt",0,0,1.0,42,23,0.9807692307692307
"TISTUD-5811","Bug","2013-11-28T01:16:34.000+0000","srahim",0,0,1.0,20,8,0.9871794871794872
"TISTUD-5808","Bug","2013-11-27T22:26:49.000+0000","tstatler",2,2,1.0,41,22,0.9807692307692307
"TISTUD-5785","Improvement","2013-11-22T00:58:59.000+0000","pinnamuri",16,11,1.0,106,52,1.0
"TISTUD-5779","Bug","2013-11-11T15:17:56.000+0000","mpmiranda",0,0,1.0,98,47,1.0
"TISTUD-5770","Bug","2013-11-20T00:13:49.000+0000","sdowse",7,6,1.0,105,53,1.0
"TISTUD-5769","Improvement","2013-11-19T23:34:57.000+0000","pinnamuri",15,11,1.0,104,52,1.0
"TISTUD-5767","Bug","2013-11-19T21:47:48.000+0000","bhatfield",3,2,1.0,40,24,0.9807692307692307
"TISTUD-5765","Story","2013-11-19T14:48:06.000+0000","cwilliams",50,19,0.9615384615384616,103,51,1.0
"TISTUD-5761","Bug","2013-11-19T10:03:11.000+0000","dpandey",5,1,1.0,39,23,0.9807692307692307
"TISTUD-5759","Bug","2013-11-19T09:20:49.000+0000","schowbey",5,2,1.0,7,3,1.0
"TISTUD-5754","Bug","2013-11-19T07:41:11.000+0000","pmishra",2,2,1.0,6,2,1.0
"TISTUD-5749","Bug","2013-05-03T12:34:34.000+0000","sdowse",0,0,1.0,24,19,1.0
"TISTUD-5732","Improvement","2013-11-15T21:40:13.000+0000","wluu",2,2,1.0,102,51,1.0
"TISTUD-5710","Bug","2013-11-13T21:43:51.000+0000","sdowse",6,5,1.0,101,50,1.0
"TISTUD-5693","Bug","2013-11-12T18:52:12.000+0000","oromero",2,2,1.0,100,49,1.0
"TISTUD-5686","Bug","2013-11-11T18:33:13.000+0000","sdowse",5,4,1.0,99,48,1.0
"TISTUD-5681","Bug","2013-11-09T00:57:17.000+0000","emerriman",5,3,1.0,97,46,1.0
"TISTUD-5680","Improvement","2013-11-09T00:51:55.000+0000","emerriman",4,2,1.0,26,13,0.9692307692307692
"TISTUD-5671","Bug","2013-11-07T21:11:05.000+0000","tstatler",1,1,1.0,38,24,0.9807692307692307
"TISTUD-5668","Bug","2013-11-07T01:42:31.000+0000","tstatler",0,0,1.0,37,23,0.9807692307692307
"TISTUD-5665","Story","2013-11-06T23:23:50.000+0000","mxia",50,36,0.9807692307692307,25,12,0.9692307692307692
"TISTUD-5664","Improvement","2013-11-06T22:48:33.000+0000","ingo",4,1,1.0,24,11,0.9692307692307692
"TISTUD-5663","Improvement","2013-11-06T22:39:04.000+0000","ingo",3,0,1.0,5,1,1.0
"TISTUD-5662","Bug","2013-11-06T22:24:51.000+0000","sdowse",4,3,1.0,23,10,0.9692307692307692
"TISTUD-5661","Bug","2013-11-06T22:19:15.000+0000","sdowse",3,2,1.0,96,45,1.0
"TISTUD-5660","Improvement","2013-11-06T22:13:16.000+0000","mxia",49,35,0.9807692307692307,36,23,0.9807692307692307
"TISTUD-5648","Improvement","2013-11-05T13:55:43.000+0000","bhatfield",2,1,1.0,19,10,0.9871794871794872
"TISTUD-5643","Bug","2013-11-04T21:59:09.000+0000","oromero",1,1,1.0,35,23,0.9807692307692307
"TISTUD-5642","Bug","2013-11-04T18:42:32.000+0000","sdowse",2,1,1.0,34,22,0.9807692307692307
"TISTUD-5635","Bug","2013-11-01T21:49:42.000+0000","bhatfield",1,0,1.0,6,5,1.0
"TISTUD-5631","Improvement","2013-10-31T20:48:38.000+0000","mxia",48,34,0.9807692307692307,33,22,0.9807692307692307
"TISTUD-5629","Story","2013-10-31T20:09:42.000+0000","mxia",47,33,0.9807692307692307,22,9,0.9692307692307692
"TISTUD-5622","Improvement","2013-10-29T17:13:38.000+0000","cwilliams",49,20,0.9615384615384616,95,44,1.0
"TISTUD-5621","Bug","2013-10-29T07:56:33.000+0000","schowbey",4,2,1.0,21,8,0.9692307692307692
"TISTUD-5614","Bug","2013-10-28T18:55:08.000+0000","wluu",1,1,1.0,32,22,0.9807692307692307
"TISTUD-5610","Improvement","2013-10-28T11:22:28.000+0000","dpandey",4,0,1.0,94,43,1.0
"TISTUD-5594","Bug","2013-10-24T10:14:46.000+0000","schowbey",3,1,1.0,4,0,1.0
"TISTUD-5557","Bug","2013-10-21T21:28:52.000+0000","mxia",46,33,0.9807692307692307,0,0,0.9542857142857143
"TISTUD-5551","Bug","2013-10-20T07:16:31.000+0000","jhaynie",0,0,1.0,93,45,1.0
"TISTUD-5545","Story","2013-10-18T17:27:35.000+0000","cwilliams",48,19,0.9615384615384616,20,7,0.9692307692307692
"TISTUD-5543","Story","2013-10-18T17:25:57.000+0000","cwilliams",47,18,0.9615384615384616,19,6,0.9692307692307692
"TISTUD-5541","Story","2013-10-18T12:57:42.000+0000","cwilliams",46,17,0.9615384615384616,92,44,1.0
"TISTUD-5539","Story","2013-10-17T21:05:00.000+0000","pmishra",1,1,1.0,5,4,1.0
"TISTUD-5538","Bug","2013-10-17T18:08:03.000+0000","wluu",0,0,1.0,18,10,0.9871794871794872
"TISTUD-5513","Bug","2013-10-11T12:14:15.000+0000","pagarwal",0,0,1.0,4,3,1.0
"TISTUD-5510","Bug","2013-10-10T22:13:01.000+0000","sdowse",1,0,1.0,3,2,1.0
"TISTUD-5504","Bug","2013-10-10T11:29:04.000+0000","pinnamuri",14,12,1.0,2,1,1.0
"TISTUD-5503","Improvement","2013-10-10T11:24:57.000+0000","pinnamuri",13,11,1.0,18,6,0.9692307692307692
"TISTUD-5502","Improvement","2013-10-10T11:23:02.000+0000","pinnamuri",12,10,1.0,91,44,1.0
"TISTUD-5492","Story","2013-10-08T23:08:23.000+0000","mxia",45,32,0.9807692307692307,31,21,0.9807692307692307
"TISTUD-5479","Story","2013-10-07T05:36:15.000+0000","mxia",44,32,0.9807692307692307,90,43,1.0
"TISTUD-5477","Improvement","2013-10-04T22:24:08.000+0000","mxia",43,31,0.9807692307692307,17,5,0.9692307692307692
"TISTUD-5473","Improvement","2013-10-04T22:00:51.000+0000","mxia",42,30,0.9807692307692307,89,42,1.0
"TISTUD-5472","Story","2013-10-04T21:57:38.000+0000","mxia",41,29,0.9807692307692307,88,41,1.0
"TISTUD-5471","Story","2013-10-04T21:54:35.000+0000","mxia",40,28,0.9807692307692307,30,21,0.9807692307692307
"TISTUD-5470","Story","2013-10-04T21:51:58.000+0000","mxia",39,27,0.9807692307692307,87,40,1.0
"TISTUD-5469","Improvement","2013-10-04T21:44:05.000+0000","mxia",38,26,0.9807692307692307,86,39,1.0
"TISTUD-5468","Improvement","2013-10-04T21:40:17.000+0000","mxia",37,25,0.9807692307692307,85,38,1.0
"TISTUD-5467","Improvement","2013-10-04T21:36:30.000+0000","mxia",36,24,0.9807692307692307,84,37,1.0
"TISTUD-5462","Improvement","2013-10-02T21:46:47.000+0000","pinnamuri",11,9,1.0,29,20,0.9807692307692307
"TISTUD-5459","Improvement","2013-10-01T21:31:24.000+0000","cwilliams",45,18,0.9615384615384616,83,36,1.0
"TISTUD-5457","Improvement","2013-09-30T23:24:45.000+0000","cwilliams",44,28,0.9615384615384616,82,41,1.0
"TISTUD-5441","Bug","2013-09-26T17:38:17.000+0000","cwilliams",43,30,0.9615384615384616,81,42,1.0
"TISTUD-5439","Bug","2013-09-07T22:58:34.000+0000","emerriman",2,1,1.0,21,14,0.9807692307692307
"TISTUD-5431","Bug","2013-09-23T22:20:25.000+0000","dhyde",21,2,1.0,17,9,0.9871794871794872
"TISTUD-5425","Improvement","2013-09-20T21:20:23.000+0000","pinnamuri",10,8,1.0,80,43,1.0
"TISTUD-5424","Bug","2013-09-20T20:54:13.000+0000","pinnamuri",9,7,1.0,79,42,1.0
"TISTUD-5423","Bug","2013-09-20T20:52:09.000+0000","pinnamuri",8,6,1.0,28,21,0.9807692307692307
"TISTUD-5422","Bug","2013-09-20T19:51:33.000+0000","cwilliams",42,29,0.9615384615384616,78,41,1.0
"TISTUD-5421","Bug","2013-09-20T19:40:45.000+0000","cwilliams",41,28,0.9615384615384616,27,20,0.9807692307692307
"TISTUD-5419","Improvement","2013-09-20T14:49:40.000+0000","cwilliams",40,27,0.9615384615384616,77,40,1.0
"TISTUD-5418","Improvement","2013-09-20T14:46:10.000+0000","cwilliams",39,26,0.9615384615384616,16,13,0.9692307692307692
"TISTUD-5417","Bug","2013-09-20T14:39:42.000+0000","cwilliams",38,25,0.9615384615384616,76,39,1.0
"TISTUD-5416","Improvement","2013-09-20T14:38:00.000+0000","cwilliams",37,24,0.9615384615384616,75,38,1.0
"TISTUD-5408","Story","2013-09-18T22:44:16.000+0000","mxia",35,29,0.9807692307692307,26,19,0.9807692307692307
"TISTUD-5403","Improvement","2013-09-18T05:19:16.000+0000","mxia",34,28,0.9807692307692307,25,18,0.9807692307692307
"TISTUD-5401","Bug","2013-09-17T16:10:48.000+0000","dcassenti",0,0,1.0,74,38,1.0
"TISTUD-5393","Improvement","2013-09-13T21:12:01.000+0000","mxia",33,27,0.9807692307692307,73,39,1.0
"TISTUD-5392","Improvement","2013-09-13T21:05:20.000+0000","mxia",32,26,0.9807692307692307,16,8,0.9871794871794872
"TISTUD-5388","Story","2013-09-13T20:46:11.000+0000","mxia",31,25,0.9807692307692307,15,13,0.9692307692307692
"TISTUD-5386","Story","2013-09-13T20:36:00.000+0000","mxia",30,24,0.9807692307692307,72,38,1.0
"TISTUD-5385","Story","2013-09-13T18:44:07.000+0000","mxia",29,23,0.9807692307692307,24,17,0.9807692307692307
"TISTUD-5383","Improvement","2013-09-13T00:46:08.000+0000","pinnamuri",7,5,1.0,15,7,0.9871794871794872
"TISTUD-5381","Improvement","2013-09-11T01:00:37.000+0000","emerriman",3,2,1.0,23,16,0.9807692307692307
"TISTUD-5378","Bug","2013-09-08T08:23:34.000+0000","kazan1000",0,0,1.0,22,15,0.9807692307692307
"TISTUD-5372","Story","2013-09-09T18:44:45.000+0000","mxia",28,23,0.9807692307692307,14,6,0.9871794871794872
"TISTUD-5370","Story","2013-09-08T00:18:20.000+0000","mxia",27,22,0.9807692307692307,71,38,1.0
"TISTUD-5369","Improvement","2013-09-08T00:13:31.000+0000","mxia",26,21,0.9807692307692307,70,37,1.0
"TISTUD-5368","Story","2013-09-08T00:05:00.000+0000","mxia",25,20,0.9807692307692307,69,36,1.0
"TISTUD-5366","Story","2013-09-07T23:59:51.000+0000","mxia",24,19,0.9807692307692307,68,35,1.0
"TISTUD-5365","Bug","2013-09-07T00:10:32.000+0000","mxia",23,18,0.9807692307692307,20,13,0.9807692307692307
"TISTUD-5364","Improvement","2013-09-07T00:06:05.000+0000","mxia",22,17,0.9807692307692307,19,12,0.9807692307692307
"TISTUD-5360","Improvement","2013-09-06T23:20:37.000+0000","mxia",21,16,0.9807692307692307,13,5,0.9871794871794872
"TISTUD-5359","Story","2013-09-06T23:14:45.000+0000","mxia",20,15,0.9807692307692307,67,34,1.0
"TISTUD-5355","Story","2013-09-06T22:15:53.000+0000","mxia",19,14,0.9807692307692307,66,33,1.0
"TISTUD-5354","Story","2013-09-06T22:10:43.000+0000","mxia",18,13,0.9807692307692307,12,4,0.9871794871794872
"TISTUD-5353","Story","2013-09-06T22:06:28.000+0000","mxia",17,12,0.9807692307692307,65,32,1.0
"TISTUD-5339","Story","2013-08-29T14:10:31.000+0000","pmishra",0,0,1.0,63,32,1.0
"TISTUD-5338","Bug","2013-08-29T17:05:53.000+0000","jkneen",0,0,1.0,64,33,1.0
"TISTUD-5337","Improvement","2013-08-29T00:11:29.000+0000","mxia",16,11,0.9807692307692307,18,11,0.9807692307692307
"TISTUD-5329","Improvement","2013-08-27T18:03:28.000+0000","pinnamuri",6,4,1.0,62,31,1.0
"TISTUD-5327","Improvement","2013-08-27T07:46:23.000+0000","aphadke",2,2,1.0,55,24,1.0
"TISTUD-5326","Improvement","2013-08-27T13:26:18.000+0000","cwilliams",36,24,0.9615384615384616,61,30,1.0
"TISTUD-5325","Improvement","2013-08-27T13:24:37.000+0000","cwilliams",35,23,0.9615384615384616,60,29,1.0
"TISTUD-5324","Improvement","2013-08-27T13:22:12.000+0000","cwilliams",34,22,0.9615384615384616,59,28,1.0
"TISTUD-5322","Improvement","2013-08-27T13:20:07.000+0000","cwilliams",33,21,0.9615384615384616,58,27,1.0
"TISTUD-5321","Improvement","2013-08-27T13:18:08.000+0000","cwilliams",32,20,0.9615384615384616,57,26,1.0
"TISTUD-5320","Story","2013-08-27T13:08:28.000+0000","cwilliams",31,19,0.9615384615384616,56,25,1.0
"TISTUD-5312","Improvement","2013-08-27T00:38:45.000+0000","pinnamuri",5,3,1.0,54,23,1.0
"TISTUD-5310","Improvement","2013-08-26T22:22:46.000+0000","mxia",15,10,0.9807692307692307,1,0,1.0
"TISTUD-5302","Story","2013-08-26T04:40:10.000+0000","mxia",14,9,0.9807692307692307,17,10,0.9807692307692307
"TISTUD-5295","Improvement","2013-08-23T01:45:13.000+0000","pinnamuri",4,2,1.0,53,24,1.0
"TISTUD-5294","Bug","2013-08-23T00:04:48.000+0000","fcasali",2,0,1.0,52,23,1.0
"TISTUD-5292","Bug","2013-08-22T19:20:53.000+0000","oromero",0,0,1.0,16,9,0.9807692307692307
"TISTUD-5285","Story","2013-08-21T13:29:05.000+0000","cwilliams",30,18,0.9615384615384616,51,22,1.0
"TISTUD-5283","Bug","2013-08-20T18:39:19.000+0000","mross@qtags.com",0,0,1.0,11,3,0.9871794871794872
"TISTUD-5281","Bug","2013-08-19T04:46:20.000+0000","ptquang86",0,0,1.0,15,8,0.9807692307692307
"TISTUD-5279","Bug","2013-08-19T13:29:47.000+0000","cwilliams",29,17,0.9615384615384616,14,12,0.9692307692307692
"TISTUD-5263","Story","2013-08-14T15:05:55.000+0000","pinnamuri",3,1,1.0,13,11,0.9692307692307692
"TISTUD-5251","Bug","2013-08-12T22:36:01.000+0000","jbuckley",0,0,1.0,14,7,0.9807692307692307
"TISTUD-5247","Bug","2013-08-12T14:50:53.000+0000","pinnamuri",2,0,1.0,10,2,0.9871794871794872
"TISTUD-5235","Bug","2013-08-09T02:57:01.000+0000","mgadiya",1,0,1.0,9,1,0.9871794871794872
"TISTUD-5225","Bug","2013-08-08T22:26:40.000+0000","emerriman",1,0,1.0,13,6,0.9807692307692307
"TISTUD-5223","Story","2013-08-08T17:11:46.000+0000","sfeloney",0,0,1.0,12,5,0.9807692307692307
"TISTUD-5206","Bug","2013-08-07T06:25:08.000+0000","schowbey",2,1,1.0,8,0,0.9871794871794872
"TISTUD-5200","Improvement","2013-08-05T15:03:34.000+0000","bgrantges",0,0,1.0,11,4,0.9807692307692307
"TISTUD-5199","Bug","2013-08-02T21:16:25.000+0000","dhyde",20,4,1.0,9,3,1.0
"TISTUD-5195","Story","2013-08-02T18:31:14.000+0000","cbarber",0,0,1.0,10,3,0.9807692307692307
"TISTUD-5169","Bug","2013-07-27T00:42:21.000+0000","aphadke",1,1,1.0,50,26,1.0
"TISTUD-5168","Bug","2013-07-27T00:40:54.000+0000","aphadke",0,0,1.0,49,25,1.0
"TISTUD-5158","Bug","2013-07-26T00:50:54.000+0000","mxia",13,9,0.9807692307692307,8,2,1.0
"TISTUD-5151","Bug","2013-07-25T10:15:48.000+0000","dpandey",3,2,1.0,3,3,1.0
"TISTUD-5132","Story","2013-07-22T14:43:12.000+0000","fokke",1,0,1.0,48,24,1.0
"TISTUD-5109","Bug","2013-07-15T23:24:54.000+0000","sgibly",2,1,1.0,2,2,1.0
"TISTUD-5105","Improvement","2013-07-15T18:41:15.000+0000","cwilliams",28,26,0.9615384615384616,47,33,1.0
"TISTUD-5104","Story","2013-07-15T18:39:36.000+0000","cwilliams",27,25,0.9615384615384616,12,10,0.9692307692307692
"TISTUD-5093","Bug","2013-04-19T15:40:23.000+0000","creativejunky",0,0,1.0,14,9,1.0
"TISTUD-5089","Bug","2013-07-09T21:14:05.000+0000","mxia",12,8,0.9807692307692307,9,3,0.9807692307692307
"TISTUD-5079","Story","2013-07-03T18:39:38.000+0000","cwilliams",26,24,0.9615384615384616,46,34,1.0
"TISTUD-5078","Improvement","2013-07-03T14:18:26.000+0000","cwilliams",25,23,0.9615384615384616,11,9,0.9692307692307692
"TISTUD-5077","Improvement","2013-07-03T14:18:17.000+0000","cwilliams",24,22,0.9615384615384616,10,8,0.9692307692307692
"TISTUD-5076","Improvement","2013-07-03T14:18:08.000+0000","cwilliams",23,21,0.9615384615384616,9,7,0.9692307692307692
"TISTUD-5075","Improvement","2013-07-03T14:15:53.000+0000","cwilliams",22,20,0.9615384615384616,45,33,1.0
"TISTUD-5074","Improvement","2013-07-03T14:15:42.000+0000","cwilliams",21,19,0.9615384615384616,44,32,1.0
"TISTUD-5071","Improvement","2013-07-03T14:14:13.000+0000","cwilliams",20,18,0.9615384615384616,43,31,1.0
"TISTUD-5070","Improvement","2013-07-03T14:14:03.000+0000","cwilliams",19,17,0.9615384615384616,42,30,1.0
"TISTUD-5069","Improvement","2013-07-03T14:12:57.000+0000","cwilliams",18,16,0.9615384615384616,8,6,0.9692307692307692
"TISTUD-5068","Improvement","2013-07-03T14:12:28.000+0000","cwilliams",17,15,0.9615384615384616,7,5,0.9692307692307692
"TISTUD-5067","Improvement","2013-07-03T14:01:21.000+0000","cwilliams",16,14,0.9615384615384616,41,29,1.0
"TISTUD-5064","Bug","2013-07-02T21:34:20.000+0000","mxia",11,7,0.9807692307692307,8,2,0.9807692307692307
"TISTUD-5063","Improvement","2013-07-02T20:15:18.000+0000","dhyde",19,9,1.0,7,1,0.9807692307692307
"TISTUD-5061","Story","2013-07-02T13:33:56.000+0000","cwilliams",15,13,0.9615384615384616,6,4,0.9692307692307692
"TISTUD-5060","Story","2013-07-02T13:31:20.000+0000","cwilliams",14,12,0.9615384615384616,1,1,1.0
"TISTUD-5059","Story","2013-07-02T13:28:53.000+0000","cwilliams",13,11,0.9615384615384616,5,3,0.9692307692307692
"TISTUD-5052","Bug","2013-07-01T18:47:29.000+0000","mxia",10,6,0.9807692307692307,40,28,1.0
"TISTUD-5046","Story","2013-06-28T20:52:37.000+0000","mxia",9,5,0.9807692307692307,4,2,0.9692307692307692
"TISTUD-5045","Improvement","2013-06-28T20:18:01.000+0000","mxia",8,4,0.9807692307692307,39,28,1.0
"TISTUD-5040","Bug","2013-06-27T20:57:59.000+0000","mxia",7,3,0.9807692307692307,3,1,0.9692307692307692
"TISTUD-5039","Improvement","2013-06-27T20:38:29.000+0000","mxia",6,2,0.9807692307692307,38,29,1.0
"TISTUD-5029","Improvement","2013-06-26T10:07:40.000+0000","clathrop",0,0,1.0,37,28,1.0
"TISTUD-5020","Improvement","2013-06-21T22:00:39.000+0000","dhyde",18,14,1.0,7,4,1.0
"TISTUD-5007","Improvement","2013-06-19T22:00:59.000+0000","lbrenman",1,1,1.0,36,28,1.0
"TISTUD-4978","Bug","2013-06-17T11:14:05.000+0000","shameerj",0,0,1.0,35,27,1.0
"TISTUD-4977","Story","2013-06-17T16:02:34.000+0000","cwilliams",12,11,0.9615384615384616,2,1,0.9692307692307692
"TISTUD-4974","Bug","2013-06-15T22:00:30.000+0000","dhyde",17,13,1.0,34,26,1.0
"TISTUD-4956","Story","2013-06-14T20:57:11.000+0000","mxia",5,3,0.9807692307692307,33,25,1.0
"TISTUD-4932","Bug","2013-06-13T08:15:31.000+0000","schowbey",1,1,1.0,6,3,1.0
"TISTUD-4930","Bug","2013-04-22T14:56:18.000+0000","fokke",0,0,1.0,16,11,1.0
"TISTUD-4886","Improvement","2013-06-06T10:48:58.000+0000","dpandey",2,1,1.0,32,26,1.0
"TISTUD-4847","Improvement","2013-06-03T22:50:59.000+0000","dhyde",16,12,1.0,31,26,1.0
"TISTUD-4831","Bug","2013-06-01T00:18:28.000+0000","sgibly",1,0,1.0,0,0,1.0
"TISTUD-4793","Bug","2013-05-28T12:35:54.000+0000","dpandey",1,0,1.0,30,25,1.0
"TISTUD-4783","Bug","2013-05-27T22:30:33.000+0000","mxia",4,3,0.9807692307692307,29,24,1.0
"TISTUD-4675","Bug","2013-05-16T17:55:14.000+0000","lbrenman",0,0,1.0,28,23,1.0
"TISTUD-4619","Story","2013-05-10T17:26:58.000+0000","cwilliams",11,11,0.9615384615384616,27,22,1.0
"TISTUD-4525","Bug","2013-05-03T22:04:18.000+0000","dsefton",0,0,1.0,25,20,1.0
"TISTUD-4518","Story","2013-05-04T01:23:30.000+0000","pinnamuri",1,1,1.0,26,21,1.0
"TISTUD-4389","Bug","2013-04-23T20:58:51.000+0000","dhyde",15,12,1.0,0,0,1.0
"TISTUD-4365","Story","2013-04-22T22:20:40.000+0000","cwilliams",10,10,0.9615384615384616,23,18,1.0
"TISTUD-4364","Story","2013-04-22T22:18:48.000+0000","cwilliams",9,9,0.9615384615384616,22,17,1.0
"TISTUD-4363","Story","2013-04-22T22:17:35.000+0000","cwilliams",8,8,0.9615384615384616,7,5,0.9871794871794872
"TISTUD-4362","Story","2013-04-22T22:16:09.000+0000","cwilliams",7,7,0.9615384615384616,6,4,0.9871794871794872
"TISTUD-4361","Story","2013-04-22T22:12:32.000+0000","cwilliams",6,6,0.9615384615384616,21,16,1.0
"TISTUD-4360","Story","2013-04-22T22:10:59.000+0000","cwilliams",5,5,0.9615384615384616,20,15,1.0
"TISTUD-4359","Story","2013-04-22T22:07:52.000+0000","cwilliams",4,4,0.9615384615384616,19,14,1.0
"TISTUD-4357","Story","2013-04-22T22:05:33.000+0000","cwilliams",3,3,0.9615384615384616,18,13,1.0
"TISTUD-4356","Story","2013-04-22T22:04:45.000+0000","cwilliams",2,2,0.9615384615384616,17,12,1.0
"TISTUD-4336","Improvement","2013-04-19T20:19:19.000+0000","dhyde",14,11,1.0,15,10,1.0
"TISTUD-4335","Bug","2013-04-16T02:18:48.000+0000","mgadiya",0,0,1.0,3,1,0.9871794871794872
"TISTUD-4325","Bug","2013-04-18T21:52:08.000+0000","dhyde",13,10,1.0,5,3,0.9871794871794872
"TISTUD-4318","Bug","2013-04-18T10:51:48.000+0000","schowbey",0,0,1.0,4,2,0.9871794871794872
"TISTUD-4251","Improvement","2013-04-12T20:21:46.000+0000","nle",1,0,1.0,6,3,0.9807692307692307
"TISTUD-4244","Improvement","2013-04-12T00:30:14.000+0000","dhyde",12,9,1.0,13,8,1.0
"TISTUD-4217","Improvement","2013-04-10T23:22:58.000+0000","pinnamuri",0,0,1.0,5,3,1.0
"TISTUD-4215","Improvement","2013-04-10T20:06:42.000+0000","dhyde",11,8,1.0,4,2,1.0
"TISTUD-4191","Bug","2013-04-08T23:43:59.000+0000","dhyde",10,7,1.0,12,7,1.0
"TISTUD-4087","Story","2013-04-03T01:58:34.000+0000","dhyde",9,7,1.0,2,0,0.9871794871794872
"TISTUD-4073","Bug","2013-04-02T20:29:50.000+0000","dhyde",8,6,1.0,3,1,1.0
"TISTUD-4035","Improvement","2013-03-31T00:05:41.000+0000","dhyde",7,5,1.0,11,7,1.0
"TISTUD-4031","Improvement","2013-03-30T23:09:54.000+0000","dhyde",6,4,1.0,5,2,0.9807692307692307
"TISTUD-4022","Improvement","2013-03-30T18:50:44.000+0000","dhyde",5,3,1.0,10,6,1.0
"TISTUD-4014","Improvement","2013-03-29T23:08:59.000+0000","dhyde",4,2,1.0,9,5,1.0
"TISTUD-3971","Story","2013-03-28T06:20:26.000+0000","mxia",3,2,0.9807692307692307,4,1,0.9807692307692307
"TISTUD-3970","Improvement","2013-03-28T06:17:16.000+0000","mxia",2,1,0.9807692307692307,8,4,1.0
"TISTUD-3863","Improvement","2013-03-19T18:50:22.000+0000","cwilliams",1,1,0.9615384615384616,1,1,0.9692307692307692
"TISTUD-3814","Improvement","2013-03-13T23:49:47.000+0000","fcasali",1,1,1.0,7,3,1.0
"TISTUD-3805","Story","2013-03-13T17:38:38.000+0000","mxia",1,0,0.9807692307692307,6,2,1.0
"TISTUD-3804","Improvement","2013-03-13T17:11:27.000+0000","cwilliams",0,0,0.9615384615384616,0,0,0.9692307692307692
"TISTUD-3669","Improvement","2013-03-06T21:44:20.000+0000","emerriman",0,0,1.0,5,1,1.0
"TISTUD-3474","Story","2013-02-12T23:46:10.000+0000","dhyde",3,1,1.0,3,1,0.9807692307692307
"TISTUD-3421","Story","2013-02-01T01:19:56.000+0000","fcasali",0,0,1.0,2,1,1.0
"TISTUD-3142","Improvement","2013-01-07T17:31:34.000+0000","dhyde",2,1,1.0,4,2,1.0
"TISTUD-3022","Bug","2012-12-07T06:37:12.000+0000","dpandey",0,0,1.0,2,1,0.9807692307692307
"TISTUD-2978","Improvement","2012-12-05T17:08:31.000+0000","nle",0,0,1.0,3,1,1.0
"TISTUD-2948","Story","2012-12-03T21:34:37.000+0000","mxia",0,0,0.9807692307692307,1,0,0.9871794871794872
"TISTUD-2905","Bug","2012-11-30T01:42:52.000+0000","sgibly",0,0,1.0,1,0,1.0
"TISTUD-2729","Story","2012-09-12T16:43:42.000+0000","ingo",2,0,1.0,0,0,1.0
"TISTUD-2467","Bug","2012-10-10T23:40:49.000+0000","dhyde",1,0,1.0,2,0,1.0
"TISTUD-2346","Story","2012-09-26T15:12:47.000+0000","cheadley",0,0,1.0,1,0,0.9807692307692307
"TISTUD-2300","Bug","2012-09-18T18:14:28.000+0000","bhatfield",0,0,1.0,0,0,1.0
"TISTUD-1594","Story","2012-05-01T11:39:47.000+0000","ingo",1,1,1.0,0,0,1.0
"TISTUD-1541","Bug","2012-04-18T09:26:44.000+0000","ingo",0,0,1.0,0,0,1.0
"TISTUD-1335","Bug","2012-03-13T16:56:33.000+0000","dhyde",0,0,1.0,0,0,0.9871794871794872
"TISTUD-1108","Improvement","2012-01-27T11:15:21.000+0000","skypanther",0,0,1.0,0,0,0.9807692307692307
"TISTUD-582","Bug","2011-08-10T15:31:26.000+0000","avaghti",0,0,1.0,1,0,1.0
"TISTUD-273","Improvement","2011-04-06T10:42:00.000+0000","iotashan",0,0,1.0,0,0,1.0
