"issue_key","issuetype","created","wordcount","flesch","fog","lix","kinkaid","ari","colemanlieu","smog"
"DURACLOUD-1147","Bug","2017-09-20T18:29:49.000-0500",510,-427.0436,65.0909,168.28999568779648,104.8291,139.38019836136266,104.5102,39.193922141707716
"DURACLOUD-1119","Bug","2017-06-28T14:24:53.000-0500",37,39.5348,19.0821,50.269230769230774,12.5894,14.647692307692303,15.5851,15.84523257866513
"DURACLOUD-952","Story","2015-11-04T17:44:59.000-0600",44,70.8165,7.6848,32.84848484848485,7.0255,7.954696969696968,9.7305,7.47213595499958
"DURACLOUD-941","Story","2015-09-16T14:11:47.000-0500",126,73.7503,13.7309,47.50542635658915,9.3821,12.31813953488372,9.1084,11.12403840463596
"DURACLOUD-923","Story","2015-06-23T10:15:43.000-0500",98,38.3218,17.6444,64.31313131313131,16.1123,19.28606060606061,13.5738,13.488088481701515
"DURACLOUD-886","Story","2014-09-24T15:30:29.000-0500",230,69.2225,13.1447,46.90425531914894,9.4422,12.507106382978726,10.6691,11.12403840463596
"DURACLOUD-877","Story","2014-05-16T13:30:43.000-0500",68,53.196,14.949,53.549019607843135,11.4706,13.38406862745098,12.2399,13.0
"DURACLOUD-838","New Feature","2013-07-30T22:32:25.000-0500",63,78.0465,13.258,37.492753623188406,8.0872,9.387826086956519,7.0532,11.366600265340756
"DURACLOUD-832","Bug","2013-06-27T15:09:00.000-0500",69,28.76,19.5,66.25,19.185,25.946875,17.6856,13.246950765959598
"DURACLOUD-828","Improvement","2013-06-04T21:06:22.000-0500",47,72.1333,10.522,34.815602836879435,7.0902,8.349929078014185,9.73,10.071067811865476
"DURACLOUD-825","Bug","2013-05-29T22:34:23.000-0500",193,60.5091,13.4256,40.670614777213764,10.2573,11.869012972363223,10.7845,11.755950357709132
"DURACLOUD-824","Improvement","2013-05-28T14:52:31.000-0500",39,39.2654,16.6256,67.2051282051282,17.4713,18.600769230769224,9.1051,8.477225575051662
"DURACLOUD-813","Improvement","2013-05-23T22:46:42.000-0500",65,46.44,17.4424,51.18181818181819,14.98,18.69136363636364,12.8302,13.246950765959598
"DURACLOUD-809","Bug","2013-04-26T00:41:10.000-0500",39,80.785,9.0,40.0,6.96,9.529500000000002,8.9105,6.872983346207417
"DURACLOUD-806","Bug","2013-04-23T14:41:58.000-0500",108,64.403,13.5152,45.60606060606061,8.8309,10.94412121212121,11.5853,12.219544457292887
"DURACLOUD-804","Improvement","2013-04-15T21:46:49.000-0500",61,28.9488,20.3,69.5,17.1713,23.05078125,18.8786,16.41640786499874
"DURACLOUD-778","New Feature","2013-02-05T16:49:04.000-0600",126,52.7643,13.4208,55.25736434108527,12.3092,14.36279069767442,11.6653,10.745966692414834
"DURACLOUD-775","New Feature","2013-01-30T17:21:09.000-0600",87,82.2276,7.8658,24.012422360248447,5.0553,6.285232919254653,8.3584,8.070925528371099
"DURACLOUD-768","Bug","2013-01-14T22:21:09.000-0600",62,55.2629,12.2095,46.39682539682539,10.7683,11.947142857142858,11.38,10.745966692414834
"DURACLOUD-767","Bug","2013-01-03T22:27:35.000-0600",180,64.4063,14.4174,45.28260869565217,9.9898,11.290597826086959,9.4327,12.486832980505138
"DURACLOUD-766","Bug","2013-01-02T15:21:25.000-0600",122,76.207,13.1124,42.482587064676615,8.1782,10.720771144278608,9.098,11.366600265340756
"DURACLOUD-759","New Feature","2012-10-02T16:53:05.000-0500",104,58.3604,16.1358,55.29283489096573,13.9798,16.82800623052959,8.9006,10.071067811865476
"DURACLOUD-757","Bug","2012-09-26T17:19:19.000-0500",124,70.6065,12.7318,41.530916844349676,8.1668,8.563144989339015,8.1708,11.535639569308374
"DURACLOUD-755","New Feature","2012-09-10T21:17:41.000-0500",101,30.39,18.8437,61.672330097087375,15.4175,16.595485436893206,14.4864,15.84523257866513
"DURACLOUD-754","New Feature","2012-08-27T23:00:03.000-0500",16,53.8899,5.7529,43.794117647058826,7.8544,9.694705882352942,14.2782,6.872983346207417
"DURACLOUD-752","Bug","2012-08-24T23:21:22.000-0500",32,75.765,11.6444,56.888888888888886,7.1633,11.64333333333333,12.6378,10.745966692414834
"DURACLOUD-751","Bug","2012-08-23T17:53:21.000-0500",150,68.999,15.4369,46.384415584415585,11.2869,14.094545454545454,8.3923,11.48528137423857
"DURACLOUD-739","New Feature","2012-08-08T15:13:23.000-0500",150,41.7905,16.8361,52.28131634819533,13.9309,15.533333333333331,12.9162,14.180339887498949
"DURACLOUD-738","Improvement","2012-08-07T14:15:46.000-0500",93,75.7075,10.6,33.5,5.805,6.768599999999999,9.2474,10.245688373094719
"DURACLOUD-737","Improvement","2012-08-01T16:43:34.000-0500",65,20.8036,21.0788,67.84848484848484,18.5558,21.90272727272727,16.8461,16.96424004376894
"DURACLOUD-715","Code Task","2012-05-24T12:51:11.000-0500",17,38.485,14.0,50.0,12.86,27.427500000000002,31.2925,12.486832980505138
"DURACLOUD-688","Improvement","2012-04-30T23:10:32.000-0500",32,36.88,17.8,60.125,16.065,20.033437499999998,15.1053,13.954451150103322
"DURACLOUD-685","Improvement","2012-04-30T22:27:53.000-0500",48,51.5643,18.0431,49.029411764705884,12.4021,14.777647058823526,12.358,15.24744871391589
"DURACLOUD-678","Improvement","2012-04-20T16:09:43.000-0500",61,46.2967,17.9231,50.96153846153846,14.8758,16.413538461538458,10.2803,13.954451150103322
"DURACLOUD-674","New Feature","2012-04-20T02:07:43.000-0500",32,17.015,12.7556,40.22222222222222,15.3578,22.240833333333335,25.8903,11.660254037844387
"DURACLOUD-667","Improvement","2012-04-19T01:22:53.000-0500",13,63.4862,8.2769,36.07692307692308,7.6338,10.793846153846154,14.0608,8.477225575051662
"DURACLOUD-634","Bug","2012-03-23T20:49:32.000-0500",110,69.0059,15.6304,44.861157024793386,9.6463,13.480413223140495,11.4855,13.392304845413264
"DURACLOUD-629","Code Task","2012-03-01T02:06:32.000-0600",25,52.868,13.2,53.0,12.096,13.678000000000004,11.272,10.745966692414834
"DURACLOUD-628","Improvement","2012-02-28T17:16:50.000-0600",47,64.2199,13.8803,51.027210884353735,8.3596,9.51768707482993,10.8516,12.486832980505138
"DURACLOUD-626","Improvement","2012-02-16T17:43:47.000-0600",103,44.0071,20.4762,59.76190476190476,15.8162,18.319142857142857,11.1661,16.038404810405297
"DURACLOUD-622","Improvement","2012-02-11T00:25:41.000-0600",67,17.5774,14.4762,51.904761904761905,16.6043,19.43866666666667,19.4323,12.486832980505138
"DURACLOUD-621","New Feature","2012-02-09T15:12:46.000-0600",154,47.3708,20.7955,60.26910828025478,16.4029,19.225,9.7343,15.24744871391589
"DURACLOUD-620","Improvement","2012-02-09T00:08:14.000-0600",66,50.7077,15.5373,46.196078431372555,11.8176,12.206568627450984,10.7674,13.488088481701515
"DURACLOUD-619","Bug","2012-02-07T21:18:37.000-0600",76,68.095,13.5,37.5,8.73,8.764125,7.9534,12.082951062292475
"DURACLOUD-617","Improvement","2012-02-03T15:30:39.000-0600",69,12.9367,16.8566,58.57990867579909,17.5,20.158036529680366,19.7595,14.40175425099138
"DURACLOUD-594","Improvement","2012-01-13T21:14:27.000-0600",85,65.1682,11.9765,40.529411764705884,8.3929,11.839058823529413,13.4098,11.12403840463596
"DURACLOUD-593","Improvement","2012-01-13T21:05:17.000-0600",23,36.3596,14.4174,49.086956521739125,13.9017,13.82478260869565,12.6017,12.486832980505138
"DURACLOUD-590","Task","2012-01-13T20:15:35.000-0600",43,86.33,8.6667,32.77777777777778,4.9444,5.956666666666667,7.0689,8.477225575051662
"DURACLOUD-588","Task","2012-01-12T20:20:21.000-0600",47,56.9825,17.0596,49.03191489361702,11.1495,14.170638297872337,12.7494,14.61895003862225
"DURACLOUD-585","Improvement","2012-01-11T19:13:57.000-0600",20,-37.655,20.0,65.0,23.48,29.546999999999997,33.943,16.41640786499874
"DURACLOUD-569","Improvement","2011-12-14T16:20:25.000-0600",35,9.4447,14.9684,47.94736842105263,16.6621,20.420263157894738,23.0761,13.246950765959598
"DURACLOUD-566","Improvement","2011-12-13T20:26:00.000-0600",89,46.4964,17.2599,55.50936329588015,14.144,16.265355805243445,11.7784,13.954451150103322
"DURACLOUD-561","Improvement","2011-12-05T09:27:47.000-0600",26,4.7373,22.7077,72.15384615384616,19.0577,22.184999999999995,21.3312,18.491933384829668
"DURACLOUD-558","Improvement","2011-11-27T05:11:33.000-0600",77,35.2249,23.2293,65.39024390243902,18.5317,22.160487804878052,12.3437,17.491376746189438
"DURACLOUD-557","New Feature","2011-11-22T02:25:59.000-0600",36,48.0439,17.3053,59.05263157894737,15.9984,18.393157894736845,9.4505,10.745966692414834
"DURACLOUD-554","New Feature","2011-11-08T19:22:01.000-0600",99,27.1055,17.7381,60.535714285714285,15.9999,19.955,18.3971,14.937336386313323
"DURACLOUD-553","New Feature","2011-11-08T19:13:25.000-0600",31,-0.9873,22.897,72.39393939393939,21.5952,24.471818181818186,20.0588,18.491933384829668
"DURACLOUD-550","New Feature","2011-11-08T14:26:04.000-0600",23,-21.975,19.6,57.333333333333336,22.2867,27.464999999999996,29.0883,16.41640786499874
"DURACLOUD-549","New Feature","2011-11-08T14:23:41.000-0600",44,41.4224,24.498,69.40816326530611,19.6547,26.04326530612245,12.3165,16.41640786499874
"DURACLOUD-547","Bug","2011-10-31T16:23:32.000-0500",62,26.0614,28.3746,75.6984126984127,25.2752,29.807142857142857,8.4057,15.24744871391589
"DURACLOUD-542","New Feature","2011-10-17T18:57:28.000-0500",24,34.425,14.6,57.333333333333336,14.42,14.512499999999996,12.8908,12.486832980505138
"DURACLOUD-541","Task","2011-10-17T13:20:41.000-0500",35,45.6186,17.4286,66.42857142857143,15.5914,18.678000000000004,11.6149,12.486832980505138
"DURACLOUD-533","New Feature","2011-10-11T19:05:21.000-0500",24,6.225,19.6,69.83333333333334,18.3533,19.418749999999996,19.0262,16.41640786499874
"DURACLOUD-527","New Feature","2011-10-11T00:36:54.000-0500",54,52.4868,17.4246,57.59649122807018,10.6586,12.19842105263158,12.7944,14.832159566199232
"DURACLOUD-526","New Feature","2011-10-11T00:23:07.000-0500",43,24.29,15.7778,50.55555555555556,13.5978,14.434666666666665,17.6709,13.488088481701515
"DURACLOUD-525","New Feature","2011-10-10T17:02:22.000-0500",39,53.29,12.0,52.5,10.795,10.942500000000003,10.6775,10.745966692414834
"DURACLOUD-523","New Feature","2011-10-10T11:58:47.000-0500",16,26.6825,16.4,66.0,13.5125,16.0075,19.1375,13.954451150103322
"DURACLOUD-520","Improvement","2011-09-29T14:32:14.000-0500",94,17.3821,18.3598,59.30154639175258,16.8593,20.99438144329897,20.8532,15.549900398011133
"DURACLOUD-516","Bug","2011-09-27T01:20:32.000-0500",29,36.1894,17.5613,50.35483870967742,15.9129,19.59516129032258,15.1523,13.954451150103322
"DURACLOUD-513","Improvement","2011-09-22T15:24:20.000-0500",54,53.0257,16.2,51.214285714285715,12.8193,15.278928571428573,11.5268,13.246950765959598
"DURACLOUD-512","Improvement","2011-09-22T15:17:38.000-0500",57,-3.815,23.3333,68.33333333333334,18.76,19.342,21.1813,18.1657508881031
"DURACLOUD-511","Bug","2011-09-21T13:44:01.000-0500",81,43.938,14.8358,48.0650406504065,13.9212,16.590813008130084,13.558,11.94427190999916
"DURACLOUD-509","Improvement","2011-09-15T01:07:50.000-0500",67,38.9577,16.6945,50.691542288557216,13.3737,13.84905472636816,13.01,14.40175425099138
"DURACLOUD-508","Improvement","2011-09-14T13:46:20.000-0500",52,17.3608,29.5019,85.0754716981132,24.0045,29.419811320754718,14.0842,21.16590212458495
"DURACLOUD-506","New Feature","2011-09-13T19:11:55.000-0500",60,48.2841,18.1016,53.450819672131146,14.1017,16.057377049180324,11.0249,14.61895003862225
"DURACLOUD-505","Bug","2011-09-13T18:30:39.000-0500",24,52.05,16.2667,65.66666666666666,11.9617,15.493749999999999,14.1179,13.954451150103322
"DURACLOUD-503","New Feature","2011-09-12T15:09:49.000-0500",19,72.325,12.0,45.0,8.14,8.823,8.027,10.745966692414834
"DURACLOUD-501","Improvement","2011-09-09T20:11:20.000-0500",97,67.3894,11.6444,40.0019801980198,8.8781,11.753663366336632,11.5817,10.348469228349535
"DURACLOUD-498","Bug","2011-09-09T13:00:40.000-0500",84,62.2346,16.0563,50.485632183908045,9.9822,10.667068965517238,9.3595,13.954451150103322
"DURACLOUD-497","Task","2011-09-06T14:49:19.000-0500",52,37.4098,19.0,54.77272727272727,14.8732,16.983272727272727,13.9513,15.84523257866513
"DURACLOUD-493","Bug","2011-09-01T16:49:37.000-0500",72,12.27,35.3333,100.33333333333333,30.18,38.3012,11.6008,20.320508075688775
"DURACLOUD-492","New Feature","2011-08-30T12:44:46.000-0500",24,24.9475,17.8,48.5,12.885,14.587200000000003,19.0248,13.954451150103322
"DURACLOUD-487","New Feature","2011-08-19T16:24:19.000-0500",54,71.2498,14.6364,42.04545454545455,10.1532,11.074363636363636,6.562,11.660254037844387
"DURACLOUD-486","Bug","2011-08-19T13:44:57.000-0500",160,69.7867,12.1818,40.15151515151515,8.08,9.48830303030303,9.7647,11.16496580927726
"DURACLOUD-485","New Feature","2011-08-13T21:38:54.000-0500",46,19.6325,14.7333,53.5,14.4958,19.441875000000003,23.4323,13.0
"DURACLOUD-484","New Feature","2011-08-13T21:33:56.000-0500",17,25.3565,16.2118,64.05882352941177,13.9459,14.498823529411759,16.7359,13.954451150103322
"DURACLOUD-481","New Feature","2011-08-05T19:58:54.000-0500",37,55.8267,11.3333,50.833333333333336,8.785,9.022166666666667,11.6945,10.745966692414834
"DURACLOUD-475","Improvement","2011-08-05T12:09:02.000-0500",29,43.2069,19.8759,70.37931034482759,14.4372,18.56896551724138,15.0528,16.41640786499874
"DURACLOUD-469","Improvement","2011-07-28T16:07:02.000-0500",44,65.5575,14.3333,53.611111111111114,9.705,13.265333333333338,12.1858,12.486832980505138
"DURACLOUD-468","Bug","2011-07-28T16:02:49.000-0500",34,28.0074,20.6588,66.35294117647058,17.7994,18.427352941176473,11.9015,16.41640786499874
"DURACLOUD-467","Bug","2011-07-28T15:45:32.000-0500",78,70.8763,12.0523,42.78902953586498,9.9154,12.901856540084388,9.5285,8.477225575051662
"DURACLOUD-465","Bug","2011-07-25T13:54:19.000-0500",56,58.4237,12.5123,50.578947368421055,9.8305,11.124210526315785,11.4511,11.366600265340756
"DURACLOUD-462","Bug","2011-07-22T16:30:34.000-0500",83,41.0364,15.047,43.64156626506024,12.6905,14.367650602409633,14.546,13.246950765959598
"DURACLOUD-458","Improvement","2011-07-18T13:55:05.000-0500",100,75.5648,13.7951,41.28398058252427,9.1166,10.376456310679611,6.7093,11.215838362577491
"DURACLOUD-457","Improvement","2011-07-12T12:23:05.000-0500",84,40.8415,16.5161,56.23275862068966,12.9661,13.103275862068962,12.4061,14.291589790636214
"DURACLOUD-456","Bug","2011-07-08T22:51:00.000-0500",31,40.0309,18.0485,57.24242424242424,15.8739,17.763636363636365,11.67,13.954451150103322
"DURACLOUD-452","Bug","2011-07-08T22:39:35.000-0500",26,47.0373,18.0923,56.769230769230774,13.1577,14.75769230769231,12.0431,15.24744871391589
"DURACLOUD-451","Bug","2011-07-08T22:38:11.000-0500",32,44.8113,19.05,66.375,14.9588,17.3840625,11.7922,15.24744871391589
"DURACLOUD-450","Improvement","2011-07-08T20:34:19.000-0500",32,62.68,13.8588,58.1764705882353,8.74,9.23470588235294,10.1529,12.486832980505138
"DURACLOUD-447","Improvement","2011-07-06T14:56:52.000-0500",64,50.0988,17.8,55.4375,14.2213,16.42734375,10.5958,13.954451150103322
"DURACLOUD-446","Bug","2011-07-05T14:56:57.000-0500",35,21.715,16.0889,68.0,14.7022,15.960833333333333,18.0369,13.954451150103322
"DURACLOUD-445","Improvement","2011-07-01T16:49:27.000-0500",72,-5.5614,24.1012,71.3641975308642,24.0964,30.91777777777778,23.5985,18.491933384829668
"DURACLOUD-443","Improvement","2011-06-29T14:52:37.000-0500",36,-27.08,17.0,52.5,22.005,28.840500000000006,33.0595,14.61895003862225
"DURACLOUD-442","Code Task","2011-06-28T18:48:02.000-0500",52,68.5419,14.6095,45.45238095238095,8.3364,10.864583333333336,11.3066,13.0
"DURACLOUD-441","Improvement","2011-06-18T04:36:41.000-0500",22,-67.8,22.9333,65.66666666666666,28.6783,31.19375,33.7512,18.491933384829668
"DURACLOUD-440","Bug","2011-06-16T19:40:23.000-0500",99,58.6956,17.5216,59.49019607843137,13.519,17.50382352941177,10.7466,13.0
"DURACLOUD-439","Bug","2011-06-15T18:13:38.000-0500",23,47.3943,12.6783,49.086956521739125,12.3626,12.391304347826086,10.8091,10.745966692414834
"DURACLOUD-438","Improvement","2011-06-15T15:24:31.000-0500",42,44.1459,18.8,58.36363636363637,12.5673,14.19045454545455,13.625,15.84523257866513
"DURACLOUD-436","Improvement","2011-06-14T22:22:15.000-0500",59,57.5938,21.1699,57.763440860215056,10.3603,12.605268817204305,12.3884,17.14213562373095
"DURACLOUD-429","New Feature","2011-05-29T13:08:04.000-0500",31,47.8325,12.65,50.375,10.5625,10.5615625,12.3272,11.660254037844387
"DURACLOUD-425","Improvement","2011-05-26T20:41:18.000-0500",54,58.2817,17.9083,61.95833333333333,10.43,13.669791666666669,13.3481,15.24744871391589
"DURACLOUD-424","Improvement","2011-05-26T20:40:17.000-0500",53,52.1358,17.9441,67.44086021505376,11.1216,14.504462365591401,14.7634,15.24744871391589
"DURACLOUD-409","Bug","2011-05-09T20:56:25.000-0500",77,56.7701,13.0383,41.23765432098766,10.3717,10.965740740740735,10.5688,11.660254037844387
"DURACLOUD-407","New Feature","2011-05-06T18:58:35.000-0500",34,8.1015,27.7176,81.05882352941177,20.5759,24.661176470588238,19.6971,21.973665961010276
"DURACLOUD-406","Improvement","2011-05-06T18:56:01.000-0500",26,48.4936,18.3429,60.142857142857146,13.4514,17.465714285714284,14.2614,15.24744871391589
"DURACLOUD-404","Improvement","2011-05-05T15:08:51.000-0500",43,7.6141,20.6182,58.36363636363637,17.6627,17.72295454545455,18.0425,16.96424004376894
"DURACLOUD-403","Improvement","2011-05-05T13:17:37.000-0500",239,59.0794,14.1039,52.54358398802843,10.5069,13.494960718294053,12.704,12.341987329938275
"DURACLOUD-394","Bug","2011-04-20T13:31:18.000-0500",64,73.2028,10.1923,37.78846153846154,7.086,8.360999999999997,9.4478,9.70820393249937
"DURACLOUD-389","Improvement","2011-03-30T17:13:03.000-0500",34,30.2899,16.0486,53.63513513513514,13.6304,16.97108108108108,19.0327,13.954451150103322
"DURACLOUD-387","Bug","2011-03-25T18:55:16.000-0500",239,30.7877,25.6621,73.807722007722,21.8336,27.528996138996142,12.4568,16.856406460551018
"DURACLOUD-385","Task","2011-03-24T16:24:15.000-0500",50,43.9631,12.1231,45.69230769230769,10.3569,9.344615384615388,12.2485,11.215838362577491
"DURACLOUD-382","Code Task","2011-03-20T02:01:59.000-0500",16,47.8325,8.9,47.25,10.5625,14.535625000000003,17.2969,8.477225575051662
"DURACLOUD-377","Improvement","2011-03-09T16:14:31.000-0600",27,6.1936,18.3429,56.57142857142857,19.3514,22.34392857142857,20.3618,15.24744871391589
"DURACLOUD-376","Bug","2011-03-08T21:52:27.000-0600",83,70.71,13.4763,43.329317269076306,10.2699,12.775502008032127,8.5917,10.071067811865476
"DURACLOUD-374","New Feature","2011-03-08T20:39:41.000-0600",45,29.53,26.4596,89.5531914893617,20.8166,27.323617021276597,15.1421,19.431676725154983
"DURACLOUD-371","Improvement","2011-03-08T13:20:00.000-0600",34,7.4251,18.2108,56.33783783783784,16.8196,20.662702702702703,23.6492,15.24744871391589
"DURACLOUD-370","New Feature","2011-03-07T17:32:35.000-0600",26,17.6658,15.7704,57.94444444444444,14.1491,12.184444444444445,15.5726,13.246950765959598
"DURACLOUD-357","New Feature","2011-02-17T19:29:57.000-0600",38,41.365,20.4632,53.78947368421053,16.93,18.021315789473682,8.9855,15.24744871391589
"DURACLOUD-355","New Feature","2011-02-17T19:27:38.000-0600",25,49.484,13.2,49.0,12.568,14.619999999999997,12.45,10.745966692414834
"DURACLOUD-354","Bug","2011-02-17T15:07:29.000-0600",50,42.1565,14.2462,58.69230769230769,13.8385,16.025769230769235,13.6288,11.660254037844387
"DURACLOUD-353","Bug","2011-02-12T18:32:47.000-0600",102,53.5392,14.9585,50.24036697247706,11.2074,13.020000000000003,12.2739,13.099504938362077
"DURACLOUD-352","Improvement","2011-02-09T22:30:47.000-0600",35,6.9443,22.0,75.0,20.9857,21.907714285714285,15.6537,17.491376746189438
"DURACLOUD-348","Improvement","2011-02-07T16:36:34.000-0600",89,56.6295,17.1227,55.177835051546396,11.385,14.39067010309278,12.5951,14.61895003862225
"DURACLOUD-339","Bug","2011-01-25T22:00:34.000-0600",119,66.8283,15.38,47.25,11.7015,14.05236,8.0722,11.215838362577491
"DURACLOUD-315","New Feature","2010-12-14T22:27:57.000-0600",186,51.3242,19.4148,61.73502538071066,15.8887,19.596497461928934,10.108,13.392304845413264
"DURACLOUD-313","Improvement","2010-12-11T04:15:51.000-0600",17,0.4741,23.2706,58.1764705882353,17.4165,15.607058823529407,18.1218,17.491376746189438
"DURACLOUD-310","New Feature","2010-12-01T20:35:29.000-0600",78,54.9833,14.6667,55.41666666666667,12.215,14.511333333333333,11.347,11.94427190999916
"DURACLOUD-303","Improvement","2010-11-19T23:06:39.000-0600",126,74.2541,11.1792,41.58441558441558,7.587,9.7287987012987,9.7834,10.171371656006361
"DURACLOUD-302","Improvement","2010-11-19T22:37:00.000-0600",46,34.93,23.9064,76.7872340425532,20.0634,24.41744680851064,11.5079,16.41640786499874
"DURACLOUD-294","Task","2010-11-18T13:01:31.000-0600",4,119.19,1.2,36.333333333333336,-2.62,5.189999999999998,5.6133,3.0
"DURACLOUD-293","Improvement","2010-11-12T21:36:49.000-0600",39,40.6,13.0,55.0,12.565,14.121749999999999,14.6532,11.660254037844387
"DURACLOUD-289","New Feature","2010-11-11T15:51:37.000-0600",215,48.0154,18.9855,58.768115942028984,16.0852,19.505057971014494,10.6394,13.246950765959598
"DURACLOUD-286","Improvement","2010-11-09T17:53:16.000-0600",72,38.8313,21.1753,61.15753424657534,16.9108,20.24095890410959,12.6667,16.41640786499874
"DURACLOUD-276","Improvement","2010-10-25T15:17:19.000-0500",69,41.9318,37.7647,97.94117647058823,28.5271,38.192235294117644,5.2589,18.491933384829668
"DURACLOUD-274","Bug","2010-10-22T15:39:55.000-0500",63,41.9196,19.5841,64.83333333333334,15.2379,18.468095238095238,13.4456,15.84523257866513
"DURACLOUD-266","Improvement","2010-10-12T19:01:36.000-0500",60,61.045,14.0,45.0,9.7133,10.942500000000003,10.6775,12.486832980505138
"DURACLOUD-231","New Feature","2010-08-31T16:54:51.000-0500",112,70.522,12.5609,43.47126436781609,8.2259,9.309856321839085,9.0009,11.366600265340756
"DURACLOUD-229","Bug","2010-08-30T19:53:07.000-0500",135,59.412,16.9538,53.02269503546099,11.9782,14.984042553191493,11.0406,13.954451150103322
"DURACLOUD-223","New Feature","2010-08-17T15:59:56.000-0500",145,-11.2596,39.4889,111.140522875817,33.8345,42.77117647058824,16.2606,25.58317958127243
"DURACLOUD-178","Code Task","2010-07-12T19:43:30.000-0500",27,23.425,14.1714,42.57142857142857,13.47,16.01678571428571,20.1318,12.486832980505138
"DURACLOUD-175","Code Task","2010-07-02T14:23:45.000-0500",49,68.2017,12.8642,45.367924528301884,10.3299,13.948113207547173,10.7398,9.70820393249937
"DURACLOUD-163","Improvement","2010-06-22T08:15:08.000-0500",42,-11.4578,22.2435,55.608695652173914,20.5713,22.937608695652173,23.9976,18.0
"DURACLOUD-131","Bug","2010-04-21T11:27:13.000-0500",85,52.6696,19.3333,56.56862745098039,12.9518,15.787960784313725,11.9675,16.038404810405297
"DURACLOUD-115","Improvement","2010-03-26T14:55:55.000-0500",60,33.975,20.0,68.33333333333334,15.9733,19.003999999999998,15.006,16.41640786499874
"DURACLOUD-107","Improvement","2010-03-09T08:58:45.000-0600",5,33.575,11.6,29.0,9.57,4.120000000000001,6.15,8.477225575051662
"DURACLOUD-106","Improvement","2010-03-09T08:58:00.000-0600",6,45.645,15.7333,72.66666666666667,8.3833,12.184999999999995,17.485,10.745966692414834
"DURACLOUD-96","Bug","2010-02-19T14:25:12.000-0600",64,58.5941,15.4359,44.743589743589745,10.4692,9.40271794871795,7.8252,13.488088481701515
"DURACLOUD-93","Improvement","2010-02-19T09:05:13.000-0600",55,44.3705,16.7524,47.23809523809524,11.7079,16.163333333333334,17.9329,14.40175425099138
"DURACLOUD-82","New Feature","2010-02-11T09:46:01.000-0600",6,-1.28,18.0,85.0,14.68,17.808,24.142,10.745966692414834
"DURACLOUD-68","New Feature","2010-02-01T11:06:50.000-0600",32,55.3863,20.3,63.25,13.4838,17.6784375,12.1603,16.41640786499874
"DURACLOUD-65","Code Task","2010-01-27T15:56:03.000-0600",8,-29.8986,25.6571,64.14285714285714,19.1686,17.731428571428573,24.51,13.954451150103322
"DURACLOUD-62","Improvement","2010-01-27T08:53:22.000-0600",24,23.85,22.9333,65.66666666666666,15.895,17.848750000000003,17.0629,18.491933384829668
"DURACLOUD-61","New Feature","2010-01-26T14:56:53.000-0600",81,68.5569,11.6735,38.82228915662651,8.8519,10.39536144578313,9.5786,10.245688373094719
"DURACLOUD-1046","Bug","2016-07-19T12:11:42.000-0500",68,50.2088,16.1905,47.61904761904762,12.0529,13.382952380952382,11.8594,13.954451150103322
"DURACLOUD-846","Improvement","2013-10-16T19:17:56.000-0500",61,63.2773,10.7444,37.97222222222222,8.3462,11.041666666666664,13.0541,10.245688373094719
"DURACLOUD-841","New Feature","2013-08-06T18:47:46.000-0500",249,54.4059,18.8067,52.50700280112045,14.7207,18.173226890756304,10.124,13.757057484009543
"DURACLOUD-826","Improvement","2013-05-30T16:37:05.000-0500",42,68.9334,12.3209,44.75581395348837,8.9857,11.446046511627905,10.474,10.745966692414834
"DURACLOUD-823","Improvement","2013-05-28T14:47:55.000-0500",77,39.2094,19.5558,59.27922077922078,17.3549,19.71844155844156,10.8055,13.954451150103322
"DURACLOUD-803","Bug","2013-03-27T21:38:46.000-0500",122,48.4918,15.1994,50.59685039370079,12.8058,16.63724409448819,14.7414,12.797958971132712
"DURACLOUD-800","Improvement","2013-02-28T23:08:42.000-0600",69,59.6552,16.7362,44.73913043478261,10.6525,13.82478260869565,12.6017,14.40175425099138
"DURACLOUD-794","Bug","2013-02-28T19:28:42.000-0600",27,63.4967,13.763,41.81481481481482,11.1104,12.654444444444444,8.8304,10.745966692414834
"DURACLOUD-788","Bug","2013-02-25T22:23:54.000-0600",52,55.834,12.3179,40.41025641025641,9.7777,10.696089743589745,11.806,11.366600265340756
"DURACLOUD-781","Bug","2013-02-21T15:09:04.000-0600",40,66.3495,13.078,40.01219512195122,9.0977,9.26829268292683,8.3078,11.660254037844387
"DURACLOUD-776","New Feature","2013-01-30T18:22:22.000-0600",61,43.0119,16.9161,53.58064516129032,14.9613,17.77193548387097,12.8723,13.246950765959598
"DURACLOUD-774","New Feature","2013-01-30T15:59:41.000-0600",74,36.7965,20.8667,60.16666666666667,17.443,19.8652,11.5935,15.84523257866513
"DURACLOUD-756","Bug","2012-09-21T21:26:53.000-0500",89,52.1232,15.1921,51.46348314606742,11.5167,13.40376404494382,12.5002,13.246950765959598
"DURACLOUD-747","Bug","2012-08-16T13:40:58.000-0500",48,32.6625,17.1,55.25,14.6658,16.965625000000003,15.9585,14.61895003862225
"DURACLOUD-742","Bug","2012-08-08T22:10:04.000-0500",84,92.8958,8.704,34.946886446886445,4.0701,5.821465201465202,6.8176,8.477225575051662
"DURACLOUD-741","Bug","2012-08-08T21:57:46.000-0500",44,55.1719,18.8615,62.53846153846154,12.0231,16.840961538461535,14.6483,15.84523257866513
"DURACLOUD-736","Bug","2012-07-25T00:26:27.000-0500",50,79.0158,10.2424,43.78787878787878,6.7927,8.11812121212121,8.0513,9.32455532033676
"DURACLOUD-735","New Feature","2012-07-11T14:55:52.000-0500",90,75.8719,11.6756,35.78241758241758,7.1981,8.476813186813189,8.5712,10.745966692414834
"DURACLOUD-725","Bug","2012-06-14T15:03:56.000-0500",116,44.27,22.0,61.66666666666667,17.0217,23.2975,14.3725,16.41640786499874
"DURACLOUD-724","Bug","2012-06-12T19:03:24.000-0500",56,30.0793,16.4276,60.03448275862069,16.2683,17.919310344827586,14.2403,13.246950765959598
"DURACLOUD-721","Improvement","2012-06-11T19:31:27.000-0500",66,73.415,11.0889,38.83333333333333,7.4911,9.615416666666665,10.1018,10.245688373094719
"DURACLOUD-720","Improvement","2012-06-11T14:57:54.000-0500",38,84.673,14.1814,40.1046511627907,6.7903,8.26953488372093,6.5016,12.486832980505138
"DURACLOUD-717","Bug","2012-06-03T21:11:54.000-0500",49,10.23,18.9481,58.48148148148148,18.54,24.516666666666666,23.6644,15.84523257866513
"DURACLOUD-710","Bug","2012-05-17T13:00:18.000-0500",65,97.2339,7.2047,22.423529411764704,3.0758,5.8030882352941155,7.5463,7.242640687119285
"DURACLOUD-706","Improvement","2012-05-16T14:58:32.000-0500",87,64.3345,11.5273,42.45454545454545,9.7514,11.139659090909085,9.8099,9.70820393249937
"DURACLOUD-704","Bug","2012-05-15T15:03:03.000-0500",56,50.0043,14.7714,47.64285714285714,13.2407,13.765,9.6336,11.660254037844387
"DURACLOUD-703","Bug","2012-05-14T18:41:50.000-0500",69,58.14,9.9778,30.5,9.6217,10.138750000000002,10.7562,9.123724356957945
"DURACLOUD-702","Bug","2012-05-14T18:38:29.000-0500",144,60.1654,17.2022,48.44761904761904,12.1712,14.384897959183675,9.5844,13.954451150103322
"DURACLOUD-669","Improvement","2012-04-19T17:17:56.000-0500",36,52.795,18.8444,52.66666666666667,14.8389,17.241666666666667,9.2172,13.954451150103322
"DURACLOUD-668","Bug","2012-04-19T01:46:53.000-0500",23,17.9683,14.4174,49.086956521739125,16.467,17.30608695652174,16.9552,12.486832980505138
"DURACLOUD-658","Bug","2012-04-17T16:45:07.000-0500",64,82.0218,12.359,43.205128205128204,7.2015,9.547641025641028,8.0065,10.745966692414834
"DURACLOUD-656","Bug","2012-04-17T14:35:38.000-0500",42,94.0103,7.2087,28.891304347826086,3.0037,4.081521739130437,6.3037,7.743416490252569
"DURACLOUD-655","Bug","2012-04-17T14:32:00.000-0500",47,85.8595,8.2,28.5,4.389,5.167200000000001,7.2448,8.477225575051662
"DURACLOUD-653","Bug","2012-04-17T14:26:27.000-0500",43,35.57,14.8889,50.55555555555556,12.0244,11.189999999999998,13.6133,13.0
"DURACLOUD-650","Bug","2012-04-17T14:16:10.000-0500",44,104.6232,4.6268,21.770975056689345,0.019,-0.6367573696145143,1.2882,6.16227766016838
"DURACLOUD-637","New Feature","2012-04-05T17:29:10.000-0500",19,67.3289,11.8105,45.315789473684205,8.5884,9.884736842105266,9.9011,10.745966692414834
"DURACLOUD-636","New Feature","2012-03-26T16:25:36.000-0500",24,29.18,22.8,57.0,15.4,17.069200000000002,15.5128,18.491933384829668
"DURACLOUD-618","Bug","2012-02-07T20:06:38.000-0600",46,76.3219,14.2462,43.30769230769231,9.0731,12.221538461538465,8.8715,11.660254037844387
"DURACLOUD-616","Improvement","2012-02-01T19:32:12.000-0600",66,47.8265,19.3701,57.38059701492537,14.9108,16.198656716417908,9.4139,15.24744871391589
"DURACLOUD-611","Bug","2012-01-29T01:45:50.000-0600",74,71.1331,10.4316,48.86392405063291,8.2441,10.62373417721519,10.4162,9.123724356957945
"DURACLOUD-608","Bug","2012-01-25T19:45:52.000-0600",104,82.905,10.7192,34.76253687315634,6.3745,8.327197640117994,8.0435,9.70820393249937
"DURACLOUD-604","Improvement","2012-01-19T22:49:23.000-0600",58,49.2191,15.3243,50.175141242937855,11.28,13.070960451977406,13.5222,13.488088481701515
"DURACLOUD-603","Improvement","2012-01-19T22:34:32.000-0600",33,77.2875,7.8121,37.71212121212121,6.5783,9.79909090909091,11.1179,6.872983346207417
"DURACLOUD-602","Bug","2012-01-19T20:04:45.000-0600",88,63.6896,11.7284,33.444771723122244,7.8184,7.009189985272457,8.9347,11.017837257372731
"DURACLOUD-600","Task","2012-01-17T19:36:37.000-0600",58,58.6032,16.0022,49.84153005464481,10.1367,11.900601092896174,11.6918,13.954451150103322
"DURACLOUD-592","Improvement","2012-01-13T21:02:52.000-0600",94,44.0071,19.7143,63.57142857142857,15.8162,19.978857142857144,13.2416,15.24744871391589
"DURACLOUD-591","Improvement","2012-01-13T21:00:43.000-0600",105,-15.6164,47.6571,131.64285714285714,43.2614,55.59678571428572,10.2268,18.491933384829668
"DURACLOUD-589","Task","2012-01-13T19:53:57.000-0600",42,31.3714,22.7814,68.5813953488372,19.566,23.072325581395347,12.2674,16.41640786499874
"DURACLOUD-587","Bug","2012-01-11T19:28:35.000-0600",43,84.7333,11.373,30.56028368794326,5.3328,4.842482269503545,5.3438,10.745966692414834
"DURACLOUD-586","Bug","2012-01-11T19:23:29.000-0600",55,66.2129,15.4083,43.20833333333333,9.3238,10.431666666666665,9.2987,13.488088481701515
"DURACLOUD-579","Bug","2012-01-03T21:36:07.000-0600",61,87.6554,7.4561,29.088059701492536,2.6976,2.7283582089552283,5.7439,7.898979485566356
"DURACLOUD-575","Bug","2011-12-22T20:54:49.000-0600",58,19.6064,29.4069,89.0344827586207,24.9334,30.795172413793104,12.7266,19.431676725154983
"DURACLOUD-573","Task","2011-12-21T16:37:56.000-0600",25,98.9607,7.0286,21.142857142857142,2.9343,7.2696428571428555,9.1932,6.872983346207417
"DURACLOUD-567","Improvement","2011-12-13T22:17:24.000-0600",14,65.725,11.3143,42.57142857142857,7.57,7.1014285714285705,8.9829,10.745966692414834
"DURACLOUD-565","Improvement","2011-12-13T20:20:09.000-0600",52,82.0921,8.7879,40.15151515151515,6.3636,9.74521212121212,10.086,7.47213595499958
"DURACLOUD-548","New Feature","2011-11-08T14:19:27.000-0600",93,57.4949,17.6786,48.08009708737864,11.637,13.943252427184468,11.1697,14.937336386313323
"DURACLOUD-519","Bug","2011-09-29T02:32:17.000-0500",104,50.16,14.1143,49.57142857142857,11.48,12.799428571428571,12.4458,12.486832980505138
"DURACLOUD-518","Bug","2011-09-28T22:27:17.000-0500",43,65.7857,12.6783,55.608695652173914,9.7974,13.108043478260875,11.7054,10.745966692414834
"DURACLOUD-517","Bug","2011-09-28T22:24:11.000-0500",35,56.1974,13.9158,61.10526315789474,10.1411,13.47921052631579,14.3961,12.486832980505138
"DURACLOUD-515","Improvement","2011-09-22T18:23:03.000-0500",103,56.6192,21.0701,66.35042735042735,15.0508,19.124102564102564,9.7596,15.649110640673518
"DURACLOUD-504","Bug","2011-09-12T16:08:21.000-0500",50,20.0417,15.3949,53.871794871794876,14.77,13.866282051282056,15.7704,13.488088481701515
"DURACLOUD-500","Bug","2011-09-09T18:26:11.000-0500",121,-55.4,58.0,149.0,52.04,65.03448,13.9283,30.386127875258307
"DURACLOUD-499","Improvement","2011-09-09T17:25:51.000-0500",45,24.1975,14.3333,55.833333333333336,15.4739,17.766,17.814,12.486832980505138
"DURACLOUD-496","New Feature","2011-09-06T14:45:47.000-0500",41,39.1205,22.1455,71.27272727272728,18.7336,20.90863636363637,8.9523,15.24744871391589
"DURACLOUD-491","Improvement","2011-08-29T20:49:46.000-0500",39,50.1115,18.6769,59.51282051282051,15.9585,18.842307692307692,9.4072,12.486832980505138
"DURACLOUD-490","Task","2011-08-29T17:19:19.000-0500",26,63.7589,11.3172,42.08620689655172,7.9684,13.592758620689658,16.8617,10.745966692414834
"DURACLOUD-482","New Feature","2011-08-05T21:44:29.000-0500",23,46.605,14.8,53.666666666666664,9.74,9.493750000000002,12.8679,12.486832980505138
"DURACLOUD-454","Bug","2011-07-08T22:43:18.000-0500",34,42.9368,19.4824,57.529411764705884,15.7171,18.56588235294118,12.0747,15.24744871391589
"DURACLOUD-453","Bug","2011-07-08T22:41:30.000-0500",45,71.1975,12.5556,44.72222222222222,8.9183,10.23,8.39,10.745966692414834
"DURACLOUD-433","Improvement","2011-06-03T15:01:17.000-0500",88,46.9692,18.7884,64.36231884057972,14.3265,17.658115942028985,12.9278,15.24744871391589
"DURACLOUD-432","Bug","2011-06-02T19:06:24.000-0500",56,77.8107,9.8857,30.071428571428573,5.8843,6.765000000000001,8.5621,9.70820393249937
"DURACLOUD-430","New Feature","2011-05-31T20:39:49.000-0500",95,58.8309,18.0485,53.2020202020202,13.2517,16.7169696969697,10.3611,13.954451150103322
"DURACLOUD-420","Task","2011-05-19T17:22:18.000-0500",25,83.324,11.6,37.0,7.848,10.475200000000001,7.2668,8.477225575051662
"DURACLOUD-408","Task","2011-05-09T13:05:29.000-0500",51,16.7686,19.7714,54.785714285714285,17.8764,22.175714285714285,20.1514,16.41640786499874
"DURACLOUD-402","Improvement","2011-05-04T12:56:57.000-0500",71,37.95,16.8222,60.111111111111114,13.9283,15.624583333333334,14.2815,14.40175425099138
"DURACLOUD-401","Improvement","2011-05-02T13:18:42.000-0500",166,19.9077,30.2848,90.48484848484848,25.057,33.085776515151515,15.1801,20.320508075688775
"DURACLOUD-400","Bug","2011-05-02T12:55:16.000-0500",48,22.3658,11.3259,50.53703703703704,13.4935,19.16222222222222,24.2985,10.745966692414834
"DURACLOUD-397","Bug","2011-04-26T21:03:42.000-0500",55,34.6763,17.4246,48.82456140350877,13.1428,11.78526315789474,12.2777,14.832159566199232
"DURACLOUD-392","Task","2011-04-14T16:03:03.000-0500",30,28.0023,24.0129,72.93548387096774,17.0548,21.41838709677419,17.4323,19.431676725154983
"DURACLOUD-380","Bug","2011-03-17T14:26:34.000-0500",45,45.5552,15.287,59.95652173913044,12.6191,16.179782608695653,15.5467,13.246950765959598
"DURACLOUD-375","New Feature","2011-03-08T20:40:44.000-0600",64,82.4148,9.6303,42.25757575757576,5.8632,7.872272727272726,8.7083,9.123724356957945
"DURACLOUD-351","Improvement","2011-02-08T17:04:52.000-0600",36,1.2913,25.7263,80.10526315789474,22.5195,25.334210526315793,18.1305,20.320508075688775
"DURACLOUD-347","Improvement","2011-02-03T13:29:52.000-0600",52,48.4936,17.6286,60.142857142857146,13.4514,16.96107142857143,13.6304,14.61895003862225
"DURACLOUD-342","Improvement","2011-01-27T15:02:58.000-0600",99,37.73,24.6462,71.23076923076923,20.915,26.12730769230769,10.5812,15.24744871391589
"DURACLOUD-335","Bug","2011-01-25T03:08:01.000-0600",72,60.275,15.1556,47.611111111111114,10.8144,12.41916666666667,10.2731,13.0
"DURACLOUD-311","Bug","2010-12-03T13:20:07.000-0600",53,52.7916,13.9091,43.86363636363636,12.7277,13.215272727272726,9.2393,10.745966692414834
"DURACLOUD-304","Improvement","2010-11-19T23:20:09.000-0600",45,18.532,22.7478,78.6086956521739,22.1022,28.089347826086957,16.7111,15.24744871391589
"DURACLOUD-287","Bug","2010-11-09T21:25:12.000-0600",20,71.2918,9.9143,43.833333333333336,5.924,8.715714285714284,12.4757,9.70820393249937
"DURACLOUD-285","Bug","2010-11-09T13:59:22.000-0600",113,65.099,16.0217,53.96739130434783,11.3216,14.610999999999997,10.2505,12.874208829065749
"DURACLOUD-279","Bug","2010-10-27T22:28:16.000-0500",240,68.5506,14.1336,44.31354359925788,9.2311,11.814526901669758,10.5,12.341987329938275
"DURACLOUD-278","Bug","2010-10-25T15:56:00.000-0500",77,60.4027,11.6735,46.0512048192771,9.9892,11.416807228915665,10.8559,10.245688373094719
"DURACLOUD-277","Improvement","2010-10-25T15:28:23.000-0500",76,49.769,17.5018,49.01754385964912,12.6111,13.919035087719301,11.3808,14.832159566199232
"DURACLOUD-272","Bug","2010-10-20T20:28:33.000-0500",54,56.0471,16.2,45.85714285714286,12.3979,13.596785714285716,9.4232,13.246950765959598
"DURACLOUD-256","Bug","2010-09-21T13:51:40.000-0500",52,79.5713,8.507,42.32017543859649,5.7008,6.848684210526315,8.5481,8.477225575051662
"DURACLOUD-255","Bug","2010-09-20T21:58:04.000-0500",106,82.1579,13.8358,42.846330275229356,8.5696,10.689311926605505,6.2268,10.745966692414834
"DURACLOUD-230","Bug","2010-08-30T20:36:44.000-0500",113,26.5431,20.962,60.93217054263566,17.5689,25.729883720930232,22.0798,16.96424004376894
"DURACLOUD-224","Bug","2010-08-17T21:00:30.000-0500",73,65.276,13.7333,43.66666666666667,10.3653,12.359199999999994,9.6228,11.366600265340756
"DURACLOUD-220","New Feature","2010-08-17T13:49:27.000-0500",77,68.2704,12.2952,43.833333333333336,6.3455,8.323214285714286,11.9849,10.984359711335657
"DURACLOUD-207","Task","2010-08-03T02:22:53.000-0500",44,29.8375,18.7778,58.05555555555556,14.6872,16.40533333333334,16.1124,15.84523257866513
"DURACLOUD-198","Bug","2010-07-28T16:13:42.000-0500",67,62.1074,13.8377,44.73913043478261,10.3104,11.435652173913041,9.6141,11.94427190999916
"DURACLOUD-191","New Feature","2010-07-22T21:03:31.000-0500",119,40.4916,17.3893,59.175619834710744,15.1265,16.972520661157027,12.3175,13.954451150103322
"DURACLOUD-180","New Feature","2010-07-14T17:46:19.000-0500",64,64.6394,15.925,38.25,12.1931,13.189218750000002,6.5464,11.660254037844387
"DURACLOUD-179","Bug","2010-07-13T20:36:24.000-0500",54,32.8703,8.7879,38.33333333333333,13.2291,16.25357575757576,18.2249,7.47213595499958
"DURACLOUD-161","New Feature","2010-06-15T12:08:30.000-0500",54,66.365,10.163,45.77777777777778,8.4744,10.073333333333334,10.6744,9.32455532033676
"DURACLOUD-159","New Feature","2010-06-11T13:39:04.000-0500",69,53.8345,12.7619,53.33333333333333,11.5471,11.566238095238091,9.5876,10.745966692414834
"DURACLOUD-158","Bug","2010-06-09T17:23:14.000-0500",36,83.345,15.5111,47.111111111111114,10.5778,14.101666666666667,5.2906,8.477225575051662
"DURACLOUD-156","Improvement","2010-05-27T14:30:24.000-0500",18,56.7,12.4889,42.333333333333336,7.5867,8.975000000000001,13.2617,10.745966692414834
"DURACLOUD-153","New Feature","2010-05-18T09:29:56.000-0500",3,35.605,0.8,52.0,8.79,3.120000000000001,-1.35,3.0
"DURACLOUD-150","New Feature","2010-05-04T15:52:30.000-0500",21,32.4343,19.8286,59.095238095238095,13.9524,14.638571428571431,14.7457,16.41640786499874
"DURACLOUD-145","New Feature","2010-04-29T08:27:02.000-0500",19,-3.9132,20.2316,71.63157894736841,18.5253,20.29631578947368,22.9211,16.41640786499874
"DURACLOUD-140","Bug","2010-04-23T13:12:45.000-0500",112,73.9066,14.562,46.4890756302521,8.8634,11.09109243697479,8.7268,12.486832980505138
"DURACLOUD-130","Task","2010-04-21T01:26:40.000-0500",187,50.5451,15.1869,43.06938775510204,11.0785,11.271173469387755,11.308,13.392304845413264
"DURACLOUD-129","Improvement","2010-04-21T01:22:56.000-0500",8,78.8729,2.8,35.57142857142857,3.9971,7.6385714285714315,11.8886,3.0
"DURACLOUD-123","New Feature","2010-04-01T09:29:00.000-0500",10,37.9,12.4889,53.44444444444444,10.2089,9.236666666666665,13.5889,10.745966692414834
"DURACLOUD-122","New Feature","2010-04-01T09:24:09.000-0500",13,39.555,11.4667,70.33333333333334,10.7233,12.044999999999995,16.0583,10.745966692414834
"DURACLOUD-121","New Feature","2010-04-01T09:18:51.000-0500",12,95.6882,4.4,29.181818181818183,2.6455,5.90727272727273,8.7809,3.0
"DURACLOUD-102","Improvement","2010-03-03T14:49:59.000-0600",70,65.9202,14.4762,43.33333333333333,9.8614,11.364380952380955,9.3351,12.486832980505138
"DURACLOUD-101","New Feature","2010-02-26T07:07:32.000-0600",55,37.6447,12.5123,47.07017543859649,12.7288,14.098947368421051,15.1711,11.366600265340756
"DURACLOUD-97","Bug","2010-02-19T14:32:54.000-0600",80,47.4864,17.3905,49.42857142857143,13.5919,14.550000000000004,10.6152,14.40175425099138
"DURACLOUD-95","Bug","2010-02-19T14:16:43.000-0600",56,32.4549,18.4175,60.078947368421055,15.8127,18.43578947368421,15.1807,15.24744871391589
"DURACLOUD-94","Bug","2010-02-19T13:57:08.000-0600",60,57.2163,15.3464,51.48087431693989,10.3302,11.82338797814208,11.5952,13.488088481701515
"DURACLOUD-81","Improvement","2010-02-11T08:40:55.000-0600",39,41.704,13.9538,52.833333333333336,12.2868,13.07769230769231,13.6218,12.486832980505138
"DURACLOUD-72","Bug","2010-02-05T12:53:14.000-0600",12,80.3064,8.0364,38.27272727272727,4.7909,6.7636363636363654,9.8518,8.477225575051662
"DURACLOUD-71","Task","2010-02-03T12:13:52.000-0600",35,15.195,23.2889,80.44444444444444,20.0833,23.652499999999996,17.2342,18.491933384829668
"DURACLOUD-70","Bug","2010-02-01T16:21:56.000-0600",105,20.469,27.8696,83.58695652173913,24.6889,30.378521739130434,12.5137,17.491376746189438
"DURACLOUD-66","Improvement","2010-01-28T08:27:12.000-0600",72,51.4656,16.0051,51.55128205128205,10.9253,12.47384615384616,12.8667,13.954451150103322
"DURACLOUD-38","New Feature","2010-01-04T11:59:34.000-0600",7,6.3586,19.9429,49.857142857142854,14.1114,11.002857142857145,16.0957,12.486832980505138
