"collab_betweenness","collab_closeness","collab_clustering_coeff","collab_eigen_vector","collab_in_degree","collab_kcore","collab_out_degree","collab_total_degree","issue_key","reporter"
0.224156088715302,0.24067164179104478,0.0,0.3945685034511576,129.0,2.0,499.0,628.0,"MDL-55173","dobedobedoh"
0.17361554602682236,0.18851251840942562,0.0,0.32534188056812763,128.0,2.0,625.0,753.0,"MDL-55126","marina"
0.16995418074762092,0.1841726618705036,0.0,0.32168102271424515,128.0,2.0,641.0,769.0,"MDL-54988","marina"
0.20673076923076922,0.2203742203742204,0.0,0.37973146269166547,106.0,2.0,451.0,557.0,"MDL-54984","stronk7"
0.0,1.0,0.0,0.0,12.0,1.0,0.0,12.0,"MDL-54915","gormster"
0.14184397163120566,0.8333333333333334,0.0,0.0,40.0,1.0,8.0,48.0,"MDL-54847","brian.winstead"
0.36240116935751776,0.5114942528735632,0.0,0.4858144003740194,89.0,2.0,123.0,212.0,"MDL-53196","fred"
0.16178334668900707,0.16711590296495957,0.0,0.3496245601754956,62.0,2.0,359.0,421.0,"MDL-53195","jpataleta"
0.36240116935751776,0.5114942528735632,0.0,0.4858144003740194,89.0,2.0,123.0,212.0,"MDL-53194","fred"
0.36240116935751776,0.5114942528735632,0.0,0.4858144003740194,89.0,2.0,123.0,212.0,"MDL-53193","fred"
0.36240116935751776,0.5114942528735632,0.0,0.4858144003740194,89.0,2.0,123.0,212.0,"MDL-53192","fred"
0.36240116935751776,0.5114942528735632,0.0,0.4858144003740194,89.0,2.0,123.0,212.0,"MDL-53190","fred"
0.36240116935751776,0.5114942528735632,0.0,0.4858144003740194,89.0,2.0,123.0,212.0,"MDL-53189","fred"
0.36240116935751776,0.5114942528735632,0.0,0.4858144003740194,89.0,2.0,123.0,212.0,"MDL-53188","fred"
0.36240116935751776,0.5114942528735632,0.0,0.4858144003740194,89.0,2.0,123.0,212.0,"MDL-53187","fred"
0.36240116935751776,0.5114942528735632,0.0,0.4858144003740194,89.0,2.0,123.0,212.0,"MDL-53186","fred"
0.24586819907920826,0.27106227106227104,0.0,0.4047632878735056,148.0,2.0,495.0,643.0,"MDL-53185","damyon"
0.36240116935751776,0.5114942528735632,0.0,0.4858144003740194,89.0,2.0,123.0,212.0,"MDL-53182","fred"
0.3496376811594203,0.75,0.0,0.5590161875447168,18.0,2.0,11.0,29.0,"MDL-53163","taboubii"
0.35754189944134074,0.5027932960893855,0.0,0.4798895281180876,90.0,2.0,127.0,217.0,"MDL-53084","fred"
0.2554621848739496,0.8,0.0,0.5163976844840436,28.0,2.0,11.0,39.0,"MDL-53070","gaudreaj"
0.1936839717415257,0.20503597122302158,0.0,0.36945539627311635,114.0,2.0,525.0,639.0,"MDL-53019","stronk7"
0.25117762446790054,0.2773722627737226,0.0,0.40963742686831667,152.0,2.0,496.0,648.0,"MDL-52979","damyon"
0.3591247672253259,0.5,0.0,0.4818199729834311,90.0,2.0,129.0,219.0,"MDL-52960","fred"
0.3591247672253259,0.5,0.0,0.4818199729834311,90.0,2.0,129.0,219.0,"MDL-52959","fred"
0.3633824432166974,0.4972375690607735,0.0,0.4868128420453453,90.0,2.0,132.0,222.0,"MDL-52861","fred"
0.3633824432166974,0.4972375690607735,0.0,0.4868128420453453,90.0,2.0,132.0,222.0,"MDL-52860","fred"
0.4125,0.8125,0.0,0.6201729431516197,13.0,2.0,8.0,21.0,"MDL-52847","sergeg55"
0.3621213041102544,0.4945054945054945,0.0,0.485411925208161,90.0,2.0,133.0,223.0,"MDL-52803","fred"
0.25118690654672665,0.27717391304347827,0.0,0.4099244616067226,153.0,2.0,500.0,653.0,"MDL-52775","damyon"
0.2781512605042017,0.8,0.0,0.542328684432791,28.0,2.0,12.0,40.0,"MDL-52757","gaudreaj"
0.2781512605042017,0.8,0.0,0.542328684432791,28.0,2.0,12.0,40.0,"MDL-52755","gaudreaj"
0.2781512605042017,0.8,0.0,0.542328684432791,28.0,2.0,12.0,40.0,"MDL-52754","gaudreaj"
0.25118690654672665,0.27717391304347827,0.0,0.4099244616067226,153.0,2.0,500.0,653.0,"MDL-52747","damyon"
0.25118690654672665,0.27717391304347827,0.0,0.4099244616067226,153.0,2.0,500.0,653.0,"MDL-52745","damyon"
0.25118690654672665,0.27717391304347827,0.0,0.4099244616067226,153.0,2.0,500.0,653.0,"MDL-52744","damyon"
0.25118690654672665,0.27717391304347827,0.0,0.4099244616067226,153.0,2.0,500.0,653.0,"MDL-52743","damyon"
0.25118690654672665,0.27717391304347827,0.0,0.4099244616067226,153.0,2.0,500.0,653.0,"MDL-52741","damyon"
0.3608659100462379,0.4918032786885246,0.0,0.48402303356605614,90.0,2.0,134.0,224.0,"MDL-52714","fred"
0.3608659100462379,0.4918032786885246,0.0,0.48402303356605614,90.0,2.0,134.0,224.0,"MDL-52713","fred"
0.3608659100462379,0.4918032786885246,0.0,0.48402303356605614,90.0,2.0,134.0,224.0,"MDL-52712","fred"
0.3608659100462379,0.4918032786885246,0.0,0.48402303356605614,90.0,2.0,134.0,224.0,"MDL-52711","fred"
0.3608659100462379,0.4918032786885246,0.0,0.48402303356605614,90.0,2.0,134.0,224.0,"MDL-52710","fred"
0.3608659100462379,0.4918032786885246,0.0,0.48402303356605614,90.0,2.0,134.0,224.0,"MDL-52709","fred"
0.3608659100462379,0.4918032786885246,0.0,0.48402303356605614,90.0,2.0,134.0,224.0,"MDL-52676","fred"
0.3608659100462379,0.4918032786885246,0.0,0.48402303356605614,90.0,2.0,134.0,224.0,"MDL-52675","fred"
0.4125,0.8125,0.0,0.6201729431516197,13.0,2.0,8.0,21.0,"MDL-52561","sergeg55"
0.35590247829337013,0.48128342245989303,0.0,0.47860242710844764,90.0,2.0,138.0,228.0,"MDL-52432","fred"
0.35590247829337013,0.48128342245989303,0.0,0.47860242710844764,90.0,2.0,138.0,228.0,"MDL-52426","fred"
0.35590247829337013,0.48128342245989303,0.0,0.47860242710844764,90.0,2.0,138.0,228.0,"MDL-52424","fred"
0.2849206349206349,0.7777777777777778,0.0,0.5270488021579695,28.0,2.0,13.0,41.0,"MDL-52418","gaudreaj"
0.3534560396262524,0.47619047619047616,0.0,0.47595090383454286,90.0,2.0,140.0,230.0,"MDL-52282","fred"
0.3534560396262524,0.47619047619047616,0.0,0.47595090383454286,90.0,2.0,140.0,230.0,"MDL-52272","fred"
0.3534560396262524,0.47619047619047616,0.0,0.47595090383454286,90.0,2.0,140.0,230.0,"MDL-52242","fred"
0.2905405405405405,0.7567567567567568,0.0,0.5129916839075754,28.0,2.0,14.0,42.0,"MDL-52235","gaudreaj"
0.2905405405405405,0.7567567567567568,0.0,0.5129916839075754,28.0,2.0,14.0,42.0,"MDL-52233","gaudreaj"
0.3534560396262524,0.47619047619047616,0.0,0.47595090383454286,90.0,2.0,140.0,230.0,"MDL-52229","fred"
0.3534560396262524,0.47619047619047616,0.0,0.47595090383454286,90.0,2.0,140.0,230.0,"MDL-52122","fred"
0.3534560396262524,0.47619047619047616,0.0,0.47595090383454286,90.0,2.0,140.0,230.0,"MDL-52106","fred"
0.2905405405405405,0.7567567567567568,0.0,0.5129916839075754,28.0,2.0,14.0,42.0,"MDL-52104","gaudreaj"
0.3534560396262524,0.47619047619047616,0.0,0.47595090383454286,90.0,2.0,140.0,230.0,"MDL-52062","fred"
0.21465036043869737,0.23758099352051837,0.0,0.36686533503886454,110.0,2.0,418.0,528.0,"MDL-52051","poltawski"
0.35224171539961013,0.47368421052631576,0.0,0.47464156209305075,90.0,2.0,141.0,231.0,"MDL-51968","fred"
0.35224171539961013,0.47368421052631576,0.0,0.47464156209305075,90.0,2.0,141.0,231.0,"MDL-51963","fred"
0.35224171539961013,0.47368421052631576,0.0,0.47464156209305075,90.0,2.0,141.0,231.0,"MDL-51962","fred"
0.2852062588904694,0.7631578947368421,0.0,0.5129916984523262,29.0,2.0,14.0,43.0,"MDL-51953","gaudreaj"
0.35224171539961013,0.47368421052631576,0.0,0.47464156209305075,90.0,2.0,141.0,231.0,"MDL-51942","fred"
0.35224171539961013,0.47368421052631576,0.0,0.47464156209305075,90.0,2.0,141.0,231.0,"MDL-51870","fred"
0.35224171539961013,0.47368421052631576,0.0,0.47464156209305075,90.0,2.0,141.0,231.0,"MDL-51869","fred"
0.35224171539961013,0.47368421052631576,0.0,0.47464156209305075,90.0,2.0,141.0,231.0,"MDL-51866","fred"
0.35224171539961013,0.47368421052631576,0.0,0.47464156209305075,90.0,2.0,141.0,231.0,"MDL-51862","fred"
0.35224171539961013,0.47368421052631576,0.0,0.47464156209305075,90.0,2.0,141.0,231.0,"MDL-51805","fred"
0.35224171539961013,0.47368421052631576,0.0,0.47464156209305075,90.0,2.0,141.0,231.0,"MDL-51791","fred"
0.1878967627942197,0.2,0.0,0.3592343500570872,138.0,2.0,648.0,786.0,"MDL-51758","dobedobedoh"
0.3512489092495637,0.4739583333333333,0.0,0.4733429836018963,91.0,2.0,142.0,233.0,"MDL-51682","fred"
0.35289452815226013,0.47692307692307695,0.0,0.4751822068753671,93.0,2.0,144.0,237.0,"MDL-51647","fred"
0.35289452815226013,0.47692307692307695,0.0,0.4751822068753671,93.0,2.0,144.0,237.0,"MDL-51646","fred"
0.35289452815226013,0.47692307692307695,0.0,0.4751822068753671,93.0,2.0,144.0,237.0,"MDL-51644","fred"
0.35289452815226013,0.47692307692307695,0.0,0.4751822068753671,93.0,2.0,144.0,237.0,"MDL-51638","fred"
0.4125,0.8125,0.0,0.6201729431516197,13.0,2.0,8.0,21.0,"MDL-51602","sergeg55"
0.4125,0.8125,0.0,0.6201729431516197,13.0,2.0,8.0,21.0,"MDL-51598","sergeg55"
0.19496022686441755,0.20764119601328904,0.0,0.367123706149735,125.0,2.0,565.0,690.0,"MDL-51580","stronk7"
0.2852062588904694,0.7631578947368421,0.0,0.5129916984523262,29.0,2.0,14.0,43.0,"MDL-51513","gaudreaj"
0.35289452815226013,0.47692307692307695,0.0,0.4751822068753671,93.0,2.0,144.0,237.0,"MDL-51504","fred"
0.15554498416463566,0.16494845360824742,0.0,0.3199501369455539,112.0,2.0,640.0,752.0,"MDL-51233","markn"
0.23724860130164582,0.2602965403624382,0.0,0.39784218537589766,158.0,2.0,553.0,711.0,"MDL-51045","damyon"
0.23724860130164582,0.2602965403624382,0.0,0.39784218537589766,158.0,2.0,553.0,711.0,"MDL-51042","damyon"
0.23724860130164582,0.2602965403624382,0.0,0.39784218537589766,158.0,2.0,553.0,711.0,"MDL-51039","damyon"
0.23724860130164582,0.2602965403624382,0.0,0.39784218537589766,158.0,2.0,553.0,711.0,"MDL-51034","damyon"
0.23724860130164582,0.2602965403624382,0.0,0.39784218537589766,158.0,2.0,553.0,711.0,"MDL-51033","damyon"
0.23689629758085493,0.2598684210526316,0.0,0.39753975268037195,158.0,2.0,554.0,712.0,"MDL-51029","damyon"
0.23689629758085493,0.2598684210526316,0.0,0.39753975268037195,158.0,2.0,554.0,712.0,"MDL-51026","damyon"
0.23689629758085493,0.2598684210526316,0.0,0.39753975268037195,158.0,2.0,554.0,712.0,"MDL-51024","damyon"
0.12624275373201574,0.1327134404057481,0.0,0.2843551828698349,157.0,2.0,1125.0,1282.0,"MDL-50267","marina"
0.19150712028857084,0.20328849028400597,0.0,0.36529915813405295,136.0,2.0,630.0,766.0,"MDL-50182","stronk7"
0.12573571598494282,0.13210702341137123,0.0,0.2841651185975632,158.0,2.0,1138.0,1296.0,"MDL-50051","marina"
0.19039268458082562,0.20185922974767595,0.0,0.3647886085489534,152.0,2.0,710.0,862.0,"MDL-49599","dobedobedoh"
0.2338115602152021,0.2545454545454545,0.0,0.3978880488031378,168.0,2.0,606.0,774.0,"MDL-49533","damyon"
0.2338115602152021,0.2545454545454545,0.0,0.3978880488031378,168.0,2.0,606.0,774.0,"MDL-49464","damyon"
0.17436948354275647,0.18346545866364666,0.0,0.3511741025849145,162.0,2.0,839.0,1001.0,"MDL-47490","dobedobedoh"
0.13667931995699784,0.1437908496732026,0.0,0.29959312732188215,66.0,2.0,436.0,502.0,"MDL-47460","lameze"
0.3017213642213642,0.36607142857142855,0.0,0.43108696080085823,41.0,2.0,92.0,133.0,"MDL-47244","jethac"
0.29962073324905186,0.36283185840707965,0.0,0.42919205292806406,41.0,2.0,93.0,134.0,"MDL-47242","jethac"
0.18078359163214158,0.1924198250728863,0.0,0.35014700968621876,66.0,2.0,322.0,388.0,"MDL-47171","ankit_frenz"
0.18078359163214158,0.1924198250728863,0.0,0.35014700968621876,66.0,2.0,322.0,388.0,"MDL-47153","ankit_frenz"
0.18078359163214158,0.1924198250728863,0.0,0.35014700968621876,66.0,2.0,322.0,388.0,"MDL-47152","ankit_frenz"
0.18078359163214158,0.1924198250728863,0.0,0.35014700968621876,66.0,2.0,322.0,388.0,"MDL-47148","ankit_frenz"
0.3274821952241307,0.5161290322580645,0.0,0.43597426611020035,80.0,2.0,98.0,178.0,"MDL-47147","salvetore"
0.18078359163214158,0.1924198250728863,0.0,0.35014700968621876,66.0,2.0,322.0,388.0,"MDL-47127","ankit_frenz"
0.16203791071690676,0.17173051519154559,0.0,0.32959835298102874,130.0,2.0,714.0,844.0,"MDL-46923","markn"
0.2911827490140743,0.35735735735735735,0.0,0.41685561814516864,119.0,2.0,271.0,390.0,"MDL-46846","fred"
0.3154002412238939,0.4550561797752809,0.0,0.4177190084982628,81.0,2.0,123.0,204.0,"MDL-46821","salvetore"
0.3154002412238939,0.4550561797752809,0.0,0.4177190084982628,81.0,2.0,123.0,204.0,"MDL-46819","salvetore"
0.1730118855685951,0.18212290502793296,0.0,0.3491731673124665,163.0,2.0,850.0,1013.0,"MDL-46772","dobedobedoh"
0.18149849868004755,0.19424460431654678,0.0,0.34748314765926025,162.0,2.0,779.0,941.0,"MDL-46748","poltawski"
0.2905383795309168,0.35714285714285715,0.0,0.4155904663219446,120.0,2.0,273.0,393.0,"MDL-46696","fred"
0.3224084419615146,0.4666666666666667,0.0,0.4292069191855405,84.0,2.0,124.0,208.0,"MDL-46695","salvetore"
0.181051045082646,0.1925287356321839,0.0,0.35119107876949235,67.0,2.0,327.0,394.0,"MDL-46678","ankit_frenz"
0.17282896049481244,0.18191964285714285,0.0,0.34899295321340595,163.0,2.0,851.0,1014.0,"MDL-46662","dobedobedoh"
0.2878969286829776,0.35294117647058826,0.0,0.4130943695138557,120.0,2.0,277.0,397.0,"MDL-46649","fred"
0.172955135335558,0.18222222222222223,0.0,0.34845400513786606,164.0,2.0,854.0,1018.0,"MDL-46646","dobedobedoh"
0.3015239994302806,0.36134453781512604,0.0,0.43420032068954234,43.0,2.0,99.0,142.0,"MDL-46600","jethac"
0.3015239994302806,0.36134453781512604,0.0,0.43420032068954234,43.0,2.0,99.0,142.0,"MDL-46599","jethac"
0.2878969286829776,0.35294117647058826,0.0,0.4130943695138557,120.0,2.0,277.0,397.0,"MDL-46574","fred"
0.2878969286829776,0.35294117647058826,0.0,0.4130943695138557,120.0,2.0,277.0,397.0,"MDL-46573","fred"
0.2878969286829776,0.35294117647058826,0.0,0.4130943695138557,120.0,2.0,277.0,397.0,"MDL-46572","fred"
0.2878969286829776,0.35294117647058826,0.0,0.4130943695138557,120.0,2.0,277.0,397.0,"MDL-46571","fred"
0.2878969286829776,0.35294117647058826,0.0,0.4130943695138557,120.0,2.0,277.0,397.0,"MDL-46570","fred"
0.2878969286829776,0.35294117647058826,0.0,0.4130943695138557,120.0,2.0,277.0,397.0,"MDL-46569","fred"
0.2878969286829776,0.35294117647058826,0.0,0.4130943695138557,120.0,2.0,277.0,397.0,"MDL-46568","fred"
0.2878969286829776,0.35294117647058826,0.0,0.4130943695138557,120.0,2.0,277.0,397.0,"MDL-46567","fred"
0.3015239994302806,0.36134453781512604,0.0,0.43420032068954234,43.0,2.0,99.0,142.0,"MDL-46548","jethac"
0.3015239994302806,0.36134453781512604,0.0,0.43420032068954234,43.0,2.0,99.0,142.0,"MDL-46546","jethac"
0.3015239994302806,0.36134453781512604,0.0,0.43420032068954234,43.0,2.0,99.0,142.0,"MDL-46523","jethac"
0.18056516154530183,0.19197707736389685,0.0,0.3507212634819311,67.0,2.0,328.0,395.0,"MDL-46510","ankit_frenz"
0.0,1.0,0.0,0.0,11.0,1.0,0.0,11.0,"MDL-46496","jhoopes"
0.32893772893772893,0.6923076923076923,0.0,0.508541660433381,63.0,2.0,43.0,106.0,"MDL-46346","andyjdavis"
0.3293119923554706,0.6847826086956522,0.0,0.5042135326130549,63.0,2.0,44.0,107.0,"MDL-46316","andyjdavis"
0.17223071570673956,0.18141592920353983,0.0,0.347739243984171,164.0,2.0,858.0,1022.0,"MDL-46313","dobedobedoh"
0.2995098039215686,0.35833333333333334,0.0,0.4324316881365197,43.0,2.0,100.0,143.0,"MDL-46285","jethac"
0.1829436148589171,0.19491525423728814,0.0,0.3521685984680358,69.0,2.0,332.0,401.0,"MDL-46241","ankit_frenz"
0.32982890125747266,0.6767676767676768,0.0,0.5000052556082266,67.0,2.0,48.0,115.0,"MDL-46218","andyjdavis"
0.12846068660022147,0.9069767441860465,0.0,0.5000030051729673,39.0,2.0,6.0,45.0,"MDL-46206","jboulen"
0.28469079939668174,0.8653846153846154,0.0,0.6085832456159271,45.0,2.0,17.0,62.0,"MDL-46175","bobpuffer"
0.28469079939668174,0.8653846153846154,0.0,0.6085832456159271,45.0,2.0,17.0,62.0,"MDL-46139","bobpuffer"
0.1829436148589171,0.19491525423728814,0.0,0.3521685984680358,69.0,2.0,332.0,401.0,"MDL-46134","ankit_frenz"
0.1829436148589171,0.19491525423728814,0.0,0.3521685984680358,69.0,2.0,332.0,401.0,"MDL-46133","ankit_frenz"
0.1829436148589171,0.19491525423728814,0.0,0.3521685984680358,69.0,2.0,332.0,401.0,"MDL-46132","ankit_frenz"
0.1829436148589171,0.19491525423728814,0.0,0.3521685984680358,69.0,2.0,332.0,401.0,"MDL-46131","ankit_frenz"
0.1829436148589171,0.19491525423728814,0.0,0.3521685984680358,69.0,2.0,332.0,401.0,"MDL-46130","ankit_frenz"
0.1829436148589171,0.19491525423728814,0.0,0.3521685984680358,69.0,2.0,332.0,401.0,"MDL-46129","ankit_frenz"
0.1829436148589171,0.19491525423728814,0.0,0.3521685984680358,69.0,2.0,332.0,401.0,"MDL-46111","ankit_frenz"
0.1829436148589171,0.19491525423728814,0.0,0.3521685984680358,69.0,2.0,332.0,401.0,"MDL-46110","ankit_frenz"
0.1829436148589171,0.19491525423728814,0.0,0.3521685984680358,69.0,2.0,332.0,401.0,"MDL-46109","ankit_frenz"
0.3348581030619866,0.6538461538461539,0.0,0.49281290313319226,68.0,2.0,53.0,121.0,"MDL-46036","andyjdavis"
0.30507936507936506,0.36507936507936506,0.0,0.43852232727665585,46.0,2.0,105.0,151.0,"MDL-46022","jethac"
0.16911764705882354,0.9411764705882353,0.0,0.6324566381515171,16.0,2.0,3.0,19.0,"MDL-46016","hernan43"
0.18676234538759326,0.19887955182072828,0.0,0.35720100017033035,71.0,2.0,335.0,406.0,"MDL-45939","ankit_frenz"
0.18676234538759326,0.19887955182072828,0.0,0.35720100017033035,71.0,2.0,335.0,406.0,"MDL-45938","ankit_frenz"
0.15791902809897668,0.16709511568123395,0.0,0.3253610131977626,130.0,2.0,735.0,865.0,"MDL-45936","markn"
0.17187076945592916,0.18101545253863136,0.0,0.3473835088806976,164.0,2.0,860.0,1024.0,"MDL-45935","dobedobedoh"
0.22921942037017573,0.26419213973799127,0.0,0.36236319886323953,121.0,2.0,397.0,518.0,"MDL-45920","johno"
0.18676234538759326,0.19887955182072828,0.0,0.35720100017033035,71.0,2.0,335.0,406.0,"MDL-45919","ankit_frenz"
0.18676234538759326,0.19887955182072828,0.0,0.35720100017033035,71.0,2.0,335.0,406.0,"MDL-45918","ankit_frenz"
0.18676234538759326,0.19887955182072828,0.0,0.35720100017033035,71.0,2.0,335.0,406.0,"MDL-45916","ankit_frenz"
0.2945075757575758,0.36079545454545453,0.0,0.42147252784524514,127.0,2.0,287.0,414.0,"MDL-45897","fred"
0.2945075757575758,0.36079545454545453,0.0,0.42147252784524514,127.0,2.0,287.0,414.0,"MDL-45894","fred"
0.2018532234426462,0.22580645161290322,0.0,0.3431458402891545,161.0,2.0,637.0,798.0,"MDL-45780","timhunt"
0.0,1.0,0.0,0.0,23.0,1.0,0.0,23.0,"MDL-45772","brendan.barlow5"
0.20335351363144075,0.22733612273361228,0.0,0.34566847063647776,163.0,2.0,641.0,804.0,"MDL-45594","timhunt"
0.21554116558741906,0.7659574468085106,0.0,0.3651544491166365,36.0,2.0,13.0,49.0,"MDL-45580","cfollin"
0.17744292237442924,0.18949771689497716,0.0,0.34394896938036545,166.0,2.0,820.0,986.0,"MDL-45395","poltawski"
0.22837453822108553,0.26304347826086955,0.0,0.3615728892595198,121.0,2.0,399.0,520.0,"MDL-45381","johno"
0.29716336295283663,0.3458646616541353,0.0,0.4376019311313834,46.0,2.0,114.0,160.0,"MDL-45292","jethac"
0.28987762988407045,0.3357664233576642,0.0,0.43152387617137383,46.0,2.0,118.0,164.0,"MDL-45040","jethac"
0.0,1.0,0.0,0.0,7.0,1.0,0.0,7.0,"MDL-45029","paliniasky@gmail.com"
0.21741315711263787,0.2316043425814234,0.0,0.3917260637524992,192.0,2.0,778.0,970.0,"MDL-44949","damyon"
0.21741315711263787,0.2316043425814234,0.0,0.3917260637524992,192.0,2.0,778.0,970.0,"MDL-44927","damyon"
0.2903529411764706,0.352,0.0,0.41953817369130736,132.0,2.0,309.0,441.0,"MDL-44881","fred"
0.06327683615819209,0.9333333333333333,0.0,0.0,56.0,1.0,4.0,60.0,"MDL-44874","andreabix"
0.2894544791096515,0.3492063492063492,0.0,0.4199155920818279,132.0,2.0,313.0,445.0,"MDL-44846","fred"
0.21995827578771932,0.23401688781664656,0.0,0.39495868350285607,194.0,2.0,779.0,973.0,"MDL-44844","damyon"
0.21995827578771932,0.23401688781664656,0.0,0.39495868350285607,194.0,2.0,779.0,973.0,"MDL-44832","damyon"
0.21995827578771932,0.23401688781664656,0.0,0.39495868350285607,194.0,2.0,779.0,973.0,"MDL-44826","damyon"
0.17988287309959664,0.19204545454545455,0.0,0.3472422384291999,169.0,2.0,824.0,993.0,"MDL-44810","poltawski"
0.17988287309959664,0.19204545454545455,0.0,0.3472422384291999,169.0,2.0,824.0,993.0,"MDL-44808","poltawski"
0.17988287309959664,0.19204545454545455,0.0,0.3472422384291999,169.0,2.0,824.0,993.0,"MDL-44806","poltawski"
0.3534112476276096,0.5211267605633803,0.0,0.47518435363400335,74.0,2.0,96.0,170.0,"MDL-44794","andyjdavis"
0.21995827578771932,0.23401688781664656,0.0,0.39495868350285607,194.0,2.0,779.0,973.0,"MDL-44784","damyon"
0.21995827578771932,0.23401688781664656,0.0,0.39495868350285607,194.0,2.0,779.0,973.0,"MDL-44782","damyon"
0.21995827578771932,0.23401688781664656,0.0,0.39495868350285607,194.0,2.0,779.0,973.0,"MDL-44780","damyon"
0.21995827578771932,0.23401688781664656,0.0,0.39495868350285607,194.0,2.0,779.0,973.0,"MDL-44778","damyon"
0.21995827578771932,0.23401688781664656,0.0,0.39495868350285607,194.0,2.0,779.0,973.0,"MDL-44773","damyon"
0.21995827578771932,0.23401688781664656,0.0,0.39495868350285607,194.0,2.0,779.0,973.0,"MDL-44772","damyon"
0.21995827578771932,0.23401688781664656,0.0,0.39495868350285607,194.0,2.0,779.0,973.0,"MDL-44770","damyon"
0.16565584571286524,0.1740041928721174,0.0,0.34169224233235734,166.0,2.0,908.0,1074.0,"MDL-44765","dobedobedoh"
0.21995827578771932,0.23401688781664656,0.0,0.39495868350285607,194.0,2.0,779.0,973.0,"MDL-44764","damyon"
0.21995827578771932,0.23401688781664656,0.0,0.39495868350285607,194.0,2.0,779.0,973.0,"MDL-44763","damyon"
0.21995827578771932,0.23401688781664656,0.0,0.39495868350285607,194.0,2.0,779.0,973.0,"MDL-44762","damyon"
0.21995827578771932,0.23401688781664656,0.0,0.39495868350285607,194.0,2.0,779.0,973.0,"MDL-44761","damyon"
0.21995827578771932,0.23401688781664656,0.0,0.39495868350285607,194.0,2.0,779.0,973.0,"MDL-44760","damyon"
0.21995827578771932,0.23401688781664656,0.0,0.39495868350285607,194.0,2.0,779.0,973.0,"MDL-44759","damyon"
0.21995827578771932,0.23401688781664656,0.0,0.39495868350285607,194.0,2.0,779.0,973.0,"MDL-44757","damyon"
0.21995827578771932,0.23401688781664656,0.0,0.39495868350285607,194.0,2.0,779.0,973.0,"MDL-44756","damyon"
0.21995827578771932,0.23401688781664656,0.0,0.39495868350285607,194.0,2.0,779.0,973.0,"MDL-44755","damyon"
0.21995827578771932,0.23401688781664656,0.0,0.39495868350285607,194.0,2.0,779.0,973.0,"MDL-44754","damyon"
0.16565584571286524,0.1740041928721174,0.0,0.34169224233235734,166.0,2.0,908.0,1074.0,"MDL-44748","dobedobedoh"
0.157300497743162,0.16624685138539042,0.0,0.325474988965606,132.0,2.0,751.0,883.0,"MDL-44704","markn"
0.15296803652968036,0.8493150684931506,0.0,0.3651546993389995,62.0,2.0,13.0,75.0,"MDL-44627","oa_sychev"
0.18398523570937364,0.19576719576719576,0.0,0.3544031600638924,74.0,2.0,355.0,429.0,"MDL-44596","ankit_frenz"
0.22339449014950719,0.24880382775119617,0.0,0.3740244952806638,104.0,2.0,375.0,479.0,"MDL-44523","rajeshtaneja"
0.0,1.0,0.0,0.0,8.0,1.0,0.0,8.0,"MDL-44512","saeed"
0.3035439137134052,0.3672316384180791,0.0,0.4346044627975524,65.0,2.0,146.0,211.0,"MDL-44500","skodak"
0.3035439137134052,0.3672316384180791,0.0,0.4346044627975524,65.0,2.0,146.0,211.0,"MDL-44496","skodak"
0.1651626640084294,0.17345872518286312,0.0,0.3411947651607532,166.0,2.0,911.0,1077.0,"MDL-44475","dobedobedoh"
0.39180335944042166,0.693069306930693,0.0,0.5596802932393102,140.0,2.0,114.0,254.0,"MDL-44368","dougiamas"
0.39180335944042166,0.693069306930693,0.0,0.5596802932393102,140.0,2.0,114.0,254.0,"MDL-44366","dougiamas"
0.08220790998093756,0.08430107526881721,0.0,0.2394633631517143,196.0,2.0,2267.0,2463.0,"MDL-44340","marina"
0.22195276344941445,0.23627684964200477,0.0,0.39669194935419655,198.0,2.0,787.0,985.0,"MDL-44338","damyon"
0.15772085017307366,0.1668757841907152,0.0,0.3250881707897059,133.0,2.0,753.0,886.0,"MDL-44316","markn"
0.29050820644650976,0.34615384615384615,0.0,0.4248098572483427,135.0,2.0,327.0,462.0,"MDL-44228","fred"
0.29050820644650976,0.34615384615384615,0.0,0.4248098572483427,135.0,2.0,327.0,462.0,"MDL-44227","fred"
0.29050820644650976,0.34615384615384615,0.0,0.4248098572483427,135.0,2.0,327.0,462.0,"MDL-44226","fred"
0.29050820644650976,0.34615384615384615,0.0,0.4248098572483427,135.0,2.0,327.0,462.0,"MDL-44225","fred"
0.29050820644650976,0.34615384615384615,0.0,0.4248098572483427,135.0,2.0,327.0,462.0,"MDL-44223","fred"
0.29050820644650976,0.34615384615384615,0.0,0.4248098572483427,135.0,2.0,327.0,462.0,"MDL-44221","fred"
0.29050820644650976,0.34615384615384615,0.0,0.4248098572483427,135.0,2.0,327.0,462.0,"MDL-44220","fred"
0.29050820644650976,0.34615384615384615,0.0,0.4248098572483427,135.0,2.0,327.0,462.0,"MDL-44219","fred"
0.29050820644650976,0.34615384615384615,0.0,0.4248098572483427,135.0,2.0,327.0,462.0,"MDL-44218","fred"
0.29050820644650976,0.34615384615384615,0.0,0.4248098572483427,135.0,2.0,327.0,462.0,"MDL-44217","fred"
0.29050820644650976,0.34615384615384615,0.0,0.4248098572483427,135.0,2.0,327.0,462.0,"MDL-44216","fred"
0.29050820644650976,0.34615384615384615,0.0,0.4248098572483427,135.0,2.0,327.0,462.0,"MDL-44215","fred"
0.16483549974856376,0.17309697601668406,0.0,0.3408643183262273,166.0,2.0,913.0,1079.0,"MDL-44161","dobedobedoh"
0.22124436184725232,0.23515439429928742,0.0,0.3968211834566839,198.0,2.0,792.0,990.0,"MDL-44131","damyon"
0.29050820644650976,0.34615384615384615,0.0,0.4248098572483427,135.0,2.0,327.0,462.0,"MDL-44128","fred"
0.22124436184725232,0.23515439429928742,0.0,0.3968211834566839,198.0,2.0,792.0,990.0,"MDL-44127","damyon"
0.18323678198433418,0.1953125,0.0,0.3522407400701217,75.0,2.0,360.0,435.0,"MDL-44124","ankit_frenz"
0.29168073848924914,0.3439153439153439,0.0,0.42858018421446176,65.0,2.0,160.0,225.0,"MDL-44107","skodak"
0.29168073848924914,0.3439153439153439,0.0,0.42858018421446176,65.0,2.0,160.0,225.0,"MDL-44106","skodak"
0.22236140100152235,0.23634204275534443,0.0,0.3979487808229795,199.0,2.0,792.0,991.0,"MDL-44092","damyon"
0.22236140100152235,0.23634204275534443,0.0,0.3979487808229795,199.0,2.0,792.0,991.0,"MDL-44083","damyon"
0.22236140100152235,0.23634204275534443,0.0,0.3979487808229795,199.0,2.0,792.0,991.0,"MDL-44067","damyon"
0.16550034686090875,0.17377731529656607,0.0,0.3417870161370232,167.0,2.0,915.0,1082.0,"MDL-44042","dobedobedoh"
0.28997247754063454,0.3460559796437659,0.0,0.4237164138946633,136.0,2.0,329.0,465.0,"MDL-44040","fred"
0.28997247754063454,0.3460559796437659,0.0,0.4237164138946633,136.0,2.0,329.0,465.0,"MDL-44038","fred"
0.18522727272727274,0.1974025974025974,0.0,0.354851922112186,76.0,2.0,361.0,437.0,"MDL-44017","ankit_frenz"
0.28997247754063454,0.3460559796437659,0.0,0.4237164138946633,136.0,2.0,329.0,465.0,"MDL-43999","fred"
0.16550034686090875,0.17377731529656607,0.0,0.3417870161370232,167.0,2.0,915.0,1082.0,"MDL-43994","dobedobedoh"
0.2218675684336577,0.235781990521327,0.0,0.397526564420591,199.0,2.0,794.0,993.0,"MDL-43990","damyon"
0.16649106833159902,0.17481789802289283,0.0,0.3430322869981622,168.0,2.0,915.0,1083.0,"MDL-43969","dobedobedoh"
0.12172700653329271,0.12936046511627908,0.0,0.26283027355602234,89.0,2.0,647.0,736.0,"MDL-43967","salvetore"
0.12172700653329271,0.12936046511627908,0.0,0.26283027355602234,89.0,2.0,647.0,736.0,"MDL-43966","salvetore"
0.22828014184397163,0.8333333333333334,0.0,0.5270489321441748,40.0,2.0,13.0,53.0,"MDL-43948","simoncoggins"
0.0,1.0,0.0,0.0,11.0,1.0,0.0,11.0,"MDL-43941","jm.andonegi"
0.16632665644112052,0.17463617463617465,0.0,0.3428670145588546,168.0,2.0,916.0,1084.0,"MDL-43911","dobedobedoh"
0.16632665644112052,0.17463617463617465,0.0,0.3428670145588546,168.0,2.0,916.0,1084.0,"MDL-43886","dobedobedoh"
0.16632665644112052,0.17463617463617465,0.0,0.3428670145588546,168.0,2.0,916.0,1084.0,"MDL-43885","dobedobedoh"
0.22150627035266404,0.23529411764705882,0.0,0.39738703218182336,200.0,2.0,800.0,1000.0,"MDL-43870","damyon"
0.22150627035266404,0.23529411764705882,0.0,0.39738703218182336,200.0,2.0,800.0,1000.0,"MDL-43869","damyon"
0.22150627035266404,0.23529411764705882,0.0,0.39738703218182336,200.0,2.0,800.0,1000.0,"MDL-43867","damyon"
0.22150627035266404,0.23529411764705882,0.0,0.39738703218182336,200.0,2.0,800.0,1000.0,"MDL-43865","damyon"
0.22150627035266404,0.23529411764705882,0.0,0.39738703218182336,200.0,2.0,800.0,1000.0,"MDL-43864","damyon"
0.22150627035266404,0.23529411764705882,0.0,0.39738703218182336,200.0,2.0,800.0,1000.0,"MDL-43863","damyon"
0.22150627035266404,0.23529411764705882,0.0,0.39738703218182336,200.0,2.0,800.0,1000.0,"MDL-43862","damyon"
0.22150627035266404,0.23529411764705882,0.0,0.39738703218182336,200.0,2.0,800.0,1000.0,"MDL-43861","damyon"
0.22150627035266404,0.23529411764705882,0.0,0.39738703218182336,200.0,2.0,800.0,1000.0,"MDL-43860","damyon"
0.22150627035266404,0.23529411764705882,0.0,0.39738703218182336,200.0,2.0,800.0,1000.0,"MDL-43859","damyon"
0.22150627035266404,0.23529411764705882,0.0,0.39738703218182336,200.0,2.0,800.0,1000.0,"MDL-43858","damyon"
0.22150627035266404,0.23529411764705882,0.0,0.39738703218182336,200.0,2.0,800.0,1000.0,"MDL-43857","damyon"
0.22150627035266404,0.23529411764705882,0.0,0.39738703218182336,200.0,2.0,800.0,1000.0,"MDL-43856","damyon"
0.22150627035266404,0.23529411764705882,0.0,0.39738703218182336,200.0,2.0,800.0,1000.0,"MDL-43855","damyon"
0.22150627035266404,0.23529411764705882,0.0,0.39738703218182336,200.0,2.0,800.0,1000.0,"MDL-43854","damyon"
0.22150627035266404,0.23529411764705882,0.0,0.39738703218182336,200.0,2.0,800.0,1000.0,"MDL-43853","damyon"
0.22261345527610338,0.23647058823529413,0.0,0.39850067641030135,201.0,2.0,800.0,1001.0,"MDL-43842","damyon"
0.16666666666666666,0.9315068493150684,0.0,0.6172082483788748,68.0,2.0,13.0,81.0,"MDL-43839","jerome"
0.17475009255831175,0.918918918918919,0.0,0.6030175153442355,68.0,2.0,14.0,82.0,"MDL-43784","jerome"
0.2564102564102564,0.6153846153846154,0.0,0.0,8.0,1.0,5.0,13.0,"MDL-43740","scop"
0.18234234234234234,0.9066666666666666,0.0,0.5897626388175246,68.0,2.0,15.0,83.0,"MDL-43723","jerome"
0.26067396162888573,0.2889733840304182,0.0,0.41738050456684755,76.0,2.0,237.0,313.0,"MDL-43714","samhemelryk"
0.28878750883505755,0.34430379746835443,0.0,0.42266368083778943,136.0,2.0,331.0,467.0,"MDL-43688","fred"
0.22093794964273378,0.23426573426573427,0.0,0.39773333410019834,201.0,2.0,809.0,1010.0,"MDL-43684","damyon"
0.16729827581407994,0.17580144777662876,0.0,0.343377453017222,170.0,2.0,920.0,1090.0,"MDL-43664","dobedobedoh"
0.26848317318239656,0.308411214953271,0.0,0.41188878162029224,66.0,2.0,186.0,252.0,"MDL-43661","skodak"
0.13278500737866483,0.13761467889908258,0.0,0.3095194574327823,105.0,2.0,736.0,841.0,"MDL-43641","davmon"
0.2578016186711839,0.2943722943722944,0.0,0.40228884347699917,68.0,2.0,202.0,270.0,"MDL-43481","skodak"
0.26121141525917296,0.7352941176470589,0.0,0.4472186347650912,75.0,2.0,36.0,111.0,"MDL-43410","syxton"
0.2746865203761756,0.8295454545454546,0.0,0.5705933512115086,73.0,2.0,29.0,102.0,"MDL-43330","jerome"
0.21844819613901234,0.2313860252004582,0.0,0.39570392320367304,202.0,2.0,824.0,1026.0,"MDL-43326","damyon"
0.17023101095842902,0.17882836587872558,0.0,0.3472502996870808,174.0,2.0,926.0,1100.0,"MDL-43325","dobedobedoh"
0.0992063492063492,0.8928571428571429,0.0,0.0,25.0,1.0,3.0,28.0,"MDL-43318","grahambowman"
0.0,1.0,0.0,0.0,2.0,1.0,0.0,2.0,"MDL-43314","alexcontis"
0.17711906494346466,0.18904403866809882,0.0,0.34391476633381224,176.0,2.0,872.0,1048.0,"MDL-43306","poltawski"
0.2286710149051194,0.2546728971962617,0.0,0.3805018418034492,109.0,2.0,384.0,493.0,"MDL-43294","rajeshtaneja"
0.08445856011481581,0.08673469387755102,0.0,0.24171247683335562,204.0,2.0,2290.0,2494.0,"MDL-43284","marina"
0.29510703363914376,0.6146788990825688,0.0,0.40161862408593285,67.0,2.0,52.0,119.0,"MDL-43274","mhughes2k"
0.1325315410918524,0.13748378728923477,0.0,0.3081970385159969,106.0,2.0,743.0,849.0,"MDL-43266","davmon"
0.29510703363914376,0.6146788990825688,0.0,0.40161862408593285,67.0,2.0,52.0,119.0,"MDL-43250","mhughes2k"
0.22981514609421586,0.2558139534883721,0.0,0.38210536266281386,110.0,2.0,386.0,496.0,"MDL-43238","rajeshtaneja"
0.15497348648205403,0.16379310344827586,0.0,0.3222934210067664,133.0,2.0,768.0,901.0,"MDL-43215","markn"
0.20281611655895565,0.2302025782688766,0.0,0.3339733119508674,125.0,2.0,478.0,603.0,"MDL-43197","marycooch"
0.3832256675279931,0.6944444444444444,0.0,0.5550921981290838,150.0,2.0,119.0,269.0,"MDL-43188","dougiamas"
0.1950534112479994,0.208955223880597,0.0,0.36325772714864624,84.0,2.0,375.0,459.0,"MDL-43171","ankit_frenz"
0.22796610169491527,0.75,0.0,0.37796775833249247,45.0,2.0,18.0,63.0,"MDL-42995","cfollin"
0.043478260869565216,0.9565217391304348,0.0,0.0,22.0,1.0,1.0,23.0,"MDL-42993","supton.overtsoftware"
0.3817204301075269,0.5053763440860215,0.0,0.5052855221171172,47.0,2.0,70.0,117.0,"MDL-42980","barbararamiro"
0.0,0.0,0.0,0.0,0.0,0.0,0.0,0.0,"MDL-42973","raul"
0.1771842019366772,0.18571428571428572,0.0,0.357295525058754,169.0,2.0,868.0,1037.0,"MDL-42956","stronk7"
0.17626239074027575,0.18469945355191256,0.0,0.3564011892667414,169.0,2.0,873.0,1042.0,"MDL-42931","stronk7"
0.3179980853100734,0.42436974789915966,0.0,0.4326931563615425,101.0,2.0,178.0,279.0,"MDL-42909","quen"
0.1301893779769886,0.1388888888888889,0.0,0.27348126908018866,110.0,2.0,742.0,852.0,"MDL-42892","salvetore"
0.1301893779769886,0.1388888888888889,0.0,0.27348126908018866,110.0,2.0,742.0,852.0,"MDL-42891","salvetore"
0.1301893779769886,0.1388888888888889,0.0,0.27348126908018866,110.0,2.0,742.0,852.0,"MDL-42889","salvetore"
0.2768115942028985,0.5434782608695652,0.0,0.28284750076815696,25.0,2.0,23.0,48.0,"MDL-42882","grabs"
0.1690364798336544,0.17759838546922302,0.0,0.34573991290786676,176.0,2.0,943.0,1119.0,"MDL-42834","dobedobedoh"
0.29468845760980594,0.34831460674157305,0.0,0.4298695812976261,31.0,2.0,75.0,106.0,"MDL-42752","phalacee"
0.20059469647731704,0.2229299363057325,0.0,0.34594872112883857,175.0,2.0,706.0,881.0,"MDL-42748","timhunt"
0.30817307692307694,0.6615384615384615,0.0,0.458826815140336,43.0,2.0,30.0,73.0,"MDL-42682","rwijaya"
0.30885780885780884,0.6515151515151515,0.0,0.4529061896914532,43.0,2.0,31.0,74.0,"MDL-42588","rwijaya"
0.23731884057971014,0.7916666666666666,0.0,0.4714071934037647,19.0,2.0,7.0,26.0,"MDL-42585","darko.miletic"
0.3093622795115332,0.6417910447761194,0.0,0.44720900024266086,43.0,2.0,32.0,75.0,"MDL-42575","rwijaya"
0.28198491927442215,0.33569739952718675,0.0,0.4153407796335235,142.0,2.0,355.0,497.0,"MDL-42541","fred"
0.28198491927442215,0.33569739952718675,0.0,0.4153407796335235,142.0,2.0,355.0,497.0,"MDL-42512","fred"
0.2334239582755368,0.26022304832713755,0.0,0.3852261554344123,70.0,2.0,241.0,311.0,"MDL-42496","skodak"
0.17912836419905742,0.1876355748373102,0.0,0.3599347124316475,173.0,2.0,880.0,1053.0,"MDL-42493","stronk7"
0.2721311475409836,0.6065573770491803,0.0,0.3162359252909532,37.0,2.0,27.0,64.0,"MDL-42481","kwiliarty"
0.15494313959112413,0.1638349514563107,0.0,0.3217890732212525,135.0,2.0,779.0,914.0,"MDL-42465","markn"
0.23039215686274508,0.2564102564102564,0.0,0.3825321996808888,70.0,2.0,245.0,315.0,"MDL-42438","skodak"
0.15494313959112413,0.1638349514563107,0.0,0.3217890732212525,135.0,2.0,779.0,914.0,"MDL-42429","markn"
0.1331050205414657,0.13824289405684753,0.0,0.3078222696014767,107.0,2.0,745.0,852.0,"MDL-42428","davmon"
0.17942210028603117,0.1879049676025918,0.0,0.3604146150923033,174.0,2.0,884.0,1058.0,"MDL-42414","stronk7"
0.0,1.0,0.0,0.0,11.0,1.0,0.0,11.0,"MDL-42393","bcaille"
0.3173493173493174,0.7692307692307693,0.0,0.5516733334596595,60.0,2.0,32.0,92.0,"MDL-42360","davosmith"
0.33674339300937767,0.6231884057971014,0.0,0.4787181825391947,43.0,2.0,37.0,80.0,"MDL-42342","rwijaya"
0.33674339300937767,0.6231884057971014,0.0,0.4787181825391947,43.0,2.0,37.0,80.0,"MDL-42339","rwijaya"
0.1331050205414657,0.13824289405684753,0.0,0.3078222696014767,107.0,2.0,745.0,852.0,"MDL-42332","davmon"
0.1331050205414657,0.13824289405684753,0.0,0.3078222696014767,107.0,2.0,745.0,852.0,"MDL-42331","davmon"
0.1331050205414657,0.13824289405684753,0.0,0.3078222696014767,107.0,2.0,745.0,852.0,"MDL-42330","davmon"
0.1902439024390244,0.8536585365853658,0.0,0.5000036853201036,35.0,2.0,9.0,44.0,"MDL-42317","worfds91"
0.19918664746250955,0.21375921375921375,0.0,0.36703886987544526,87.0,2.0,379.0,466.0,"MDL-42293","ankit_frenz"
0.13436025673084936,0.1393548387096774,0.0,0.31105330449454704,108.0,2.0,747.0,855.0,"MDL-42285","davmon"
0.13436025673084936,0.1393548387096774,0.0,0.31105330449454704,108.0,2.0,747.0,855.0,"MDL-42276","davmon"
0.22743682310469315,0.2527075812274368,0.0,0.3798939827428275,70.0,2.0,249.0,319.0,"MDL-42269","skodak"
0.22743682310469315,0.2527075812274368,0.0,0.3798939827428275,70.0,2.0,249.0,319.0,"MDL-42243","skodak"
0.21738452713487627,0.22991071428571427,0.0,0.39541303305410763,206.0,2.0,847.0,1053.0,"MDL-42214","damyon"
0.04,0.96,0.0,0.0,24.0,1.0,1.0,25.0,"MDL-42212","smeneses"
0.2275857654889913,0.25357142857142856,0.0,0.3785951441309909,71.0,2.0,251.0,322.0,"MDL-42207","skodak"
0.15441325014419516,0.16324062877871826,0.0,0.32123504827819255,135.0,2.0,782.0,917.0,"MDL-42201","markn"
0.0,1.0,0.0,0.0,14.0,1.0,0.0,14.0,"MDL-42195","raphaelgold"
0.333030303030303,0.79,0.0,0.577343550004337,79.0,2.0,42.0,121.0,"MDL-42147","jerome"
0.21900631071826723,0.2318840579710145,0.0,0.39647198343190965,208.0,2.0,847.0,1055.0,"MDL-42131","damyon"
0.24134615384615385,0.7384615384615385,0.0,0.4000068282971167,48.0,2.0,21.0,69.0,"MDL-42111","cfollin"
0.34991192014092776,0.5190839694656488,0.0,0.47035301552332515,68.0,2.0,88.0,156.0,"MDL-42110","gb2048"
0.333030303030303,0.79,0.0,0.577343550004337,79.0,2.0,42.0,121.0,"MDL-42097","jerome"
0.2958152958152958,0.3434343434343434,0.0,0.43644202160485235,34.0,2.0,85.0,119.0,"MDL-42091","phalacee"
0.15061224489795919,0.82,0.0,0.0,41.0,1.0,9.0,50.0,"MDL-42085","kmccarthy"
0.0,1.0,0.0,0.0,3.0,1.0,0.0,3.0,"MDL-42082","seiya64"
0.3342574257425743,0.7821782178217822,0.0,0.5728152433034991,79.0,2.0,43.0,122.0,"MDL-42081","jerome"
0.17945297320964343,0.18783351120597652,0.0,0.36083122031989934,176.0,2.0,895.0,1071.0,"MDL-42040","stronk7"
0.3353717724713648,0.7745098039215687,0.0,0.5683918432857294,79.0,2.0,44.0,123.0,"MDL-42028","jerome"
0.21868224420691806,0.23145071982281284,0.0,0.396403396465188,209.0,2.0,853.0,1062.0,"MDL-42025","damyon"
0.21868224420691806,0.23145071982281284,0.0,0.396403396465188,209.0,2.0,853.0,1062.0,"MDL-42023","damyon"
0.27744098024121117,0.3279445727482679,0.0,0.41241078349032184,142.0,2.0,366.0,508.0,"MDL-42004","fred"
0.27744098024121117,0.3279445727482679,0.0,0.41241078349032184,142.0,2.0,366.0,508.0,"MDL-42003","fred"
0.27744098024121117,0.3279445727482679,0.0,0.41241078349032184,142.0,2.0,366.0,508.0,"MDL-42001","fred"
0.15388695917566528,0.16265060240963855,0.0,0.3206838751145334,135.0,2.0,785.0,920.0,"MDL-41995","markn"
0.29940594059405945,0.3465346534653465,0.0,0.4409531997972264,35.0,2.0,87.0,122.0,"MDL-41989","phalacee"
0.1987587860551494,0.21307506053268765,0.0,0.3671775998775362,88.0,2.0,385.0,473.0,"MDL-41833","ankit_frenz"
0.22081067910141133,0.2423580786026201,0.0,0.3791450986053337,111.0,2.0,417.0,528.0,"MDL-41811","rajeshtaneja"
0.21777394851425386,0.23042998897464168,0.0,0.39562232469890485,209.0,2.0,857.0,1066.0,"MDL-41805","damyon"
0.21777394851425386,0.23042998897464168,0.0,0.39562232469890485,209.0,2.0,857.0,1066.0,"MDL-41796","damyon"
0.35912994772218076,0.7596153846153846,0.0,0.5733759087759552,79.0,2.0,49.0,128.0,"MDL-41716","jerome"
0.28974358974358977,0.3333333333333333,0.0,0.4330074009804085,35.0,2.0,91.0,126.0,"MDL-41713","phalacee"
0.2170976438303171,0.22967032967032966,0.0,0.39503954139897257,209.0,2.0,860.0,1069.0,"MDL-41699","damyon"
0.366411501120239,0.7596153846153846,0.0,0.5773555741730381,79.0,2.0,50.0,129.0,"MDL-41633","jerome"
0.23840455840455843,0.26153846153846155,0.0,0.39887772009253897,85.0,2.0,296.0,381.0,"MDL-41608","samhemelryk"
0.22037655430925404,0.24183006535947713,0.0,0.3787564373242534,111.0,2.0,418.0,529.0,"MDL-41605","rajeshtaneja"
0.19878260071368742,0.21291866028708134,0.0,0.3677523438636266,89.0,2.0,390.0,479.0,"MDL-41591","ankit_frenz"
0.13193275669097718,0.14049586776859505,0.0,0.27875453063041694,119.0,2.0,795.0,914.0,"MDL-41589","salvetore"
0.34323640960809104,0.8230088495575221,0.0,0.6040347183493965,93.0,2.0,47.0,140.0,"MDL-41569","bawjaws"
0.38095238095238093,0.7523809523809524,0.0,0.5809418653671105,79.0,2.0,53.0,132.0,"MDL-41541","jerome"
0.38095238095238093,0.7523809523809524,0.0,0.5809418653671105,79.0,2.0,53.0,132.0,"MDL-41538","jerome"
0.08537268270289207,0.0876527602191319,0.0,0.24369324889426355,208.0,2.0,2311.0,2519.0,"MDL-41505","marina"
0.08537268270289207,0.0876527602191319,0.0,0.24369324889426355,208.0,2.0,2311.0,2519.0,"MDL-41504","marina"
0.2195133452796378,0.24078091106290672,0.0,0.37798268708431976,111.0,2.0,420.0,531.0,"MDL-41456","rajeshtaneja"
0.21612247849206181,0.22850924918389554,0.0,0.3943504655722238,210.0,2.0,869.0,1079.0,"MDL-41438","damyon"
0.0,1.0,0.0,0.0,21.0,1.0,0.0,21.0,"MDL-41428","bencosk"
0.2195133452796378,0.24078091106290672,0.0,0.37798268708431976,111.0,2.0,420.0,531.0,"MDL-41413","rajeshtaneja"
0.17200723105677604,0.18383838383838383,0.0,0.33615881643678425,182.0,2.0,926.0,1108.0,"MDL-41398","poltawski"
0.0,1.0,0.0,0.0,8.0,1.0,0.0,8.0,"MDL-41389","grimble"
0.3808625336927224,0.7452830188679245,0.0,0.5773446322972193,79.0,2.0,54.0,133.0,"MDL-41352","jerome"
0.2740893450105838,0.3221476510067114,0.0,0.4104958182266013,144.0,2.0,380.0,524.0,"MDL-41347","fred"
0.08533768160550934,0.08761583824768324,0.0,0.2436436705222402,208.0,2.0,2312.0,2520.0,"MDL-41286","marina"
0.08533768160550934,0.08761583824768324,0.0,0.2436436705222402,208.0,2.0,2312.0,2520.0,"MDL-41285","marina"
0.08533768160550934,0.08761583824768324,0.0,0.2436436705222402,208.0,2.0,2312.0,2520.0,"MDL-41284","marina"
0.08533768160550934,0.08761583824768324,0.0,0.2436436705222402,208.0,2.0,2312.0,2520.0,"MDL-41283","marina"
0.21692884515304917,0.22934782608695653,0.0,0.39519786769128246,211.0,2.0,870.0,1081.0,"MDL-41281","damyon"
0.21692884515304917,0.22934782608695653,0.0,0.39519786769128246,211.0,2.0,870.0,1081.0,"MDL-41280","damyon"
0.21692884515304917,0.22934782608695653,0.0,0.39519786769128246,211.0,2.0,870.0,1081.0,"MDL-41279","damyon"
0.21692884515304917,0.22934782608695653,0.0,0.39519786769128246,211.0,2.0,870.0,1081.0,"MDL-41276","damyon"
0.21692884515304917,0.22934782608695653,0.0,0.39519786769128246,211.0,2.0,870.0,1081.0,"MDL-41275","damyon"
0.21692884515304917,0.22934782608695653,0.0,0.39519786769128246,211.0,2.0,870.0,1081.0,"MDL-41274","damyon"
0.08533768160550934,0.08761583824768324,0.0,0.2436436705222402,208.0,2.0,2312.0,2520.0,"MDL-41267","marina"
0.08533768160550934,0.08761583824768324,0.0,0.2436436705222402,208.0,2.0,2312.0,2520.0,"MDL-41266","marina"
0.049999999999999996,1.0,0.0,0.7071116622080768,20.0,2.0,1.0,21.0,"MDL-41252","inceebee"
0.049999999999999996,1.0,0.0,0.7071116622080768,20.0,2.0,1.0,21.0,"MDL-41251","inceebee"
0.21692884515304917,0.22934782608695653,0.0,0.39519786769128246,211.0,2.0,870.0,1081.0,"MDL-41238","damyon"
0.21692884515304917,0.22934782608695653,0.0,0.39519786769128246,211.0,2.0,870.0,1081.0,"MDL-41236","damyon"
0.3847901630580059,0.5747126436781609,0.0,0.5155840100589588,50.0,2.0,58.0,108.0,"MDL-41232","rwijaya"
0.08537442606747989,0.08761583824768324,0.0,0.24437510248592229,208.0,2.0,2313.0,2521.0,"MDL-41230","marina"
0.21692884515304917,0.22934782608695653,0.0,0.39519786769128246,211.0,2.0,870.0,1081.0,"MDL-41229","damyon"
0.08537442606747989,0.08761583824768324,0.0,0.24437510248592229,208.0,2.0,2313.0,2521.0,"MDL-41227","marina"
0.15557588841476783,0.1646919431279621,0.0,0.32166092660937673,139.0,2.0,797.0,936.0,"MDL-41226","markn"
0.2022539144310362,0.22358722358722358,0.0,0.3518363354483944,182.0,2.0,736.0,918.0,"MDL-41220","timhunt"
0.21692884515304917,0.22934782608695653,0.0,0.39519786769128246,211.0,2.0,870.0,1081.0,"MDL-41215","damyon"
0.21692884515304917,0.22934782608695653,0.0,0.39519786769128246,211.0,2.0,870.0,1081.0,"MDL-41214","damyon"
0.37835541963982333,0.7614678899082569,0.0,0.5843416874532393,83.0,2.0,54.0,137.0,"MDL-41189","jerome"
0.37835541963982333,0.7614678899082569,0.0,0.5843416874532393,83.0,2.0,54.0,137.0,"MDL-41188","jerome"
0.2195133452796378,0.24078091106290672,0.0,0.37798268708431976,111.0,2.0,420.0,531.0,"MDL-41185","rajeshtaneja"
0.0,1.0,0.0,0.0,28.0,1.0,0.0,28.0,"MDL-41170","brentboghosian"
0.1712020868932186,0.1829145728643216,0.0,0.335356696691373,182.0,2.0,931.0,1113.0,"MDL-41159","poltawski"
0.18214285714285713,0.8392857142857143,0.0,0.44721724049158834,47.0,2.0,12.0,59.0,"MDL-41152","adamann2"
0.21676331354097944,0.22903225806451613,0.0,0.3953526085742629,213.0,2.0,880.0,1093.0,"MDL-41138","damyon"
0.21676331354097944,0.22903225806451613,0.0,0.3953526085742629,213.0,2.0,880.0,1093.0,"MDL-41137","damyon"
0.21676331354097944,0.22903225806451613,0.0,0.3953526085742629,213.0,2.0,880.0,1093.0,"MDL-41133","damyon"
0.21676331354097944,0.22903225806451613,0.0,0.3953526085742629,213.0,2.0,880.0,1093.0,"MDL-41131","damyon"
0.21676331354097944,0.22903225806451613,0.0,0.3953526085742629,213.0,2.0,880.0,1093.0,"MDL-41128","damyon"
0.2195133452796378,0.24078091106290672,0.0,0.37798268708431976,111.0,2.0,420.0,531.0,"MDL-41123","rajeshtaneja"
0.27158428663932654,0.3185840707964602,0.0,0.4082685220346242,144.0,2.0,385.0,529.0,"MDL-41101","fred"
0.21731402238314682,0.22986036519871106,0.0,0.39535262544750654,214.0,2.0,880.0,1094.0,"MDL-41098","damyon"
0.24978687127024723,0.7101449275362319,0.0,0.37797107116721174,49.0,2.0,24.0,73.0,"MDL-41075","cfollin"
0.27158428663932654,0.3185840707964602,0.0,0.4082685220346242,144.0,2.0,385.0,529.0,"MDL-41071","fred"
0.3954356846473029,0.6846473029045643,0.0,0.5584531652267798,165.0,2.0,139.0,304.0,"MDL-41067","dougiamas"
0.24725274725274726,0.6428571428571429,0.0,0.0,9.0,1.0,5.0,14.0,"MDL-41062","generazion"
0.15100211961042095,0.15711947626841244,0.0,0.3305159929856954,96.0,2.0,587.0,683.0,"MDL-40922","abgreeve"
0.15100211961042095,0.15711947626841244,0.0,0.3305159929856954,96.0,2.0,587.0,683.0,"MDL-40921","abgreeve"
0.15100211961042095,0.15711947626841244,0.0,0.3305159929856954,96.0,2.0,587.0,683.0,"MDL-40920","abgreeve"
0.15100211961042095,0.15711947626841244,0.0,0.3305159929856954,96.0,2.0,587.0,683.0,"MDL-40919","abgreeve"
0.15100211961042095,0.15711947626841244,0.0,0.3305159929856954,96.0,2.0,587.0,683.0,"MDL-40918","abgreeve"
0.15100211961042095,0.15711947626841244,0.0,0.3305159929856954,96.0,2.0,587.0,683.0,"MDL-40917","abgreeve"
0.15100211961042095,0.15711947626841244,0.0,0.3305159929856954,96.0,2.0,587.0,683.0,"MDL-40916","abgreeve"
0.15100211961042095,0.15711947626841244,0.0,0.3305159929856954,96.0,2.0,587.0,683.0,"MDL-40915","abgreeve"
0.15100211961042095,0.15711947626841244,0.0,0.3305159929856954,96.0,2.0,587.0,683.0,"MDL-40913","abgreeve"
0.15100211961042095,0.15711947626841244,0.0,0.3305159929856954,96.0,2.0,587.0,683.0,"MDL-40912","abgreeve"
0.15100211961042095,0.15711947626841244,0.0,0.3305159929856954,96.0,2.0,587.0,683.0,"MDL-40911","abgreeve"
0.15100211961042095,0.15711947626841244,0.0,0.3305159929856954,96.0,2.0,587.0,683.0,"MDL-40910","abgreeve"
0.15100211961042095,0.15711947626841244,0.0,0.3305159929856954,96.0,2.0,587.0,683.0,"MDL-40909","abgreeve"
0.15100211961042095,0.15711947626841244,0.0,0.3305159929856954,96.0,2.0,587.0,683.0,"MDL-40907","abgreeve"
0.13219215579970128,0.14055299539170507,0.0,0.2811199988729548,122.0,2.0,816.0,938.0,"MDL-40874","salvetore"
0.25793713085964326,0.28982300884955753,0.0,0.4095307390621749,131.0,2.0,402.0,533.0,"MDL-40821","tsala"
0.229112992270887,0.2583732057416268,0.0,0.37355539721541725,54.0,2.0,185.0,239.0,"MDL-40805","rezaie9"
0.3492261510272504,0.5418502202643172,0.0,0.4726689323969901,123.0,2.0,146.0,269.0,"MDL-40786","nadavkav"
0.2818339852238157,0.3220338983050847,0.0,0.42725253341694935,38.0,2.0,103.0,141.0,"MDL-40770","phalacee"
0.2818339852238157,0.3220338983050847,0.0,0.42725253341694935,38.0,2.0,103.0,141.0,"MDL-40769","phalacee"
0.3508965144137877,0.5394736842105263,0.0,0.47446926861060007,123.0,2.0,148.0,271.0,"MDL-40752","nadavkav"
0.0,1.0,0.0,0.0,12.0,1.0,0.0,12.0,"MDL-40750","korylprince"
0.3871681415929204,0.7522123893805309,0.0,0.5838692182946355,85.0,2.0,58.0,143.0,"MDL-40705","jerome"
0.29755259768140835,0.38686131386861317,0.0,0.40825703034201805,53.0,2.0,105.0,158.0,"MDL-40697","danielneis"
0.13211637790127492,0.14057142857142857,0.0,0.28017299803277895,123.0,2.0,822.0,945.0,"MDL-40668","salvetore"
0.3859536082474227,0.5567010309278351,0.0,0.5135467766227768,54.0,2.0,67.0,121.0,"MDL-40662","rwijaya"
0.16946689089270314,0.18065153010858837,0.0,0.3349195595473077,183.0,2.0,950.0,1133.0,"MDL-40493","poltawski"
0.0,1.0,0.0,0.0,5.0,1.0,0.0,5.0,"MDL-40436","jaume77"
0.215468481930378,0.22712933753943218,0.0,0.39521876775152803,216.0,2.0,902.0,1118.0,"MDL-40249","damyon"
0.21475697197117843,0.2348008385744235,0.0,0.37423793121104143,112.0,2.0,436.0,548.0,"MDL-40126","rajeshtaneja"
0.1651305683563748,0.8571428571428571,0.0,0.4472172900831313,54.0,2.0,12.0,66.0,"MDL-40079","krause"
0.14996623552023272,0.15619967793880837,0.0,0.3282818305691268,97.0,2.0,596.0,693.0,"MDL-40062","abgreeve"
0.14996623552023272,0.15619967793880837,0.0,0.3282818305691268,97.0,2.0,596.0,693.0,"MDL-40061","abgreeve"
0.14996623552023272,0.15619967793880837,0.0,0.3282818305691268,97.0,2.0,596.0,693.0,"MDL-40060","abgreeve"
0.14996623552023272,0.15619967793880837,0.0,0.3282818305691268,97.0,2.0,596.0,693.0,"MDL-40059","abgreeve"
0.14996623552023272,0.15619967793880837,0.0,0.3282818305691268,97.0,2.0,596.0,693.0,"MDL-40058","abgreeve"
0.14996623552023272,0.15619967793880837,0.0,0.3282818305691268,97.0,2.0,596.0,693.0,"MDL-40056","abgreeve"
0.14996623552023272,0.15619967793880837,0.0,0.3282818305691268,97.0,2.0,596.0,693.0,"MDL-40055","abgreeve"
0.14996623552023272,0.15619967793880837,0.0,0.3282818305691268,97.0,2.0,596.0,693.0,"MDL-40054","abgreeve"
0.14996623552023272,0.15619967793880837,0.0,0.3282818305691268,97.0,2.0,596.0,693.0,"MDL-40053","abgreeve"
0.14996623552023272,0.15619967793880837,0.0,0.3282818305691268,97.0,2.0,596.0,693.0,"MDL-40052","abgreeve"
0.14996623552023272,0.15619967793880837,0.0,0.3282818305691268,97.0,2.0,596.0,693.0,"MDL-40051","abgreeve"
0.14996623552023272,0.15619967793880837,0.0,0.3282818305691268,97.0,2.0,596.0,693.0,"MDL-40050","abgreeve"
0.14996623552023272,0.15619967793880837,0.0,0.3282818305691268,97.0,2.0,596.0,693.0,"MDL-40049","abgreeve"
0.14996623552023272,0.15619967793880837,0.0,0.3282818305691268,97.0,2.0,596.0,693.0,"MDL-40048","abgreeve"
0.14996623552023272,0.15619967793880837,0.0,0.3282818305691268,97.0,2.0,596.0,693.0,"MDL-40047","abgreeve"
0.14996623552023272,0.15619967793880837,0.0,0.3282818305691268,97.0,2.0,596.0,693.0,"MDL-40046","abgreeve"
0.14996623552023272,0.15619967793880837,0.0,0.3282818305691268,97.0,2.0,596.0,693.0,"MDL-40045","abgreeve"
0.14996623552023272,0.15619967793880837,0.0,0.3282818305691268,97.0,2.0,596.0,693.0,"MDL-40044","abgreeve"
0.14996623552023272,0.15619967793880837,0.0,0.3282818305691268,97.0,2.0,596.0,693.0,"MDL-40043","abgreeve"
0.14996623552023272,0.15619967793880837,0.0,0.3282818305691268,97.0,2.0,596.0,693.0,"MDL-40042","abgreeve"
0.14996623552023272,0.15619967793880837,0.0,0.3282818305691268,97.0,2.0,596.0,693.0,"MDL-40040","abgreeve"
0.1938069271332694,0.20758928571428573,0.0,0.3618865570429131,93.0,2.0,418.0,511.0,"MDL-39962","ankit_frenz"
0.1938069271332694,0.20758928571428573,0.0,0.3618865570429131,93.0,2.0,418.0,511.0,"MDL-39961","ankit_frenz"
0.1938069271332694,0.20758928571428573,0.0,0.3618865570429131,93.0,2.0,418.0,511.0,"MDL-39960","ankit_frenz"
0.1938069271332694,0.20758928571428573,0.0,0.3618865570429131,93.0,2.0,418.0,511.0,"MDL-39959","ankit_frenz"
0.1938069271332694,0.20758928571428573,0.0,0.3618865570429131,93.0,2.0,418.0,511.0,"MDL-39958","ankit_frenz"
0.1938069271332694,0.20758928571428573,0.0,0.3618865570429131,93.0,2.0,418.0,511.0,"MDL-39957","ankit_frenz"
0.1938069271332694,0.20758928571428573,0.0,0.3618865570429131,93.0,2.0,418.0,511.0,"MDL-39956","ankit_frenz"
0.1938069271332694,0.20758928571428573,0.0,0.3618865570429131,93.0,2.0,418.0,511.0,"MDL-39955","ankit_frenz"
0.1938069271332694,0.20758928571428573,0.0,0.3618865570429131,93.0,2.0,418.0,511.0,"MDL-39954","ankit_frenz"
0.1938069271332694,0.20758928571428573,0.0,0.3618865570429131,93.0,2.0,418.0,511.0,"MDL-39953","ankit_frenz"
0.2,0.75,0.0,0.0,12.0,1.0,4.0,16.0,"MDL-39949","richardnz"
0.15479545859183477,0.16374269005847952,0.0,0.3212417096685434,140.0,2.0,808.0,948.0,"MDL-39888","markn"
0.19340598154629335,0.2071269487750557,0.0,0.36151095455661336,93.0,2.0,419.0,512.0,"MDL-39850","ankit_frenz"
0.19340598154629335,0.2071269487750557,0.0,0.36151095455661336,93.0,2.0,419.0,512.0,"MDL-39848","ankit_frenz"
0.19340598154629335,0.2071269487750557,0.0,0.36151095455661336,93.0,2.0,419.0,512.0,"MDL-39845","ankit_frenz"
0.29743589743589743,0.3384615384615385,0.0,0.44404723129557405,44.0,2.0,114.0,158.0,"MDL-39815","phalacee"
0.29743589743589743,0.3384615384615385,0.0,0.44404723129557405,44.0,2.0,114.0,158.0,"MDL-39814","phalacee"
0.29743589743589743,0.3384615384615385,0.0,0.44404723129557405,44.0,2.0,114.0,158.0,"MDL-39813","phalacee"
0.29743589743589743,0.3384615384615385,0.0,0.44404723129557405,44.0,2.0,114.0,158.0,"MDL-39812","phalacee"
0.39214154411764707,0.69140625,0.0,0.5592921041872194,177.0,2.0,145.0,322.0,"MDL-39794","dougiamas"
0.3912434652725915,0.5480769230769231,0.0,0.5170312191580243,57.0,2.0,74.0,131.0,"MDL-39779","rwijaya"
0.3912434652725915,0.5480769230769231,0.0,0.5170312191580243,57.0,2.0,74.0,131.0,"MDL-39776","rwijaya"
0.33473879062114353,0.4343891402714932,0.0,0.4575050833483262,96.0,2.0,170.0,266.0,"MDL-39770","andyjdavis"
0.3912434652725915,0.5480769230769231,0.0,0.5170312191580243,57.0,2.0,74.0,131.0,"MDL-39748","rwijaya"
0.3912434652725915,0.5480769230769231,0.0,0.5170312191580243,57.0,2.0,74.0,131.0,"MDL-39746","rwijaya"
0.16904761904761906,0.8571428571428571,0.0,0.44721848004908027,18.0,2.0,4.0,22.0,"MDL-39653","matthewgorlando"
0.21305595408895267,0.2332657200811359,0.0,0.3714115691203855,115.0,2.0,450.0,565.0,"MDL-39603","rajeshtaneja"
0.06940680517916291,0.9390243902439024,0.0,0.37798374042662647,77.0,2.0,6.0,83.0,"MDL-39153","andreabix"
0.06940680517916291,0.9390243902439024,0.0,0.37798374042662647,77.0,2.0,6.0,83.0,"MDL-39152","andreabix"
0.3896042170757,0.6893939393939394,0.0,0.5569538641845501,182.0,2.0,149.0,331.0,"MDL-39150","dougiamas"
0.20870376308042093,0.21970443349753693,0.0,0.38914092449553717,223.0,2.0,964.0,1187.0,"MDL-39044","damyon"
0.239302929180571,0.26666666666666666,0.0,0.39264797494042114,124.0,2.0,417.0,541.0,"MDL-38758","mudrd8mz"
0.14519056261343014,0.8275862068965517,0.0,0.0,48.0,1.0,10.0,58.0,"MDL-38698","kmccarthy"
0.2038327526132404,0.7619047619047619,0.0,0.28868272088604635,32.0,2.0,11.0,43.0,"MDL-38693","mebenson"
0.0,1.0,0.0,0.0,16.0,1.0,0.0,16.0,"MDL-38628","moodlecvqo"
0.34826690640295677,0.795774647887324,0.0,0.5893860143825379,113.0,2.0,62.0,175.0,"MDL-38347","bawjaws"
0.33446327683615823,0.43333333333333335,0.0,0.45485502155532903,26.0,2.0,46.0,72.0,"MDL-38228","kstokking"
0.2,0.9024390243902439,0.0,0.5976169595078029,37.0,2.0,9.0,46.0,"MDL-37972","sbc24"
0.12605042016806722,0.8571428571428571,0.0,0.0,30.0,1.0,5.0,35.0,"MDL-37877","keoghs"
0.2,0.9024390243902439,0.0,0.5976169595078029,37.0,2.0,9.0,46.0,"MDL-37813","sbc24"
0.08522727272727273,0.9090909090909091,0.0,0.0,30.0,1.0,3.0,33.0,"MDL-37812","lmajerus@partners.org"
0.36600877192982456,0.7291666666666666,0.0,0.5606175300179979,70.0,2.0,48.0,118.0,"MDL-37679","bushido"
0.37865425445043277,0.6242038216560509,0.0,0.5242151996642619,98.0,2.0,95.0,193.0,"MDL-37565","jerome"
0.18254966503421022,0.19831223628691982,0.0,0.3373552572879386,94.0,2.0,436.0,530.0,"MDL-37312","skodak"
0.15835560901719684,0.16709732988802756,0.0,0.32846769921114,194.0,2.0,1100.0,1294.0,"MDL-37145","poltawski"
0.2048780487804878,0.926829268292683,0.0,0.6324519804668944,38.0,2.0,9.0,47.0,"MDL-36984","sbc24"
0.1783190370291927,0.18873239436619718,0.0,0.35173817424241477,201.0,2.0,1006.0,1207.0,"MDL-36803","dobedobedoh"
0.21479500891265596,0.7941176470588235,0.0,0.42640411956298296,27.0,2.0,9.0,36.0,"MDL-36460","jmlsteele"
0.3322876447876448,0.6071428571428571,0.0,0.46685714198830824,68.0,2.0,61.0,129.0,"MDL-36175","jrh18"
0.3322876447876448,0.6071428571428571,0.0,0.46685714198830824,68.0,2.0,61.0,129.0,"MDL-36009","jrh18"
0.3322876447876448,0.6071428571428571,0.0,0.46685714198830824,68.0,2.0,61.0,129.0,"MDL-36005","jrh18"
0.14705882352941177,0.8333333333333334,0.0,0.0,15.0,1.0,3.0,18.0,"MDL-36003","vfrohne"
0.3322876447876448,0.6071428571428571,0.0,0.46685714198830824,68.0,2.0,61.0,129.0,"MDL-36002","jrh18"
0.09032258064516129,0.9032258064516129,0.0,0.0,28.0,1.0,3.0,31.0,"MDL-35984","mal"
0.3322876447876448,0.6071428571428571,0.0,0.46685714198830824,68.0,2.0,61.0,129.0,"MDL-35981","jrh18"
0.3312262958280658,0.6106194690265486,0.0,0.46685715498396235,69.0,2.0,61.0,130.0,"MDL-35934","jrh18"
0.3312262958280658,0.6106194690265486,0.0,0.46685715498396235,69.0,2.0,61.0,130.0,"MDL-35931","jrh18"
0.3312262958280658,0.6106194690265486,0.0,0.46685715498396235,69.0,2.0,61.0,130.0,"MDL-35930","jrh18"
0.3312262958280658,0.6106194690265486,0.0,0.46685715498396235,69.0,2.0,61.0,130.0,"MDL-35927","jrh18"
0.3312262958280658,0.6106194690265486,0.0,0.46685715498396235,69.0,2.0,61.0,130.0,"MDL-35926","jrh18"
0.3312262958280658,0.6106194690265486,0.0,0.46685715498396235,69.0,2.0,61.0,130.0,"MDL-35925","jrh18"
0.3312262958280658,0.6106194690265486,0.0,0.46685715498396235,69.0,2.0,61.0,130.0,"MDL-35922","jrh18"
0.3312262958280658,0.6106194690265486,0.0,0.46685715498396235,69.0,2.0,61.0,130.0,"MDL-35919","jrh18"
0.27469316189362947,0.7288135593220338,0.0,0.46290659444406945,43.0,2.0,22.0,65.0,"MDL-35146","brianking"
0.0,1.0,0.0,0.0,6.0,1.0,0.0,6.0,"MDL-35032","schuhmann"
0.0,1.0,0.0,0.0,15.0,1.0,0.0,15.0,"MDL-34684","jchapman-atomic"
0.0,1.0,0.0,0.0,16.0,1.0,0.0,16.0,"MDL-34587","kyledecot"
0.19117647058823528,0.7647058823529411,0.0,0.0,13.0,1.0,4.0,17.0,"MDL-34321","mfedorko"
0.3642541624193001,0.7064220183486238,0.0,0.547716331276992,77.0,2.0,56.0,133.0,"MDL-33618","bushido"
0.0961061803340975,0.0999346832135859,0.0,0.2450563414843241,153.0,2.0,1472.0,1625.0,"MDL-33600","salvetore"
0.18083956788787273,0.19209558823529413,0.0,0.3521545527870787,209.0,2.0,1024.0,1233.0,"MDL-32917","dobedobedoh"
0.0,1.0,0.0,0.0,5.0,1.0,0.0,5.0,"MDL-32746","lewisrblack"
0.22727272727272727,0.6666666666666666,0.0,0.0,30.0,1.0,15.0,45.0,"MDL-32570","bltmacomb"
0.209990749306198,0.7446808510638298,0.0,0.2672755483037522,35.0,2.0,13.0,48.0,"MDL-32275","super3d"
0.2958978772231784,0.6666666666666666,0.0,0.44233074525774035,56.0,2.0,37.0,93.0,"MDL-31625","tlock"
0.0,1.0,0.0,0.0,6.0,1.0,0.0,6.0,"MDL-31597","nholtz"
0.1904350900879181,0.2078853046594982,0.0,0.3448749622542709,232.0,2.0,1022.0,1254.0,"MDL-31560","timhunt"
0.0,1.0,0.0,0.0,5.0,1.0,0.0,5.0,"MDL-31410","jamessnell"
0.14646464646464646,0.9333333333333333,0.0,0.6030226235118674,42.0,2.0,7.0,49.0,"MDL-30852","gdkraus"
0.0,1.0,0.0,0.0,15.0,1.0,0.0,15.0,"MDL-30812","jnorris2"
0.2253521610664468,0.25925925925925924,0.0,0.3581025710941521,140.0,2.0,469.0,609.0,"MDL-30668","andyjdavis"
0.33854760178182947,0.5685279187817259,0.0,0.4634377345036188,112.0,2.0,117.0,229.0,"MDL-30195","abias"
0.28346456692913385,0.7165354330708661,0.0,0.4677139623289093,91.0,2.0,50.0,141.0,"MDL-29441","syxton"
0.14486467730742542,0.15058986814712005,0.0,0.323545883098382,217.0,2.0,1386.0,1603.0,"MDL-29070","stronk7"
0.28312401883830457,0.7908163265306123,0.0,0.5412203469960617,155.0,2.0,70.0,225.0,"MDL-28448","ray"
0.20197876447876448,0.8660714285714286,0.0,0.5452549952666581,97.0,2.0,26.0,123.0,"MDL-26244","daniss"
0.07122507122507123,0.9259259259259259,0.0,0.0,25.0,1.0,2.0,27.0,"MDL-26170","123iitjee"
0.1804078014184397,0.7708333333333334,0.0,0.0,37.0,1.0,11.0,48.0,"MDL-25473","jonfila"
0.22734722723445205,0.2536764705882353,0.0,0.3782127707435935,207.0,2.0,731.0,938.0,"MDL-24380","tsala"
0.29751504562220926,0.7549019607843137,0.0,0.5222268202710085,77.0,2.0,40.0,117.0,"MDL-23646","drex"
0.2958152958152958,0.6767676767676768,0.0,0.45134023222100467,67.0,2.0,43.0,110.0,"MDL-22669","tlock"
0.28219106957424717,0.7777777777777778,0.0,0.5270400635339233,84.0,2.0,39.0,123.0,"MDL-21180","bobpuffer"
0.23322267768980715,0.2600690448791715,0.0,0.38550298979309083,226.0,2.0,779.0,1005.0,"MDL-20250","tsala"
0.3144820295983087,0.5454545454545454,0.0,0.40825048529535046,24.0,2.0,25.0,49.0,"MDL-20045","hchathi"
0.21927105152911605,0.8258064516129032,0.0,0.5045321352768712,128.0,2.0,41.0,169.0,"MDL-18770","elenaivanova"
0.3323114261991441,0.5504885993485342,0.0,0.4501083445394622,169.0,2.0,185.0,354.0,"MDL-18633","aborrow"
0.2355066293362035,0.2641107561235357,0.0,0.3853610165535548,248.0,2.0,837.0,1085.0,"MDL-16474","tsala"
0.2723388816490937,0.7880434782608695,0.0,0.527662149625818,290.0,2.0,127.0,417.0,"MDL-10115","howardsmiller"
0.0,1.0,0.0,0.0,41.0,1.0,0.0,41.0,"MDL-8501","ddaniels"
0.23569074018579564,0.7746478873239436,0.0,0.4513262367441602,110.0,2.0,43.0,153.0,"MDL-5583","hatshepsut"
0.1901608561861448,0.20026702269692923,0.0,0.3688713724817845,150.0,2.0,711.0,861.0,"MDL-48145","stronk7"
0.1735629841011007,0.1827354260089686,0.0,0.3497154893079067,163.0,2.0,847.0,1010.0,"MDL-46873","dobedobedoh"
0.4173067076292883,0.5238095238095238,0.0,0.5345182389555452,33.0,2.0,50.0,83.0,"MDL-46864","moodle.com"
0.3154002412238939,0.4550561797752809,0.0,0.4177190084982628,81.0,2.0,123.0,204.0,"MDL-46801","salvetore"
0.2304613150717187,0.26548672566371684,0.0,0.364361846818844,120.0,2.0,392.0,512.0,"MDL-46595","johno"
0.13498102623329483,0.1397459165154265,0.0,0.31356282863037305,77.0,2.0,532.0,609.0,"MDL-46059","abgreeve"
0.18269178174867068,0.19184652278177458,0.0,0.36231312735363413,160.0,2.0,794.0,954.0,"MDL-45504","stronk7"
0.31293612453032743,0.3950617283950617,0.0,0.4357354892544841,64.0,2.0,128.0,192.0,"MDL-45070","skodak"
0.21995827578771932,0.23401688781664656,0.0,0.39495868350285607,194.0,2.0,779.0,973.0,"MDL-44781","damyon"
0.21995827578771932,0.23401688781664656,0.0,0.39495868350285607,194.0,2.0,779.0,973.0,"MDL-44777","damyon"
0.21995827578771932,0.23401688781664656,0.0,0.39495868350285607,194.0,2.0,779.0,973.0,"MDL-44776","damyon"
0.21995827578771932,0.23401688781664656,0.0,0.39495868350285607,194.0,2.0,779.0,973.0,"MDL-44745","damyon"
0.1651626640084294,0.17345872518286312,0.0,0.3411947651607532,166.0,2.0,911.0,1077.0,"MDL-44478","dobedobedoh"
0.16499892016413503,0.1732776617954071,0.0,0.34102942167130973,166.0,2.0,912.0,1078.0,"MDL-44361","dobedobedoh"
0.29050820644650976,0.34615384615384615,0.0,0.4248098572483427,135.0,2.0,327.0,462.0,"MDL-44222","fred"
0.16483549974856376,0.17309697601668406,0.0,0.3408643183262273,166.0,2.0,913.0,1079.0,"MDL-44101","dobedobedoh"
0.16450962539021852,0.17273673257023933,0.0,0.3405348297481254,166.0,2.0,915.0,1081.0,"MDL-44079","dobedobedoh"
0.16550034686090875,0.17377731529656607,0.0,0.3417870161370232,167.0,2.0,915.0,1082.0,"MDL-44002","dobedobedoh"
0.16550034686090875,0.17377731529656607,0.0,0.3417870161370232,167.0,2.0,915.0,1082.0,"MDL-43997","dobedobedoh"
0.27880597014925373,0.32338308457711445,0.0,0.41976056058333416,65.0,2.0,173.0,238.0,"MDL-43903","skodak"
0.16632665644112052,0.17463617463617465,0.0,0.3428670145588546,168.0,2.0,916.0,1084.0,"MDL-43893","dobedobedoh"
0.2784313725490196,0.32195121951219513,0.0,0.4204212301055576,66.0,2.0,177.0,243.0,"MDL-43761","skodak"
0.3456979806848112,0.4411764705882353,0.0,0.46966316398524033,30.0,2.0,53.0,83.0,"MDL-43737","phalacee"
0.06666666666666668,0.9333333333333333,0.0,0.0,14.0,1.0,1.0,15.0,"MDL-43725","jkania"
0.2621116271620756,0.29910714285714285,0.0,0.40736917784345394,67.0,2.0,196.0,263.0,"MDL-43537","skodak"
0.2621116271620756,0.29910714285714285,0.0,0.40736917784345394,67.0,2.0,196.0,263.0,"MDL-43527","skodak"
0.20544637443378394,0.2339622641509434,0.0,0.33552732380429023,124.0,2.0,465.0,589.0,"MDL-43521","marycooch"
0.2611111111111111,0.29777777777777775,0.0,0.4065051832857866,67.0,2.0,197.0,264.0,"MDL-43515","skodak"
0.2611111111111111,0.29777777777777775,0.0,0.4065051832857866,67.0,2.0,197.0,264.0,"MDL-43511","skodak"
0.2611111111111111,0.29777777777777775,0.0,0.4065051832857866,67.0,2.0,197.0,264.0,"MDL-43510","skodak"
0.1195873649720985,0.12663185378590078,0.0,0.2635867679652771,97.0,2.0,723.0,820.0,"MDL-43488","salvetore"
0.20627099664053752,0.25263157894736843,0.0,0.26887163979397594,24.0,2.0,77.0,101.0,"MDL-43268","pholden"
0.15497348648205403,0.16379310344827586,0.0,0.3222934210067664,133.0,2.0,768.0,901.0,"MDL-43142","markn"
0.15497348648205403,0.16379310344827586,0.0,0.3222934210067664,133.0,2.0,768.0,901.0,"MDL-43140","markn"
0.0,1.0,0.0,0.0,1.0,1.0,0.0,1.0,"MDL-43117","mvidberg"
0.15497348648205403,0.16379310344827586,0.0,0.3222934210067664,133.0,2.0,768.0,901.0,"MDL-43037","markn"
0.2334239582755368,0.26022304832713755,0.0,0.3852261554344123,70.0,2.0,241.0,311.0,"MDL-42525","skodak"
0.2334239582755368,0.26022304832713755,0.0,0.3852261554344123,70.0,2.0,241.0,311.0,"MDL-42497","skodak"
0.23039215686274508,0.2564102564102564,0.0,0.3825321996808888,70.0,2.0,245.0,315.0,"MDL-42442","skodak"
0.15494313959112413,0.1638349514563107,0.0,0.3217890732212525,135.0,2.0,779.0,914.0,"MDL-42421","markn"
0.22743682310469315,0.2527075812274368,0.0,0.3798939827428275,70.0,2.0,249.0,319.0,"MDL-42381","skodak"
0.15476610767872903,0.16363636363636364,0.0,0.3216040798587059,135.0,2.0,780.0,915.0,"MDL-42377","markn"
0.20009778755653343,0.21481481481481482,0.0,0.36787972497086446,87.0,2.0,377.0,464.0,"MDL-42340","ankit_frenz"
0.17595738076188228,0.18808777429467086,0.0,0.34126384076477095,180.0,2.0,895.0,1075.0,"MDL-42239","poltawski"
0.29462719298245615,0.34375,0.0,0.4337312304937931,33.0,2.0,82.0,115.0,"MDL-42235","phalacee"
0.15441325014419516,0.16324062877871826,0.0,0.32123504827819255,135.0,2.0,782.0,917.0,"MDL-42226","markn"
0.15441325014419516,0.16324062877871826,0.0,0.32123504827819255,135.0,2.0,782.0,917.0,"MDL-42225","markn"
0.13122923588039867,0.9302325581395349,0.0,0.5773541193179721,40.0,2.0,6.0,46.0,"MDL-42206","jboulen"
0.17963572375337084,0.18803418803418803,0.0,0.3610066841419709,176.0,2.0,894.0,1070.0,"MDL-42199","stronk7"
0.21900631071826723,0.2318840579710145,0.0,0.39647198343190965,208.0,2.0,847.0,1055.0,"MDL-42150","damyon"
0.17476721690085012,0.18672199170124482,0.0,0.3400907887972085,180.0,2.0,902.0,1082.0,"MDL-42117","poltawski"
0.08053830227743271,0.9285714285714286,0.0,0.3779836482335097,65.0,2.0,6.0,71.0,"MDL-42047","heather.williams"
0.2916666666666667,0.75,0.0,0.5000024470121011,12.0,2.0,6.0,18.0,"MDL-42044","jhunt"
0.3353717724713648,0.7745098039215687,0.0,0.5683918432857294,79.0,2.0,44.0,123.0,"MDL-42030","jerome"
0.3353717724713648,0.7745098039215687,0.0,0.5683918432857294,79.0,2.0,44.0,123.0,"MDL-42029","jerome"
0.21868224420691806,0.23145071982281284,0.0,0.396403396465188,209.0,2.0,853.0,1062.0,"MDL-42026","damyon"
0.27744098024121117,0.3279445727482679,0.0,0.41241078349032184,142.0,2.0,366.0,508.0,"MDL-42021","fred"
0.21868224420691806,0.23145071982281284,0.0,0.396403396465188,209.0,2.0,853.0,1062.0,"MDL-41993","damyon"
0.21868224420691806,0.23145071982281284,0.0,0.396403396465188,209.0,2.0,853.0,1062.0,"MDL-41960","damyon"
0.1558682467001652,0.16487455197132617,0.0,0.3227519815694852,138.0,2.0,791.0,929.0,"MDL-41619","markn"
0.21612247849206181,0.22850924918389554,0.0,0.3943504655722238,210.0,2.0,869.0,1079.0,"MDL-41440","damyon"
0.17156947196140926,0.18319838056680163,0.0,0.3363199558587547,181.0,2.0,925.0,1106.0,"MDL-41419","poltawski"
0.2195133452796378,0.24078091106290672,0.0,0.37798268708431976,111.0,2.0,420.0,531.0,"MDL-41415","rajeshtaneja"
0.15574959918625653,0.16488730723606168,0.0,0.32184199534297864,139.0,2.0,796.0,935.0,"MDL-41387","markn"
0.08533768160550934,0.08761583824768324,0.0,0.2436436705222402,208.0,2.0,2312.0,2520.0,"MDL-41270","marina"
0.15243829018663457,0.15867768595041323,0.0,0.3320309978614145,96.0,2.0,581.0,677.0,"MDL-41231","abgreeve"
0.15557588841476783,0.1646919431279621,0.0,0.32166092660937673,139.0,2.0,797.0,936.0,"MDL-41213","markn"
0.27158428663932654,0.3185840707964602,0.0,0.4082685220346242,144.0,2.0,385.0,529.0,"MDL-41100","fred"
0.27158428663932654,0.3185840707964602,0.0,0.4082685220346242,144.0,2.0,385.0,529.0,"MDL-41082","fred"
0.19420952839558192,0.2080536912751678,0.0,0.3622633326971197,93.0,2.0,417.0,510.0,"MDL-40037","ankit_frenz"
0.1938069271332694,0.20758928571428573,0.0,0.3618865570429131,93.0,2.0,418.0,511.0,"MDL-39963","ankit_frenz"
0.19340598154629335,0.2071269487750557,0.0,0.36151095455661336,93.0,2.0,419.0,512.0,"MDL-39844","ankit_frenz"
0.2916381863750285,0.3308270676691729,0.0,0.4394438383759036,44.0,2.0,117.0,161.0,"MDL-39737","phalacee"
0.06940680517916291,0.9390243902439024,0.0,0.37798374042662647,77.0,2.0,6.0,83.0,"MDL-39154","andreabix"
