"issue_key","reporter","collab_total_degree","collab_in_degree","collab_out_degree","collab_kcore","collab_clustering_coeff","collab_closeness","collab_betweenness","collab_eigen_vector"
"USERGRID-1268","djohnson",9.0,5.0,4.0,2.0,0.0,0.625,0.33928571428571425,0.4472154152229263
"USERGRID-1267","djohnson",9.0,5.0,4.0,2.0,0.0,0.625,0.33928571428571425,0.4472154152229263
"USERGRID-1256","mrusso",12.0,2.0,10.0,2.0,0.0,0.18181818181818182,0.17272727272727273,0.30151413290266416
"USERGRID-1239","greyes",5.0,3.0,2.0,1.0,0.0,0.6,0.30000000000000004,0.0
"USERGRID-1211","mrusso",13.0,3.0,10.0,2.0,0.0,0.2727272727272727,0.2545454545454545,0.4082499191758572
"USERGRID-1210","greyes",7.0,3.0,4.0,2.0,0.0,0.5,0.36666666666666664,0.44721496029086083
"USERGRID-1203","mrusso",13.0,3.0,10.0,2.0,0.0,0.2727272727272727,0.2545454545454545,0.4082499191758572
"USERGRID-1191","jeffreyawest",9.0,9.0,0.0,1.0,0.0,1.0,0.0,0.0
"USERGRID-1187","greyes",7.0,3.0,4.0,2.0,0.0,0.5,0.36666666666666664,0.44721496029086083
"USERGRID-1182","mrusso",14.0,3.0,11.0,2.0,0.0,0.25,0.23484848484848486,0.3922338591666111
"USERGRID-1124","mrusso",14.0,3.0,11.0,2.0,0.0,0.25,0.23484848484848486,0.3922338591666111
"USERGRID-1119","djohnson",13.0,8.0,5.0,2.0,0.0,0.7272727272727273,0.34545454545454546,0.5345233660942814
"USERGRID-1118","djohnson",13.0,8.0,5.0,2.0,0.0,0.7272727272727273,0.34545454545454546,0.5345233660942814
"USERGRID-1115","djohnson",13.0,8.0,5.0,2.0,0.0,0.7272727272727273,0.34545454545454546,0.5345233660942814
"USERGRID-1113","djohnson",13.0,8.0,5.0,2.0,0.0,0.7272727272727273,0.34545454545454546,0.5345233660942814
"USERGRID-1106","djohnson",13.0,8.0,5.0,2.0,0.0,0.7272727272727273,0.34545454545454546,0.5345233660942814
"USERGRID-1101","jeffreyawest",12.0,9.0,3.0,2.0,0.0,0.9,0.2777777777777778,0.6324564568355433
"USERGRID-1100","jeffreyawest",12.0,9.0,3.0,2.0,0.0,0.9,0.2777777777777778,0.6324564568355433
"USERGRID-1099","djohnson",13.0,8.0,5.0,2.0,0.0,0.7272727272727273,0.34545454545454546,0.5345233660942814
"USERGRID-1091","mrusso",14.0,3.0,11.0,2.0,0.0,0.25,0.23484848484848486,0.3922338591666111
"USERGRID-1079","tnine",3.0,3.0,0.0,1.0,0.0,1.0,0.0,0.0
"USERGRID-1077","greyes",10.0,4.0,6.0,2.0,0.0,0.5,0.39285714285714285,0.5000012125355154
"USERGRID-1076","greyes",10.0,4.0,6.0,2.0,0.0,0.5,0.39285714285714285,0.5000012125355154
"USERGRID-1075","greyes",10.0,4.0,6.0,2.0,0.0,0.5,0.39285714285714285,0.5000012125355154
"USERGRID-1074","tnine",3.0,3.0,0.0,1.0,0.0,1.0,0.0,0.0
"USERGRID-1073","tnine",3.0,3.0,0.0,1.0,0.0,1.0,0.0,0.0
"USERGRID-1072","tnine",3.0,3.0,0.0,1.0,0.0,1.0,0.0,0.0
"USERGRID-1071","tnine",3.0,3.0,0.0,1.0,0.0,1.0,0.0,0.0
"USERGRID-1069","safeldm",0.0,0.0,0.0,0.0,0.0,0.0,0.0,0.0
"USERGRID-1068","tnine",3.0,3.0,0.0,1.0,0.0,1.0,0.0,0.0
"USERGRID-1067","tnine",3.0,3.0,0.0,1.0,0.0,1.0,0.0,0.0
"USERGRID-1058","djohnson",13.0,8.0,5.0,2.0,0.0,0.7272727272727273,0.34545454545454546,0.5345233660942814
"USERGRID-1052","tnine",3.0,3.0,0.0,1.0,0.0,1.0,0.0,0.0
"USERGRID-1051","jeffreyawest",12.0,9.0,3.0,2.0,0.0,0.9,0.2777777777777778,0.6324564568355433
"USERGRID-1048","tnine",3.0,3.0,0.0,1.0,0.0,1.0,0.0,0.0
"USERGRID-1038","safeldm",3.0,1.0,2.0,1.0,0.0,0.3333333333333333,0.3333333333333333,0.0
"USERGRID-1035","greyes",12.0,6.0,6.0,2.0,0.0,0.6666666666666666,0.4583333333333333,0.5773509169792526
"USERGRID-1033","jeffreyawest",14.0,11.0,3.0,2.0,0.0,1.0,0.2727272727272727,0.707107740499182
"USERGRID-1032","jeffreyawest",14.0,11.0,3.0,2.0,0.0,1.0,0.2727272727272727,0.707107740499182
"USERGRID-1031","jeffreyawest",14.0,11.0,3.0,2.0,0.0,1.0,0.2727272727272727,0.707107740499182
"USERGRID-1029","tnine",9.0,7.0,2.0,2.0,0.0,1.0,0.2857142857142857,0.7071075429271799
"USERGRID-1027","greyes",12.0,6.0,6.0,2.0,0.0,0.6666666666666666,0.4583333333333333,0.5773509169792526
"USERGRID-1026","jeffreyawest",15.0,11.0,4.0,2.0,0.0,0.9166666666666666,0.3106060606060606,0.6546546857380181
"USERGRID-1023","safeldm",3.0,1.0,2.0,1.0,0.0,0.3333333333333333,0.3333333333333333,0.0
"USERGRID-1022","safeldm",3.0,1.0,2.0,1.0,0.0,0.3333333333333333,0.3333333333333333,0.0
"USERGRID-1018","tnine",9.0,7.0,2.0,2.0,0.0,1.0,0.2857142857142857,0.7071075429271799
"USERGRID-1016","tnine",9.0,7.0,2.0,2.0,0.0,1.0,0.2857142857142857,0.7071075429271799
"USERGRID-1015","safeldm",3.0,1.0,2.0,1.0,0.0,0.3333333333333333,0.3333333333333333,0.0
"USERGRID-1013","safeldm",3.0,1.0,2.0,1.0,0.0,0.3333333333333333,0.3333333333333333,0.0
"USERGRID-1007","jeffreyawest",15.0,11.0,4.0,2.0,0.0,0.9166666666666666,0.3106060606060606,0.6546546857380181
"USERGRID-1005","safeldm",3.0,1.0,2.0,1.0,0.0,0.3333333333333333,0.3333333333333333,0.0
"USERGRID-1000","safeldm",3.0,1.0,2.0,1.0,0.0,0.3333333333333333,0.3333333333333333,0.0
"USERGRID-993","tnine",9.0,7.0,2.0,2.0,0.0,1.0,0.2857142857142857,0.7071075429271799
"USERGRID-992","jeffreyawest",15.0,11.0,4.0,2.0,0.0,0.9166666666666666,0.3106060606060606,0.6546546857380181
"USERGRID-991","jeffreyawest",15.0,11.0,4.0,2.0,0.0,0.9166666666666666,0.3106060606060606,0.6546546857380181
"USERGRID-950","mrusso",16.0,4.0,12.0,2.0,0.0,0.3076923076923077,0.28846153846153844,0.44721427859331486
"USERGRID-941","djohnson",15.0,8.0,7.0,2.0,0.0,0.6666666666666666,0.40151515151515155,0.5477234095052084
"USERGRID-939","djohnson",15.0,8.0,7.0,2.0,0.0,0.6666666666666666,0.40151515151515155,0.5477234095052084
"USERGRID-938","jeffreyawest",15.0,11.0,4.0,2.0,0.0,0.9166666666666666,0.3106060606060606,0.6546546857380181
"USERGRID-937","jeffreyawest",15.0,11.0,4.0,2.0,0.0,0.9166666666666666,0.3106060606060606,0.6546546857380181
"USERGRID-936","jeffreyawest",15.0,11.0,4.0,2.0,0.0,0.9166666666666666,0.3106060606060606,0.6546546857380181
"USERGRID-933","jeffreyawest",15.0,11.0,4.0,2.0,0.0,0.9166666666666666,0.3106060606060606,0.6546546857380181
"USERGRID-929","jeffreyawest",15.0,11.0,4.0,2.0,0.0,0.9166666666666666,0.3106060606060606,0.6546546857380181
"USERGRID-926","jeffreyawest",15.0,11.0,4.0,2.0,0.0,0.9166666666666666,0.3106060606060606,0.6546546857380181
"USERGRID-921","jeffreyawest",15.0,11.0,4.0,2.0,0.0,0.9166666666666666,0.3106060606060606,0.6546546857380181
"USERGRID-918","jeffreyawest",15.0,11.0,4.0,2.0,0.0,0.9166666666666666,0.3106060606060606,0.6546546857380181
"USERGRID-914","jeffreyawest",15.0,11.0,4.0,2.0,0.0,0.9166666666666666,0.3106060606060606,0.6546546857380181
"USERGRID-912","jeffreyawest",15.0,11.0,4.0,2.0,0.0,0.9166666666666666,0.3106060606060606,0.6546546857380181
"USERGRID-909","tnine",9.0,7.0,2.0,2.0,0.0,1.0,0.2857142857142857,0.7071075429271799
"USERGRID-908","safeldm",3.0,1.0,2.0,1.0,0.0,0.3333333333333333,0.3333333333333333,0.0
"USERGRID-907","tnine",9.0,7.0,2.0,2.0,0.0,1.0,0.2857142857142857,0.7071075429271799
"USERGRID-901","greyes",13.0,6.0,7.0,2.0,0.0,0.6,0.43333333333333335,0.5477232027798169
"USERGRID-900","mrusso",16.0,4.0,12.0,2.0,0.0,0.3076923076923077,0.28846153846153844,0.44721427859331486
"USERGRID-899","mrusso",16.0,4.0,12.0,2.0,0.0,0.3076923076923077,0.28846153846153844,0.44721427859331486
"USERGRID-898","greyes",13.0,6.0,7.0,2.0,0.0,0.6,0.43333333333333335,0.5477232027798169
"USERGRID-895","djohnson",16.0,8.0,8.0,2.0,0.0,0.6153846153846154,0.391025641025641,0.5222338118673719
"USERGRID-894","djohnson",16.0,8.0,8.0,2.0,0.0,0.6153846153846154,0.391025641025641,0.5222338118673719
"USERGRID-893","djohnson",16.0,8.0,8.0,2.0,0.0,0.6153846153846154,0.391025641025641,0.5222338118673719
"USERGRID-892","djohnson",16.0,8.0,8.0,2.0,0.0,0.6153846153846154,0.391025641025641,0.5222338118673719
"USERGRID-891","djohnson",16.0,8.0,8.0,2.0,0.0,0.6153846153846154,0.391025641025641,0.5222338118673719
"USERGRID-890","djohnson",16.0,8.0,8.0,2.0,0.0,0.6153846153846154,0.391025641025641,0.5222338118673719
"USERGRID-889","djohnson",16.0,8.0,8.0,2.0,0.0,0.6153846153846154,0.391025641025641,0.5222338118673719
"USERGRID-882","safeldm",3.0,1.0,2.0,1.0,0.0,0.3333333333333333,0.3333333333333333,0.0
"USERGRID-880","safeldm",3.0,1.0,2.0,1.0,0.0,0.3333333333333333,0.3333333333333333,0.0
"USERGRID-878","safeldm",3.0,1.0,2.0,1.0,0.0,0.3333333333333333,0.3333333333333333,0.0
"USERGRID-877","djohnson",16.0,8.0,8.0,2.0,0.0,0.6153846153846154,0.391025641025641,0.5222338118673719
"USERGRID-876","jeffreyawest",19.0,13.0,6.0,2.0,0.0,0.8666666666666667,0.3523809523809524,0.6324561667413304
"USERGRID-875","jeffreyawest",19.0,13.0,6.0,2.0,0.0,0.8666666666666667,0.3523809523809524,0.6324561667413304
"USERGRID-872","djohnson",16.0,8.0,8.0,2.0,0.0,0.6153846153846154,0.391025641025641,0.5222338118673719
"USERGRID-869","greyes",13.0,6.0,7.0,2.0,0.0,0.6,0.43333333333333335,0.5477232027798169
"USERGRID-862","greyes",13.0,6.0,7.0,2.0,0.0,0.6,0.43333333333333335,0.5477232027798169
"USERGRID-861","jeffreyawest",19.0,13.0,6.0,2.0,0.0,0.8666666666666667,0.3523809523809524,0.6324561667413304
"USERGRID-860","jeffreyawest",19.0,13.0,6.0,2.0,0.0,0.8666666666666667,0.3523809523809524,0.6324561667413304
"USERGRID-858","brandonshelley",6.0,5.0,1.0,1.0,0.0,0.8333333333333334,0.16666666666666666,0.0
"USERGRID-854","jeffreyawest",19.0,13.0,6.0,2.0,0.0,0.8666666666666667,0.3523809523809524,0.6324561667413304
"USERGRID-851","djohnson",16.0,8.0,8.0,2.0,0.0,0.6153846153846154,0.391025641025641,0.5222338118673719
"USERGRID-840","tnine",9.0,7.0,2.0,2.0,0.0,1.0,0.2857142857142857,0.7071075429271799
"USERGRID-831","jeffreyawest",19.0,13.0,6.0,2.0,0.0,0.8666666666666667,0.3523809523809524,0.6324561667413304
"USERGRID-788","djohnson",16.0,8.0,8.0,2.0,0.0,0.6153846153846154,0.391025641025641,0.5222338118673719
"USERGRID-785","mrusso",16.0,4.0,12.0,2.0,0.0,0.3076923076923077,0.28846153846153844,0.44721427859331486
"USERGRID-780","mrusso",16.0,4.0,12.0,2.0,0.0,0.3076923076923077,0.28846153846153844,0.44721427859331486
"USERGRID-779","mrusso",16.0,4.0,12.0,2.0,0.0,0.3076923076923077,0.28846153846153844,0.44721427859331486
"USERGRID-778","jeffreyawest",19.0,13.0,6.0,2.0,0.0,0.8666666666666667,0.3523809523809524,0.6324561667413304
"USERGRID-777","jeffreyawest",19.0,13.0,6.0,2.0,0.0,0.8666666666666667,0.3523809523809524,0.6324561667413304
"USERGRID-772","jeffreyawest",19.0,13.0,6.0,2.0,0.0,0.8666666666666667,0.3523809523809524,0.6324561667413304
"USERGRID-771","jeffreyawest",19.0,13.0,6.0,2.0,0.0,0.8666666666666667,0.3523809523809524,0.6324561667413304
"USERGRID-767","jeffreyawest",19.0,13.0,6.0,2.0,0.0,0.8666666666666667,0.3523809523809524,0.6324561667413304
"USERGRID-766","jeffreyawest",19.0,13.0,6.0,2.0,0.0,0.8666666666666667,0.3523809523809524,0.6324561667413304
"USERGRID-765","jeffreyawest",19.0,13.0,6.0,2.0,0.0,0.8666666666666667,0.3523809523809524,0.6324561667413304
"USERGRID-760","djohnson",17.0,8.0,9.0,2.0,0.0,0.5714285714285714,0.37912087912087916,0.5000008333209791
"USERGRID-759","jeffreyawest",20.0,13.0,7.0,2.0,0.0,0.8125,0.3625,0.6030233310025643
"USERGRID-757","safeldm",5.0,3.0,2.0,1.0,0.0,0.6,0.30000000000000004,0.0
"USERGRID-755","jeffreyawest",20.0,13.0,7.0,2.0,0.0,0.8125,0.3625,0.6030233310025643
"USERGRID-754","jeffreyawest",20.0,13.0,7.0,2.0,0.0,0.8125,0.3625,0.6030233310025643
"USERGRID-752","tnine",10.0,7.0,3.0,2.0,0.0,1.0,0.42857142857142855,0.7071074824489484
"USERGRID-751","tnine",10.0,7.0,3.0,2.0,0.0,1.0,0.42857142857142855,0.7071074824489484
"USERGRID-748","jeffreyawest",22.0,13.0,9.0,2.0,0.0,0.8125,0.46249999999999997,0.6324567003846989
"USERGRID-746","djohnson",18.0,9.0,9.0,2.0,0.0,0.6428571428571429,0.42307692307692313,0.5547007217580574
"USERGRID-745","safeldm",7.0,4.0,3.0,2.0,0.0,0.8,0.5,0.63245604027694
"USERGRID-744","tnine",10.0,7.0,3.0,2.0,0.0,1.0,0.42857142857142855,0.7071074824489484
"USERGRID-740","tnine",10.0,7.0,3.0,2.0,0.0,1.0,0.42857142857142855,0.7071074824489484
"USERGRID-739","jeffreyawest",22.0,13.0,9.0,2.0,0.0,0.8125,0.46249999999999997,0.6324567003846989
"USERGRID-738","jeffreyawest",22.0,13.0,9.0,2.0,0.0,0.8125,0.46249999999999997,0.6324567003846989
"USERGRID-729","jeffreyawest",22.0,13.0,9.0,2.0,0.0,0.8125,0.46249999999999997,0.6324567003846989
"USERGRID-726","jeffreyawest",22.0,13.0,9.0,2.0,0.0,0.8125,0.46249999999999997,0.6324567003846989
"USERGRID-725","jeffreyawest",22.0,13.0,9.0,2.0,0.0,0.8125,0.46249999999999997,0.6324567003846989
"USERGRID-724","jeffreyawest",22.0,13.0,9.0,2.0,0.0,0.8125,0.46249999999999997,0.6324567003846989
"USERGRID-720","jeffreyawest",22.0,13.0,9.0,2.0,0.0,0.8125,0.46249999999999997,0.6324567003846989
"USERGRID-719","jeffreyawest",22.0,13.0,9.0,2.0,0.0,0.8125,0.46249999999999997,0.6324567003846989
"USERGRID-716","rbridges",1.0,1.0,0.0,1.0,0.0,1.0,0.0,0.0
"USERGRID-715","rbridges",1.0,1.0,0.0,1.0,0.0,1.0,0.0,0.0
"USERGRID-714","rbridges",1.0,1.0,0.0,1.0,0.0,1.0,0.0,0.0
"USERGRID-713","rbridges",1.0,1.0,0.0,1.0,0.0,1.0,0.0,0.0
"USERGRID-709","rbridges",1.0,1.0,0.0,1.0,0.0,1.0,0.0,0.0
"USERGRID-708","rbridges",1.0,1.0,0.0,1.0,0.0,1.0,0.0,0.0
"USERGRID-707","greyes",16.0,7.0,9.0,2.0,0.0,0.5833333333333334,0.44696969696969696,0.5547006244371248
"USERGRID-706","tnine",10.0,7.0,3.0,2.0,0.0,1.0,0.42857142857142855,0.7071074824489484
"USERGRID-705","djohnson",18.0,9.0,9.0,2.0,0.0,0.6428571428571429,0.42307692307692313,0.5547007217580574
"USERGRID-704","safeldm",7.0,4.0,3.0,2.0,0.0,0.8,0.5,0.63245604027694
"USERGRID-703","safeldm",7.0,4.0,3.0,2.0,0.0,0.8,0.5,0.63245604027694
"USERGRID-702","greyes",16.0,7.0,9.0,2.0,0.0,0.5833333333333334,0.44696969696969696,0.5547006244371248
"USERGRID-700","safeldm",7.0,4.0,3.0,2.0,0.0,0.8,0.5,0.63245604027694
"USERGRID-699","safeldm",7.0,4.0,3.0,2.0,0.0,0.8,0.5,0.63245604027694
"USERGRID-698","safeldm",7.0,4.0,3.0,2.0,0.0,0.8,0.5,0.63245604027694
"USERGRID-697","safeldm",7.0,4.0,3.0,2.0,0.0,0.8,0.5,0.63245604027694
"USERGRID-695","safeldm",7.0,4.0,3.0,2.0,0.0,0.8,0.5,0.63245604027694
"USERGRID-693","safeldm",7.0,4.0,3.0,2.0,0.0,0.8,0.5,0.63245604027694
"USERGRID-692","safeldm",7.0,4.0,3.0,2.0,0.0,0.8,0.5,0.63245604027694
"USERGRID-690","safeldm",7.0,4.0,3.0,2.0,0.0,0.8,0.5,0.63245604027694
"USERGRID-689","safeldm",7.0,4.0,3.0,2.0,0.0,0.8,0.5,0.63245604027694
"USERGRID-688","safeldm",7.0,4.0,3.0,2.0,0.0,0.8,0.5,0.63245604027694
"USERGRID-687","greyes",16.0,7.0,9.0,2.0,0.0,0.5833333333333334,0.44696969696969696,0.5547006244371248
"USERGRID-686","greyes",16.0,7.0,9.0,2.0,0.0,0.5833333333333334,0.44696969696969696,0.5547006244371248
"USERGRID-685","safeldm",7.0,4.0,3.0,2.0,0.0,0.8,0.5,0.63245604027694
"USERGRID-680","djohnson",19.0,9.0,10.0,2.0,0.0,0.6,0.40952380952380957,0.5345230063176811
"USERGRID-679","jeffreyawest",23.0,14.0,9.0,2.0,0.0,0.8235294117647058,0.4411764705882353,0.6324567334981489
"USERGRID-678","jeffreyawest",23.0,14.0,9.0,2.0,0.0,0.8235294117647058,0.4411764705882353,0.6324567334981489
"USERGRID-677","greyes",16.0,7.0,9.0,2.0,0.0,0.5833333333333334,0.44696969696969696,0.5547006244371248
"USERGRID-676","jeffreyawest",23.0,14.0,9.0,2.0,0.0,0.8235294117647058,0.4411764705882353,0.6324567334981489
"USERGRID-675","greyes",16.0,7.0,9.0,2.0,0.0,0.5833333333333334,0.44696969696969696,0.5547006244371248
"USERGRID-672","jeffreyawest",23.0,14.0,9.0,2.0,0.0,0.8235294117647058,0.4411764705882353,0.6324567334981489
"USERGRID-671","jeffreyawest",23.0,14.0,9.0,2.0,0.0,0.8235294117647058,0.4411764705882353,0.6324567334981489
"USERGRID-670","jeffreyawest",23.0,14.0,9.0,2.0,0.0,0.8235294117647058,0.4411764705882353,0.6324567334981489
"USERGRID-669","safeldm",7.0,4.0,3.0,2.0,0.0,0.8,0.5,0.63245604027694
"USERGRID-667","jeffreyawest",23.0,14.0,9.0,2.0,0.0,0.8235294117647058,0.4411764705882353,0.6324567334981489
"USERGRID-666","jeffreyawest",23.0,14.0,9.0,2.0,0.0,0.8235294117647058,0.4411764705882353,0.6324567334981489
"USERGRID-664","safeldm",7.0,4.0,3.0,2.0,0.0,0.8,0.5,0.63245604027694
"USERGRID-663","safeldm",7.0,4.0,3.0,2.0,0.0,0.8,0.5,0.63245604027694
"USERGRID-662","safeldm",7.0,4.0,3.0,2.0,0.0,0.8,0.5,0.63245604027694
"USERGRID-661","safeldm",7.0,4.0,3.0,2.0,0.0,0.8,0.5,0.63245604027694
"USERGRID-660","safeldm",7.0,4.0,3.0,2.0,0.0,0.8,0.5,0.63245604027694
"USERGRID-659","safeldm",7.0,4.0,3.0,2.0,0.0,0.8,0.5,0.63245604027694
"USERGRID-654","djohnson",19.0,9.0,10.0,2.0,0.0,0.6,0.40952380952380957,0.5345230063176811
"USERGRID-652","jeffreyawest",23.0,14.0,9.0,2.0,0.0,0.8235294117647058,0.4411764705882353,0.6324567334981489
"USERGRID-647","jeffreyawest",23.0,14.0,9.0,2.0,0.0,0.8235294117647058,0.4411764705882353,0.6324567334981489
"USERGRID-645","tnine",10.0,7.0,3.0,2.0,0.0,1.0,0.42857142857142855,0.7071074824489484
"USERGRID-644","safeldm",7.0,4.0,3.0,2.0,0.0,0.8,0.5,0.63245604027694
"USERGRID-643","safeldm",7.0,4.0,3.0,2.0,0.0,0.8,0.5,0.63245604027694
"USERGRID-642","safeldm",7.0,4.0,3.0,2.0,0.0,0.8,0.5,0.63245604027694
"USERGRID-641","safeldm",7.0,4.0,3.0,2.0,0.0,0.8,0.5,0.63245604027694
"USERGRID-640","jeffreyawest",23.0,14.0,9.0,2.0,0.0,0.8235294117647058,0.4411764705882353,0.6324567334981489
"USERGRID-639","jeffreyawest",23.0,14.0,9.0,2.0,0.0,0.8235294117647058,0.4411764705882353,0.6324567334981489
"USERGRID-637","jeffreyawest",23.0,14.0,9.0,2.0,0.0,0.8235294117647058,0.4411764705882353,0.6324567334981489
"USERGRID-636","jeffreyawest",23.0,14.0,9.0,2.0,0.0,0.8235294117647058,0.4411764705882353,0.6324567334981489
"USERGRID-635","jeffreyawest",23.0,14.0,9.0,2.0,0.0,0.8235294117647058,0.4411764705882353,0.6324567334981489
"USERGRID-634","jeffreyawest",23.0,14.0,9.0,2.0,0.0,0.8235294117647058,0.4411764705882353,0.6324567334981489
"USERGRID-632","jeffreyawest",23.0,14.0,9.0,2.0,0.0,0.8235294117647058,0.4411764705882353,0.6324567334981489
"USERGRID-631","jeffreyawest",23.0,14.0,9.0,2.0,0.0,0.8235294117647058,0.4411764705882353,0.6324567334981489
"USERGRID-630","jeffreyawest",23.0,14.0,9.0,2.0,0.0,0.8235294117647058,0.4411764705882353,0.6324567334981489
"USERGRID-629","jeffreyawest",23.0,14.0,9.0,2.0,0.0,0.8235294117647058,0.4411764705882353,0.6324567334981489
"USERGRID-628","jeffreyawest",23.0,14.0,9.0,2.0,0.0,0.8235294117647058,0.4411764705882353,0.6324567334981489
"USERGRID-626","jeffreyawest",23.0,14.0,9.0,2.0,0.0,0.8235294117647058,0.4411764705882353,0.6324567334981489
"USERGRID-625","jeffreyawest",23.0,14.0,9.0,2.0,0.0,0.8235294117647058,0.4411764705882353,0.6324567334981489
"USERGRID-624","jeffreyawest",23.0,14.0,9.0,2.0,0.0,0.8235294117647058,0.4411764705882353,0.6324567334981489
"USERGRID-623","jeffreyawest",23.0,14.0,9.0,2.0,0.0,0.8235294117647058,0.4411764705882353,0.6324567334981489
"USERGRID-622","jeffreyawest",23.0,14.0,9.0,2.0,0.0,0.8235294117647058,0.4411764705882353,0.6324567334981489
"USERGRID-621","jeffreyawest",23.0,14.0,9.0,2.0,0.0,0.8235294117647058,0.4411764705882353,0.6324567334981489
"USERGRID-618","djohnson",20.0,10.0,10.0,2.0,0.0,0.625,0.4,0.5345230426019265
"USERGRID-614","tnine",10.0,7.0,3.0,2.0,0.0,1.0,0.42857142857142855,0.7071074824489484
"USERGRID-613","jeffreyawest",23.0,14.0,9.0,2.0,0.0,0.8235294117647058,0.4411764705882353,0.6324567334981489
"USERGRID-612","safeldm",8.0,5.0,3.0,2.0,0.0,0.8333333333333334,0.43333333333333335,0.6324561755430423
"USERGRID-609","safeldm",8.0,5.0,3.0,2.0,0.0,0.8333333333333334,0.43333333333333335,0.6324561755430423
"USERGRID-608","safeldm",8.0,5.0,3.0,2.0,0.0,0.8333333333333334,0.43333333333333335,0.6324561755430423
"USERGRID-607","safeldm",8.0,5.0,3.0,2.0,0.0,0.8333333333333334,0.43333333333333335,0.6324561755430423
"USERGRID-606","safeldm",8.0,5.0,3.0,2.0,0.0,0.8333333333333334,0.43333333333333335,0.6324561755430423
"USERGRID-602","djohnson",20.0,10.0,10.0,2.0,0.0,0.625,0.4,0.5345230426019265
"USERGRID-601","djohnson",20.0,10.0,10.0,2.0,0.0,0.625,0.4,0.5345230426019265
"USERGRID-598","safeldm",8.0,5.0,3.0,2.0,0.0,0.8333333333333334,0.43333333333333335,0.6324561755430423
"USERGRID-596","jeffreyawest",23.0,14.0,9.0,2.0,0.0,0.8235294117647058,0.4411764705882353,0.6324567334981489
"USERGRID-593","tnine",10.0,7.0,3.0,2.0,0.0,1.0,0.42857142857142855,0.7071074824489484
"USERGRID-592","djohnson",20.0,10.0,10.0,2.0,0.0,0.625,0.4,0.5345230426019265
"USERGRID-589","tnine",10.0,7.0,3.0,2.0,0.0,1.0,0.42857142857142855,0.7071074824489484
"USERGRID-588","jeffreyawest",24.0,15.0,9.0,2.0,0.0,0.8823529411764706,0.47058823529411764,0.661438527106328
"USERGRID-587","safeldm",8.0,5.0,3.0,2.0,0.0,0.8333333333333334,0.43333333333333335,0.6324561755430423
"USERGRID-586","jeffreyawest",24.0,15.0,9.0,2.0,0.0,0.8823529411764706,0.47058823529411764,0.661438527106328
"USERGRID-585","jeffreyawest",24.0,15.0,9.0,2.0,0.0,0.8823529411764706,0.47058823529411764,0.661438527106328
"USERGRID-584","greyes",17.0,7.0,10.0,2.0,0.0,0.5384615384615384,0.4230769230769231,0.5345229095597075
"USERGRID-582","safeldm",8.0,5.0,3.0,2.0,0.0,0.8333333333333334,0.43333333333333335,0.6324561755430423
"USERGRID-581","greyes",17.0,7.0,10.0,2.0,0.0,0.5384615384615384,0.4230769230769231,0.5345229095597075
"USERGRID-579","pandacat",1.0,1.0,0.0,1.0,0.0,1.0,0.0,0.0
"USERGRID-578","safeldm",9.0,6.0,3.0,2.0,0.0,1.0,0.5,0.7071073762188261
"USERGRID-576","djohnson",20.0,10.0,10.0,2.0,0.0,0.625,0.4,0.5345230426019265
"USERGRID-575","djohnson",20.0,10.0,10.0,2.0,0.0,0.625,0.4,0.5345230426019265
"USERGRID-572","jeffreyawest",24.0,15.0,9.0,2.0,0.0,0.8823529411764706,0.47058823529411764,0.661438527106328
"USERGRID-568","safeldm",9.0,6.0,3.0,2.0,0.0,1.0,0.5,0.7071073762188261
"USERGRID-567","djohnson",20.0,10.0,10.0,2.0,0.0,0.625,0.4,0.5345230426019265
"USERGRID-563","djohnson",20.0,10.0,10.0,2.0,0.0,0.625,0.4,0.5345230426019265
"USERGRID-561","jeffreyawest",24.0,15.0,9.0,2.0,0.0,0.8823529411764706,0.47058823529411764,0.661438527106328
"USERGRID-560","jeffreyawest",24.0,15.0,9.0,2.0,0.0,0.8823529411764706,0.47058823529411764,0.661438527106328
"USERGRID-559","tnine",11.0,7.0,4.0,2.0,0.0,1.0,0.5714285714285714,0.7071071754223778
"USERGRID-556","jeffreyawest",24.0,15.0,9.0,2.0,0.0,0.8823529411764706,0.47058823529411764,0.661438527106328
"USERGRID-555","jeffreyawest",24.0,15.0,9.0,2.0,0.0,0.8823529411764706,0.47058823529411764,0.661438527106328
"USERGRID-550","safeldm",9.0,6.0,3.0,2.0,0.0,1.0,0.5,0.7071073762188261
"USERGRID-549","safeldm",10.0,6.0,4.0,2.0,0.0,1.0,0.6666666666666666,0.7071071138230264
"USERGRID-548","greyes",18.0,8.0,10.0,2.0,0.0,0.6153846153846154,0.4807692307692307,0.577349675552659
"USERGRID-546","jeffreyawest",24.0,15.0,9.0,2.0,0.0,0.8823529411764706,0.47058823529411764,0.661438527106328
"USERGRID-545","jeffreyawest",24.0,15.0,9.0,2.0,0.0,0.8823529411764706,0.47058823529411764,0.661438527106328
"USERGRID-544","jeffreyawest",24.0,15.0,9.0,2.0,0.0,0.8823529411764706,0.47058823529411764,0.661438527106328
"USERGRID-543","jeffreyawest",24.0,15.0,9.0,2.0,0.0,0.8823529411764706,0.47058823529411764,0.661438527106328
"USERGRID-542","greyes",18.0,8.0,10.0,2.0,0.0,0.6153846153846154,0.4807692307692307,0.577349675552659
"USERGRID-541","safeldm",10.0,6.0,4.0,2.0,0.0,1.0,0.6666666666666666,0.7071071138230264
"USERGRID-539","safeldm",10.0,6.0,4.0,2.0,0.0,1.0,0.6666666666666666,0.7071071138230264
"USERGRID-538","senthilkumar.kj",0.0,0.0,0.0,0.0,0.0,0.0,0.0,0.0
"USERGRID-536","tnine",11.0,7.0,4.0,2.0,0.0,1.0,0.5714285714285714,0.7071071754223778
"USERGRID-535","jeffreyawest",24.0,15.0,9.0,2.0,0.0,0.8823529411764706,0.47058823529411764,0.661438527106328
"USERGRID-533","jeffreyawest",24.0,15.0,9.0,2.0,0.0,0.8823529411764706,0.47058823529411764,0.661438527106328
"USERGRID-532","jeffreyawest",24.0,15.0,9.0,2.0,0.0,0.8823529411764706,0.47058823529411764,0.661438527106328
"USERGRID-530","djohnson",20.0,10.0,10.0,2.0,0.0,0.625,0.4,0.5345230426019265
"USERGRID-529","jeffreyawest",24.0,15.0,9.0,2.0,0.0,0.8823529411764706,0.47058823529411764,0.661438527106328
"USERGRID-527","jeffreyawest",24.0,15.0,9.0,2.0,0.0,0.8823529411764706,0.47058823529411764,0.661438527106328
"USERGRID-521","jeffreyawest",24.0,15.0,9.0,2.0,0.0,0.8823529411764706,0.47058823529411764,0.661438527106328
"USERGRID-519","jeffreyawest",24.0,15.0,9.0,2.0,0.0,0.8823529411764706,0.47058823529411764,0.661438527106328
"USERGRID-518","jeffreyawest",24.0,15.0,9.0,2.0,0.0,0.8823529411764706,0.47058823529411764,0.661438527106328
"USERGRID-515","jeffreyawest",24.0,15.0,9.0,2.0,0.0,0.8823529411764706,0.47058823529411764,0.661438527106328
"USERGRID-511","tnine",11.0,7.0,4.0,2.0,0.0,1.0,0.5714285714285714,0.7071071754223778
"USERGRID-509","tnine",11.0,7.0,4.0,2.0,0.0,1.0,0.5714285714285714,0.7071071754223778
"USERGRID-507","jeffreyawest",24.0,15.0,9.0,2.0,0.0,0.8823529411764706,0.47058823529411764,0.661438527106328
"USERGRID-505","jeffreyawest",24.0,15.0,9.0,2.0,0.0,0.8823529411764706,0.47058823529411764,0.661438527106328
"USERGRID-504","greyes",18.0,8.0,10.0,2.0,0.0,0.6153846153846154,0.4807692307692307,0.577349675552659
"USERGRID-502","greyes",18.0,8.0,10.0,2.0,0.0,0.6153846153846154,0.4807692307692307,0.577349675552659
"USERGRID-501","safeldm",10.0,6.0,4.0,2.0,0.0,1.0,0.6666666666666666,0.7071071138230264
"USERGRID-494","tnine",11.0,7.0,4.0,2.0,0.0,1.0,0.5714285714285714,0.7071071754223778
"USERGRID-493","greyes",18.0,8.0,10.0,2.0,0.0,0.6153846153846154,0.4807692307692307,0.577349675552659
"USERGRID-491","tnine",11.0,7.0,4.0,2.0,0.0,1.0,0.5714285714285714,0.7071071754223778
"USERGRID-490","tnine",11.0,7.0,4.0,2.0,0.0,1.0,0.5714285714285714,0.7071071754223778
"USERGRID-486","tnine",11.0,7.0,4.0,2.0,0.0,1.0,0.5714285714285714,0.7071071754223778
"USERGRID-479","rockerston",4.0,4.0,0.0,1.0,0.0,1.0,0.0,0.0
"USERGRID-478","tnine",11.0,7.0,4.0,2.0,0.0,1.0,0.5714285714285714,0.7071071754223778
"USERGRID-474","tnine",11.0,7.0,4.0,2.0,0.0,1.0,0.5714285714285714,0.7071071754223778
"USERGRID-473","safeldm",10.0,6.0,4.0,2.0,0.0,1.0,0.6666666666666666,0.7071071138230264
"USERGRID-466","jeffreyawest",26.0,17.0,9.0,2.0,0.0,0.8947368421052632,0.4269005847953216,0.6614362116078486
"USERGRID-465","greyes",19.0,9.0,10.0,2.0,0.0,0.6428571428571429,0.4670329670329671,0.5773496369389362
"USERGRID-462","tnine",11.0,7.0,4.0,2.0,0.0,1.0,0.5714285714285714,0.7071071754223778
"USERGRID-461","tnine",11.0,7.0,4.0,2.0,0.0,1.0,0.5714285714285714,0.7071071754223778
"USERGRID-457","rockerston",4.0,4.0,0.0,1.0,0.0,1.0,0.0,0.0
"USERGRID-456","tnine",11.0,7.0,4.0,2.0,0.0,1.0,0.5714285714285714,0.7071071754223778
"USERGRID-454","safeldm",10.0,6.0,4.0,2.0,0.0,1.0,0.6666666666666666,0.7071071138230264
"USERGRID-451","safeldm",10.0,6.0,4.0,2.0,0.0,1.0,0.6666666666666666,0.7071071138230264
"USERGRID-448","djohnson",21.0,11.0,10.0,2.0,0.0,0.6470588235294118,0.3897058823529412,0.5345230733039826
"USERGRID-447","tnine",11.0,7.0,4.0,2.0,0.0,1.0,0.5714285714285714,0.7071071754223778
"USERGRID-443","jeffreyawest",26.0,17.0,9.0,2.0,0.0,0.8947368421052632,0.4269005847953216,0.6614362116078486
"USERGRID-442","jeffreyawest",26.0,17.0,9.0,2.0,0.0,0.8947368421052632,0.4269005847953216,0.6614362116078486
"USERGRID-439","jeffreyawest",26.0,17.0,9.0,2.0,0.0,0.8947368421052632,0.4269005847953216,0.6614362116078486
"USERGRID-432","safeldm",10.0,6.0,4.0,2.0,0.0,1.0,0.6666666666666666,0.7071071138230264
"USERGRID-423","greyes",19.0,9.0,10.0,2.0,0.0,0.6428571428571429,0.4670329670329671,0.5773496369389362
"USERGRID-419","djohnson",21.0,11.0,10.0,2.0,0.0,0.6470588235294118,0.3897058823529412,0.5345230733039826
"USERGRID-418","greyes",19.0,9.0,10.0,2.0,0.0,0.6428571428571429,0.4670329670329671,0.5773496369389362
"USERGRID-416","safeldm",10.0,6.0,4.0,2.0,0.0,1.0,0.6666666666666666,0.7071071138230264
"USERGRID-415","jeffreyawest",26.0,17.0,9.0,2.0,0.0,0.8947368421052632,0.4269005847953216,0.6614362116078486
"USERGRID-414","tnine",11.0,7.0,4.0,2.0,0.0,1.0,0.5714285714285714,0.7071071754223778
"USERGRID-412","safeldm",10.0,6.0,4.0,2.0,0.0,1.0,0.6666666666666666,0.7071071138230264
"USERGRID-409","tnine",11.0,7.0,4.0,2.0,0.0,1.0,0.5714285714285714,0.7071071754223778
"USERGRID-405","tnine",11.0,7.0,4.0,2.0,0.0,1.0,0.5714285714285714,0.7071071754223778
"USERGRID-396","greyes",19.0,9.0,10.0,2.0,0.0,0.6428571428571429,0.4670329670329671,0.5773496369389362
"USERGRID-395","greyes",19.0,9.0,10.0,2.0,0.0,0.6428571428571429,0.4670329670329671,0.5773496369389362
"USERGRID-393","safeldm",10.0,6.0,4.0,2.0,0.0,1.0,0.6666666666666666,0.7071071138230264
"USERGRID-388","tnine",11.0,7.0,4.0,2.0,0.0,1.0,0.5714285714285714,0.7071071754223778
"USERGRID-387","greyes",19.0,9.0,10.0,2.0,0.0,0.6428571428571429,0.4670329670329671,0.5773496369389362
"USERGRID-386","rockerston",5.0,5.0,0.0,1.0,0.0,1.0,0.0,0.0
"USERGRID-385","djohnson",21.0,11.0,10.0,2.0,0.0,0.6470588235294118,0.3897058823529412,0.5345230733039826
"USERGRID-383","rockerston",5.0,5.0,0.0,1.0,0.0,1.0,0.0,0.0
"USERGRID-379","djohnson",21.0,11.0,10.0,2.0,0.0,0.6470588235294118,0.3897058823529412,0.5345230733039826
"USERGRID-361","rockerston",7.0,7.0,0.0,1.0,0.0,1.0,0.0,0.0
"USERGRID-360","rockerston",7.0,7.0,0.0,1.0,0.0,1.0,0.0,0.0
"USERGRID-349","greyes",20.0,10.0,10.0,2.0,0.0,0.6666666666666666,0.45238095238095244,0.5773496046366724
"USERGRID-348","greyes",20.0,10.0,10.0,2.0,0.0,0.6666666666666666,0.45238095238095244,0.5773496046366724
"USERGRID-347","greyes",20.0,10.0,10.0,2.0,0.0,0.6666666666666666,0.45238095238095244,0.5773496046366724
"USERGRID-345","greyes",20.0,10.0,10.0,2.0,0.0,0.6666666666666666,0.45238095238095244,0.5773496046366724
"USERGRID-342","greyes",20.0,10.0,10.0,2.0,0.0,0.6666666666666666,0.45238095238095244,0.5773496046366724
"USERGRID-340","greyes",20.0,10.0,10.0,2.0,0.0,0.6666666666666666,0.45238095238095244,0.5773496046366724
"USERGRID-338","greyes",20.0,10.0,10.0,2.0,0.0,0.6666666666666666,0.45238095238095244,0.5773496046366724
"USERGRID-336","greyes",20.0,10.0,10.0,2.0,0.0,0.6666666666666666,0.45238095238095244,0.5773496046366724
"USERGRID-335","greyes",20.0,10.0,10.0,2.0,0.0,0.6666666666666666,0.45238095238095244,0.5773496046366724
"USERGRID-334","greyes",20.0,10.0,10.0,2.0,0.0,0.6666666666666666,0.45238095238095244,0.5773496046366724
"USERGRID-333","greyes",20.0,10.0,10.0,2.0,0.0,0.6666666666666666,0.45238095238095244,0.5773496046366724
"USERGRID-332","greyes",20.0,10.0,10.0,2.0,0.0,0.6666666666666666,0.45238095238095244,0.5773496046366724
"USERGRID-294","djohnson",26.0,15.0,11.0,2.0,0.0,0.7142857142857143,0.380952380952381,0.5590162256860334
"USERGRID-281","safeldm",11.0,6.0,5.0,2.0,0.0,0.8571428571428571,0.6190476190476191,0.6666670151252344
"USERGRID-280","safeldm",11.0,6.0,5.0,2.0,0.0,0.8571428571428571,0.6190476190476191,0.6666670151252344
"USERGRID-273","tnine",15.0,9.0,6.0,2.0,0.0,0.9,0.5444444444444445,0.6741992583914549
"USERGRID-262","tnine",15.0,9.0,6.0,2.0,0.0,0.9,0.5444444444444445,0.6741992583914549
"USERGRID-241","djohnson",28.0,16.0,12.0,2.0,0.0,0.6956521739130435,0.3695652173913043,0.542325364816533
"USERGRID-235","scottganyo",1.0,1.0,0.0,1.0,0.0,1.0,0.0,0.0
"USERGRID-216","stliu",2.0,2.0,0.0,1.0,0.0,1.0,0.0,0.0
"USERGRID-193","pjain@apigee.com",1.0,1.0,0.0,1.0,0.0,1.0,0.0,0.0
"USERGRID-51","rockerston",26.0,20.0,6.0,2.0,0.0,0.9090909090909091,0.2510822510822511,0.6324562677175981
"USERGRID-29","rockerston",26.0,20.0,6.0,2.0,0.0,0.9090909090909091,0.2510822510822511,0.6324562677175981
"USERGRID-27","rockerston",26.0,20.0,6.0,2.0,0.0,0.9090909090909091,0.2510822510822511,0.6324562677175981
"USERGRID-21","rockerston",26.0,20.0,6.0,2.0,0.0,0.9090909090909091,0.2510822510822511,0.6324562677175981
