"issue_key","concatSprintCount","sp_sprint","concatCreateCount","firststorypoints","wordsDiff","sp_diff"
"XD-3765",6,-1.0,6,8.0,0,-9.0
"XD-3748",279,-1.0,279,1.0,0,-2.0
"XD-3747",6,-1.0,6,1.0,0,-2.0
"XD-3746",0,-1.0,0,1.0,0,-2.0
"XD-3745",10,-1.0,10,1.0,0,-2.0
"XD-3744",34,1.0,11,1.0,23,0.0
"XD-3743",10,1.0,10,1.0,0,0.0
"XD-3742",58,3.0,58,3.0,0,0.0
"XD-3741",75,1.0,75,1.0,0,0.0
"XD-3740",16,1.0,16,1.0,0,0.0
"XD-3739",109,5.0,106,5.0,3,0.0
"XD-3738",47,2.0,47,2.0,0,0.0
"XD-3737",23,1.0,23,1.0,0,0.0
"XD-3736",15,2.0,26,2.0,-11,0.0
"XD-3734",8,1.0,8,1.0,0,0.0
"XD-3733",17,1.0,17,1.0,0,0.0
"XD-3731",414,1.0,414,1.0,0,0.0
"XD-3730",25,-1.0,25,3.0,0,-4.0
"XD-3725",5,1.0,5,1.0,0,0.0
"XD-3721",73,1.0,73,1.0,0,0.0
"XD-3718",21,1.0,21,1.0,0,0.0
"XD-3716",7,2.0,7,2.0,0,0.0
"XD-3715",0,5.0,0,5.0,0,0.0
"XD-3714",15,3.0,15,3.0,0,0.0
"XD-3709",42,3.0,25,"3.0",17,0.0
"XD-3708",16,1.0,16,1.0,0,0.0
"XD-3705",16,5.0,16,5.0,0,0.0
"XD-3702",25,3.0,25,3.0,0,0.0
"XD-3701",33,1.0,33,1.0,0,0.0
"XD-3699",22,1.0,22,1.0,0,0.0
"XD-3698",30,1.0,30,1.0,0,0.0
"XD-3697",90,1.0,90,"3.0",0,-2.0
"XD-3696",13,1.0,13,1.0,0,0.0
"XD-3695",13,1.0,13,1.0,0,0.0
"XD-3693",18,1.0,18,1.0,0,0.0
"XD-3692",15,5.0,15,5.0,0,0.0
"XD-3691",19,2.0,19,2.0,0,0.0
"XD-3690",13,1.0,13,1.0,0,0.0
"XD-3689",25,3.0,25,3.0,0,0.0
"XD-3685",472,3.0,472,3.0,0,0.0
"XD-3684",20,3.0,20,3.0,0,0.0
"XD-3683",61,1.0,61,1.0,0,0.0
"XD-3673",17,5.0,17,5.0,0,0.0
"XD-3672",0,1.0,0,"3.0",0,-2.0
"XD-3670",16,5.0,16,5.0,0,0.0
"XD-3669",18,1.0,18,1.0,0,0.0
"XD-3654",16,3.0,16,3.0,0,0.0
"XD-3652",34,5.0,34,5.0,0,0.0
"XD-3651",22,1.0,22,1.0,0,0.0
"XD-3645",413,2.0,413,2.0,0,0.0
"XD-3644",19,5.0,19,5.0,0,0.0
"XD-3641",12,3.0,12,"2.0",0,1.0
"XD-3637",14,1.0,14,1.0,0,0.0
"XD-3636",17,1.0,17,1.0,0,0.0
"XD-3633",31,1.0,31,1.0,0,0.0
"XD-3629",19,3.0,19,3.0,0,0.0
"XD-3627",10,1.0,10,1.0,0,0.0
"XD-3622",19,3.0,19,3.0,0,0.0
"XD-3621",23,3.0,21,3.0,2,0.0
"XD-3619",24,3.0,24,"3.0",0,0.0
"XD-3617",0,2.0,0,2.0,0,0.0
"XD-3616",23,3.0,23,3.0,0,0.0
"XD-3610",28,3.0,27,"3.0",1,0.0
"XD-3602",19,2.0,20,2.0,-1,0.0
"XD-3601",34,3.0,34,3.0,0,0.0
"XD-3598",6,1.0,6,1.0,0,0.0
"XD-3597",19,3.0,19,3.0,0,0.0
"XD-3596",17,1.0,18,"2.0",-1,-1.0
"XD-3595",17,3.0,17,3.0,0,0.0
"XD-3594",19,3.0,19,3.0,0,0.0
"XD-3593",16,2.0,16,2.0,0,0.0
"XD-3589",76,8.0,76,8.0,0,0.0
"XD-3582",0,8.0,0,8.0,0,0.0
"XD-3581",0,3.0,0,3.0,0,0.0
"XD-3576",22,5.0,22,5.0,0,0.0
"XD-3575",19,5.0,19,5.0,0,0.0
"XD-3574",21,2.0,21,"2.0",0,0.0
"XD-3573",23,2.0,21,2.0,2,0.0
"XD-3571",20,2.0,20,"2.0",0,0.0
"XD-3570",21,1.0,21,1.0,0,0.0
"XD-3569",39,3.0,21,3.0,18,0.0
"XD-3568",217,3.0,217,3.0,0,0.0
"XD-3567",46,3.0,46,3.0,0,0.0
"XD-3566",18,3.0,18,3.0,0,0.0
"XD-3560",24,5.0,24,5.0,0,0.0
"XD-3556",23,5.0,23,5.0,0,0.0
"XD-3552",35,3.0,35,3.0,0,0.0
"XD-3508",20,3.0,20,3.0,0,0.0
"XD-3506",0,1.0,0,1.0,0,0.0
"XD-3505",28,3.0,19,3.0,9,0.0
"XD-3503",58,2.0,55,2.0,3,0.0
"XD-3502",0,1.0,0,1.0,0,0.0
"XD-3501",52,2.0,50,2.0,2,0.0
"XD-3493",22,3.0,0,3.0,22,0.0
"XD-3492",0,1.0,0,1.0,0,0.0
"XD-3491",0,3.0,0,3.0,0,0.0
"XD-3488",0,8.0,0,"2.0",0,6.0
"XD-3486",26,5.0,26,"5.0",0,0.0
"XD-3482",19,5.0,19,5.0,0,0.0
"XD-3469",27,3.0,27,3.0,0,0.0
"XD-3468",167,2.0,167,2.0,0,0.0
"XD-3466",21,1.0,21,1.0,0,0.0
"XD-3464",37,2.0,37,2.0,0,0.0
"XD-3463",21,2.0,21,2.0,0,0.0
"XD-3462",22,1.0,17,1.0,5,0.0
"XD-3461",26,1.0,26,1.0,0,0.0
"XD-3458",0,3.0,0,3.0,0,0.0
"XD-3456",19,3.0,19,3.0,0,0.0
"XD-3454",15,3.0,15,3.0,0,0.0
"XD-3451",30,2.0,30,2.0,0,0.0
"XD-3450",20,2.0,20,2.0,0,0.0
"XD-3447",18,8.0,18,8.0,0,0.0
"XD-3446",103,1.0,103,1.0,0,0.0
"XD-3445",21,3.0,21,3.0,0,0.0
"XD-3444",20,5.0,20,5.0,0,0.0
"XD-3436",18,3.0,18,3.0,0,0.0
"XD-3432",20,1.0,20,1.0,0,0.0
"XD-3430",32,8.0,32,8.0,0,0.0
"XD-3425",21,8.0,21,8.0,0,0.0
"XD-3424",67,3.0,67,"5.0",0,-2.0
"XD-3423",33,5.0,33,"4.0",0,1.0
"XD-3419",19,8.0,19,8.0,0,0.0
"XD-3417",14,1.0,14,"2.0",0,-1.0
"XD-3416",24,5.0,24,5.0,0,0.0
"XD-3412",22,3.0,22,"3.0",0,0.0
"XD-3404",24,2.0,24,2.0,0,0.0
"XD-3402",35,2.0,35,"2.0",0,0.0
"XD-3401",25,2.0,25,"2.0",0,0.0
"XD-3400",25,2.0,25,"2.0",0,0.0
"XD-3399",20,5.0,20,5.0,0,0.0
"XD-3398",23,1.0,13,1.0,10,0.0
"XD-3397",20,2.0,20,2.0,0,0.0
"XD-3396",27,3.0,27,3.0,0,0.0
"XD-3395",19,3.0,19,3.0,0,0.0
"XD-3394",53,1.0,53,1.0,0,0.0
"XD-3393",22,3.0,22,3.0,0,0.0
"XD-3387",39,2.0,39,2.0,0,0.0
"XD-3385",559,-1.0,559,3.0,0,-4.0
"XD-3384",26,8.0,26,8.0,0,0.0
"XD-3381",60,5.0,60,5.0,0,0.0
"XD-3380",38,5.0,38,5.0,0,0.0
"XD-3378",22,8.0,22,"8.0",0,0.0
"XD-3377",29,5.0,29,"5.0",0,0.0
"XD-3376",20,2.0,20,"2.0",0,0.0
"XD-3374",20,2.0,20,2.0,0,0.0
"XD-3373",44,5.0,44,5.0,0,0.0
"XD-3370",24,2.0,24,"2.0",0,0.0
"XD-3369",21,2.0,21,"2.0",0,0.0
"XD-3367",21,2.0,21,2.0,0,0.0
"XD-3366",21,2.0,21,2.0,0,0.0
"XD-3364",21,2.0,21,"2.0",0,0.0
"XD-3362",20,2.0,20,2.0,0,0.0
"XD-3359",46,5.0,46,5.0,0,0.0
"XD-3358",18,1.0,18,"1.0",0,0.0
"XD-3354",11,3.0,11,3.0,0,0.0
"XD-3353",21,5.0,15,5.0,6,0.0
"XD-3352",19,3.0,19,3.0,0,0.0
"XD-3351",0,2.0,0,2.0,0,0.0
"XD-3350",23,3.0,23,3.0,0,0.0
"XD-3349",23,5.0,23,5.0,0,0.0
"XD-3347",16,5.0,17,5.0,-1,0.0
"XD-3346",41,1.0,29,1.0,12,0.0
"XD-3344",23,2.0,20,"2.0",3,0.0
"XD-3341",18,1.0,18,1.0,0,0.0
"XD-3338",23,2.0,23,2.0,0,0.0
"XD-3335",18,3.0,18,3.0,0,0.0
"XD-3334",20,3.0,20,"3.0",0,0.0
"XD-3332",21,2.0,7,2.0,14,0.0
"XD-3331",13,2.0,13,2.0,0,0.0
"XD-3330",8,2.0,5,2.0,3,0.0
"XD-3329",10,2.0,10,"2.0",0,0.0
"XD-3328",11,2.0,11,"2.0",0,0.0
"XD-3326",21,1.0,21,1.0,0,0.0
"XD-3325",16,2.0,16,2.0,0,0.0
"XD-3322",20,3.0,20,3.0,0,0.0
"XD-3321",30,3.0,27,3.0,3,0.0
"XD-3320",18,5.0,19,5.0,-1,0.0
"XD-3319",30,5.0,30,5.0,0,0.0
"XD-3318",22,5.0,19,5.0,3,0.0
"XD-3317",30,5.0,30,"5.0",0,0.0
"XD-3316",20,5.0,20,5.0,0,0.0
"XD-3315",26,5.0,26,"5.0",0,0.0
"XD-3314",16,3.0,16,"3.0",0,0.0
"XD-3313",24,5.0,19,"3.0",5,2.0
"XD-3312",22,3.0,22,3.0,0,0.0
"XD-3311",16,3.0,16,3.0,0,0.0
"XD-3310",20,5.0,20,5.0,0,0.0
"XD-3309",26,8.0,26,"8.0",0,0.0
"XD-3308",13,2.0,13,2.0,0,0.0
"XD-3303",0,3.0,0,3.0,0,0.0
"XD-3300",48,5.0,48,5.0,0,0.0
"XD-3298",34,8.0,34,"8.0",0,0.0
"XD-3296",122,8.0,122,8.0,0,0.0
"XD-3288",37,5.0,28,5.0,9,0.0
"XD-3287",25,5.0,25,5.0,0,0.0
"XD-3283",24,8.0,0,"8.0",24,0.0
"XD-3282",0,3.0,0,3.0,0,0.0
"XD-3271",31,5.0,31,"5.0",0,0.0
"XD-3270",27,5.0,27,5.0,0,0.0
"XD-3269",23,3.0,23,3.0,0,0.0
"XD-3267",47,8.0,47,"8.0",0,0.0
"XD-3266",26,2.0,27,2.0,-1,0.0
"XD-3265",27,8.0,27,8.0,0,0.0
"XD-3263",15,2.0,15,2.0,0,0.0
"XD-3261",16,1.0,11,1.0,5,0.0
"XD-3259",24,8.0,24,"8.0",0,0.0
"XD-3258",37,3.0,37,3.0,0,0.0
"XD-3249",29,3.0,29,3.0,0,0.0
"XD-3241",15,1.0,15,1.0,0,0.0
"XD-3240",24,2.0,24,2.0,0,0.0
"XD-3239",19,2.0,19,2.0,0,0.0
"XD-3238",18,1.0,18,1.0,0,0.0
"XD-3235",81,3.0,66,3.0,15,0.0
"XD-3234",12,3.0,12,3.0,0,0.0
"XD-3233",0,8.0,0,8.0,0,0.0
"XD-3232",0,1.0,0,1.0,0,0.0
"XD-3231",23,3.0,23,"3.0",0,0.0
"XD-3230",15,1.0,15,1.0,0,0.0
"XD-3229",33,8.0,33,8.0,0,0.0
"XD-3228",26,8.0,26,8.0,0,0.0
"XD-3227",26,8.0,26,8.0,0,0.0
"XD-3226",24,8.0,24,8.0,0,0.0
"XD-3225",27,8.0,27,8.0,0,0.0
"XD-3224",23,8.0,24,8.0,-1,0.0
"XD-3222",96,3.0,96,3.0,0,0.0
"XD-3220",45,2.0,42,2.0,3,0.0
"XD-3219",17,1.0,17,1.0,0,0.0
"XD-3218",40,3.0,40,"3.0",0,0.0
"XD-3217",45,5.0,45,5.0,0,0.0
"XD-3216",9,5.0,9,"5.0",0,0.0
"XD-3214",73,2.0,69,2.0,4,0.0
"XD-3208",47,1.0,47,1.0,0,0.0
"XD-3206",84,1.0,83,"0.5",1,0.5
"XD-3205",27,1.0,27,1.0,0,0.0
"XD-3204",18,5.0,18,5.0,0,0.0
"XD-3202",24,5.0,24,"5.0",0,0.0
"XD-3198",19,8.0,19,8.0,0,0.0
"XD-3196",18,8.0,18,8.0,0,0.0
"XD-3194",25,8.0,25,8.0,0,0.0
"XD-3193",33,8.0,33,8.0,0,0.0
"XD-3192",26,8.0,26,8.0,0,0.0
"XD-3189",36,3.0,36,3.0,0,0.0
"XD-3188",60,1.0,60,1.0,0,0.0
"XD-3187",27,-1.0,27,1.0,0,-2.0
"XD-3184",23,1.0,22,1.0,1,0.0
"XD-3183",35,1.0,35,1.0,0,0.0
"XD-3178",48,1.0,48,1.0,0,0.0
"XD-3177",25,1.0,25,1.0,0,0.0
"XD-3176",542,3.0,542,3.0,0,0.0
"XD-3172",13,2.0,13,2.0,0,0.0
"XD-3171",139,-1.0,139,5.0,0,-6.0
"XD-3170",25,1.0,25,1.0,0,0.0
"XD-3169",30,8.0,30,8.0,0,0.0
"XD-3166",19,8.0,19,"3.0",0,5.0
"XD-3165",26,3.0,26,3.0,0,0.0
"XD-3164",31,3.0,31,3.0,0,0.0
"XD-3162",0,3.0,0,3.0,0,0.0
"XD-3161",16,3.0,16,3.0,0,0.0
"XD-3160",19,1.0,19,"1.0",0,0.0
"XD-3154",17,1.0,17,1.0,0,0.0
"XD-3153",18,1.0,18,1.0,0,0.0
"XD-3152",16,1.0,16,1.0,0,0.0
"XD-3151",11,1.0,11,1.0,0,0.0
"XD-3150",134,3.0,134,3.0,0,0.0
"XD-3149",17,1.0,17,1.0,0,0.0
"XD-3148",13,3.0,13,3.0,0,0.0
"XD-3147",82,8.0,82,8.0,0,0.0
"XD-3142",26,1.0,26,1.0,0,0.0
"XD-3141",25,5.0,25,5.0,0,0.0
"XD-3140",22,1.0,22,1.0,0,0.0
"XD-3139",18,2.0,18,"1.0",0,1.0
"XD-3137",12,1.0,13,1.0,-1,0.0
"XD-3136",100,5.0,98,5.0,2,0.0
"XD-3135",157,2.0,157,2.0,0,0.0
"XD-3133",17,1.0,15,1.0,2,0.0
"XD-3132",496,3.0,496,3.0,0,0.0
"XD-3131",23,1.0,23,1.0,0,0.0
"XD-3130",23,1.0,23,1.0,0,0.0
"XD-3127",20,1.0,20,1.0,0,0.0
"XD-3126",38,2.0,38,"2.0",0,0.0
"XD-3125",36,1.0,36,"1.0",0,0.0
"XD-3124",12,3.0,0,3.0,12,0.0
"XD-3123",0,1.0,0,1.0,0,0.0
"XD-3118",21,2.0,21,2.0,0,0.0
"XD-3117",46,1.0,46,1.0,0,0.0
"XD-3116",10,3.0,10,3.0,0,0.0
"XD-3115",9,1.0,9,1.0,0,0.0
"XD-3114",0,1.0,0,"1.0",0,0.0
"XD-3113",6,3.0,6,3.0,0,0.0
"XD-3112",56,2.0,56,2.0,0,0.0
"XD-3111",0,1.0,0,1.0,0,0.0
"XD-3110",17,2.0,17,2.0,0,0.0
"XD-3107",23,3.0,23,3.0,0,0.0
"XD-3106",15,2.0,15,2.0,0,0.0
"XD-3105",0,1.0,0,1.0,0,0.0
"XD-3104",0,1.0,0,1.0,0,0.0
"XD-3103",0,3.0,0,3.0,0,0.0
"XD-3102",37,8.0,37,8.0,0,0.0
"XD-3101",0,1.0,0,1.0,0,0.0
"XD-3100",261,-1.0,261,5.0,0,-6.0
"XD-3098",0,5.0,0,5.0,0,0.0
"XD-3096",13,3.0,13,3.0,0,0.0
"XD-3095",0,1.0,0,1.0,0,0.0
"XD-3094",18,2.0,19,2.0,-1,0.0
"XD-3093",87,1.0,53,1.0,34,0.0
"XD-3092",54,2.0,54,2.0,0,0.0
"XD-3091",0,1.0,0,1.0,0,0.0
"XD-3090",19,2.0,19,2.0,0,0.0
"XD-3089",14,1.0,14,1.0,0,0.0
"XD-3086",22,1.0,22,1.0,0,0.0
"XD-3082",0,3.0,0,3.0,0,0.0
"XD-3081",497,3.0,495,3.0,2,0.0
"XD-3079",186,5.0,186,5.0,0,0.0
"XD-3078",370,5.0,370,"5.0",0,0.0
"XD-3077",34,3.0,34,3.0,0,0.0
"XD-3076",82,1.0,82,"3.0",0,-2.0
"XD-3075",32,1.0,32,1.0,0,0.0
"XD-3074",14,1.0,14,1.0,0,0.0
"XD-3072",17,3.0,17,3.0,0,0.0
"XD-3071",19,8.0,19,8.0,0,0.0
"XD-3070",77,5.0,77,5.0,0,0.0
"XD-3066",27,-1.0,27,3.0,0,-4.0
"XD-3064",106,3.0,106,3.0,0,0.0
"XD-3063",33,3.0,33,3.0,0,0.0
"XD-3061",28,3.0,0,3.0,28,0.0
"XD-3056",35,8.0,33,"30.0",2,-22.0
"XD-3054",26,1.0,26,1.0,0,0.0
"XD-3052",24,2.0,24,2.0,0,0.0
"XD-3051",29,1.0,29,"2.0",0,-1.0
"XD-3050",30,3.0,30,3.0,0,0.0
"XD-3049",27,3.0,27,3.0,0,0.0
"XD-3048",83,1.0,83,1.0,0,0.0
"XD-3047",12,5.0,12,5.0,0,0.0
"XD-3046",14,-1.0,14,2.0,0,-3.0
"XD-3043",37,1.0,37,1.0,0,0.0
"XD-3042",0,5.0,0,5.0,0,0.0
"XD-3041",29,1.0,29,1.0,0,0.0
"XD-3036",10,1.0,10,1.0,0,0.0
"XD-3033",21,3.0,21,3.0,0,0.0
"XD-3030",39,5.0,39,5.0,0,0.0
"XD-3027",9,1.0,9,1.0,0,0.0
"XD-3025",1050,5.0,1050,5.0,0,0.0
"XD-3024",46,5.0,46,5.0,0,0.0
"XD-3023",0,1.0,0,1.0,0,0.0
"XD-3022",44,3.0,44,3.0,0,0.0
"XD-3019",0,1.0,0,1.0,0,0.0
"XD-3018",32,2.0,32,2.0,0,0.0
"XD-3017",5,5.0,5,5.0,0,0.0
"XD-3016",13,1.0,13,1.0,0,0.0
"XD-3015",480,2.0,476,2.0,4,0.0
"XD-3014",0,1.0,0,1.0,0,0.0
"XD-3013",19,2.0,19,2.0,0,0.0
"XD-3009",20,1.0,20,1.0,0,0.0
"XD-3008",11,1.0,11,1.0,0,0.0
"XD-3007",289,1.0,289,1.0,0,0.0
"XD-3006",312,-1.0,312,5.0,0,-6.0
"XD-3004",21,3.0,21,3.0,0,0.0
"XD-3003",23,1.0,23,1.0,0,0.0
"XD-3001",348,5.0,348,5.0,0,0.0
"XD-3000",8,5.0,8,5.0,0,0.0
"XD-2999",17,3.0,17,3.0,0,0.0
"XD-2996",131,5.0,131,5.0,0,0.0
"XD-2995",621,3.0,613,"3.0",8,0.0
"XD-2994",0,3.0,0,3.0,0,0.0
"XD-2993",44,5.0,43,"5.0",1,0.0
"XD-2992",24,1.0,24,"1.0",0,0.0
"XD-2987",21,2.0,21,2.0,0,0.0
"XD-2986",20,8.0,20,8.0,0,0.0
"XD-2984",24,3.0,24,3.0,0,0.0
"XD-2980",25,8.0,25,8.0,0,0.0
"XD-2979",31,5.0,31,"5.0",0,0.0
"XD-2973",18,3.0,18,3.0,0,0.0
"XD-2972",49,3.0,49,3.0,0,0.0
"XD-2971",19,1.0,19,1.0,0,0.0
"XD-2970",85,3.0,85,"3.0",0,0.0
"XD-2962",20,8.0,20,8.0,0,0.0
"XD-2961",26,8.0,26,8.0,0,0.0
"XD-2958",16,1.0,16,"1.0",0,0.0
"XD-2957",16,1.0,16,"1.0",0,0.0
"XD-2956",22,5.0,22,"5.0",0,0.0
"XD-2955",18,5.0,17,5.0,1,0.0
"XD-2953",17,3.0,17,3.0,0,0.0
"XD-2949",34,2.0,28,2.0,6,0.0
"XD-2948",37,-1.0,37,1.0,0,-2.0
"XD-2942",17,2.0,17,2.0,0,0.0
"XD-2941",516,2.0,510,"2.0",6,0.0
"XD-2935",14,5.0,14,5.0,0,0.0
"XD-2934",13,5.0,13,5.0,0,0.0
"XD-2931",14,1.0,14,1.0,0,0.0
"XD-2929",18,1.0,18,1.0,0,0.0
"XD-2924",18,3.0,18,3.0,0,0.0
"XD-2923",36,3.0,36,3.0,0,0.0
"XD-2922",20,1.0,15,"1.0",5,0.0
"XD-2921",26,1.0,26,1.0,0,0.0
"XD-2920",49,2.0,49,2.0,0,0.0
"XD-2919",19,3.0,19,"3.0",0,0.0
"XD-2916",20,8.0,20,8.0,0,0.0
"XD-2915",22,8.0,22,8.0,0,0.0
"XD-2914",20,8.0,20,8.0,0,0.0
"XD-2911",18,8.0,18,8.0,0,0.0
"XD-2910",19,1.0,19,1.0,0,0.0
"XD-2909",0,5.0,0,5.0,0,0.0
"XD-2908",18,5.0,18,5.0,0,0.0
"XD-2906",26,1.0,26,"1.0",0,0.0
"XD-2905",15,2.0,15,2.0,0,0.0
"XD-2904",17,2.0,17,"2.0",0,0.0
"XD-2903",16,1.0,16,1.0,0,0.0
"XD-2902",21,1.0,21,1.0,0,0.0
"XD-2899",26,5.0,26,"5.0",0,0.0
"XD-2896",26,3.0,26,3.0,0,0.0
"XD-2893",20,2.0,20,2.0,0,0.0
"XD-2892",17,3.0,17,3.0,0,0.0
"XD-2891",28,3.0,28,3.0,0,0.0
"XD-2887",19,3.0,19,3.0,0,0.0
"XD-2885",24,1.0,24,1.0,0,0.0
"XD-2884",0,3.0,0,3.0,0,0.0
"XD-2882",30,5.0,30,"5.0",0,0.0
"XD-2879",25,5.0,25,5.0,0,0.0
"XD-2876",32,1.0,32,1.0,0,0.0
"XD-2872",95,3.0,95,3.0,0,0.0
"XD-2868",104,5.0,104,5.0,0,0.0
"XD-2865",91,2.0,91,2.0,0,0.0
"XD-2864",26,2.0,26,2.0,0,0.0
"XD-2861",154,-1.0,154,1.0,0,-2.0
"XD-2860",12,2.0,12,2.0,0,0.0
"XD-2859",8,1.0,8,1.0,0,0.0
"XD-2858",80,5.0,80,5.0,0,0.0
"XD-2855",151,2.0,152,2.0,-1,0.0
"XD-2854",135,1.0,135,"1.0",0,0.0
"XD-2853",152,1.0,152,1.0,0,0.0
"XD-2852",17,5.0,17,5.0,0,0.0
"XD-2850",34,8.0,34,"8.0",0,0.0
"XD-2845",14,5.0,14,5.0,0,0.0
"XD-2844",21,8.0,20,8.0,1,0.0
"XD-2842",18,2.0,18,2.0,0,0.0
"XD-2838",18,2.0,18,"2.0",0,0.0
"XD-2837",678,3.0,669,3.0,9,0.0
"XD-2834",29,3.0,29,"3.0",0,0.0
"XD-2833",0,1.0,0,1.0,0,0.0
"XD-2832",65,5.0,65,5.0,0,0.0
"XD-2831",20,8.0,20,8.0,0,0.0
"XD-2830",14,2.0,14,2.0,0,0.0
"XD-2829",27,1.0,22,1.0,5,0.0
"XD-2828",32,1.0,32,1.0,0,0.0
"XD-2825",72,1.0,71,1.0,1,0.0
"XD-2824",38,-1.0,38,5.0,0,-6.0
"XD-2823",14,2.0,14,2.0,0,0.0
"XD-2818",25,-1.0,25,2.0,0,-3.0
"XD-2817",183,1.0,183,"1.0",0,0.0
"XD-2815",25,8.0,25,"8.0",0,0.0
"XD-2814",50,3.0,50,3.0,0,0.0
"XD-2812",30,-1.0,30,5.0,0,-6.0
"XD-2807",46,3.0,46,3.0,0,0.0
"XD-2806",221,3.0,221,3.0,0,0.0
"XD-2804",76,1.0,75,1.0,1,0.0
"XD-2802",15,8.0,15,8.0,0,0.0
"XD-2801",8,3.0,8,3.0,0,0.0
"XD-2797",0,8.0,0,"8.0",0,0.0
"XD-2795",0,8.0,0,8.0,0,0.0
"XD-2794",21,5.0,13,5.0,8,0.0
"XD-2793",20,3.0,20,"3.0",0,0.0
"XD-2791",32,5.0,32,"5.0",0,0.0
"XD-2788",19,3.0,19,3.0,0,0.0
"XD-2787",19,3.0,18,3.0,1,0.0
"XD-2786",18,2.0,18,2.0,0,0.0
"XD-2785",18,3.0,18,3.0,0,0.0
"XD-2784",19,3.0,19,3.0,0,0.0
"XD-2779",31,3.0,31,3.0,0,0.0
"XD-2778",30,1.0,23,1.0,7,0.0
"XD-2777",0,1.0,0,1.0,0,0.0
"XD-2776",24,5.0,24,"5.0",0,0.0
"XD-2774",587,5.0,587,5.0,0,0.0
"XD-2769",54,1.0,58,1.0,-4,0.0
"XD-2767",43,1.0,29,1.0,14,0.0
"XD-2766",0,8.0,0,8.0,0,0.0
"XD-2764",14,1.0,14,1.0,0,0.0
"XD-2762",30,2.0,0,2.0,30,0.0
"XD-2761",51,5.0,51,5.0,0,0.0
"XD-2759",42,1.0,42,1.0,0,0.0
"XD-2755",147,5.0,97,5.0,50,0.0
"XD-2752",44,3.0,44,"3.0",0,0.0
"XD-2750",0,8.0,0,8.0,0,0.0
"XD-2749",0,8.0,0,8.0,0,0.0
"XD-2748",40,8.0,40,"8.0",0,0.0
"XD-2747",0,8.0,0,"8.0",0,0.0
"XD-2744",0,8.0,0,8.0,0,0.0
"XD-2743",0,8.0,0,"8.0",0,0.0
"XD-2742",0,8.0,0,8.0,0,0.0
"XD-2741",35,2.0,35,"2.0",0,0.0
"XD-2739",0,3.0,0,3.0,0,0.0
"XD-2735",26,1.0,26,1.0,0,0.0
"XD-2734",19,8.0,19,8.0,0,0.0
"XD-2730",18,8.0,18,"8.0",0,0.0
"XD-2729",16,3.0,16,3.0,0,0.0
"XD-2728",266,3.0,266,3.0,0,0.0
"XD-2727",39,1.0,39,"1.0",0,0.0
"XD-2723",14,1.0,14,1.0,0,0.0
"XD-2719",19,3.0,19,3.0,0,0.0
"XD-2717",28,1.0,28,1.0,0,0.0
"XD-2716",22,8.0,22,8.0,0,0.0
"XD-2715",20,8.0,20,8.0,0,0.0
"XD-2713",17,8.0,17,8.0,0,0.0
"XD-2712",62,2.0,62,2.0,0,0.0
"XD-2710",23,1.0,23,"1.0",0,0.0
"XD-2706",41,1.0,41,1.0,0,0.0
"XD-2704",21,5.0,21,"5.0",0,0.0
"XD-2700",15,2.0,15,2.0,0,0.0
"XD-2699",17,3.0,17,3.0,0,0.0
"XD-2698",16,2.0,16,2.0,0,0.0
"XD-2696",14,1.0,14,1.0,0,0.0
"XD-2694",26,2.0,26,2.0,0,0.0
"XD-2691",23,4.0,23,"4.0",0,0.0
"XD-2690",8,1.0,8,1.0,0,0.0
"XD-2687",0,1.0,0,1.0,0,0.0
"XD-2686",23,1.0,23,1.0,0,0.0
"XD-2684",23,1.0,23,1.0,0,0.0
"XD-2683",23,6.0,23,"6.0",0,0.0
"XD-2681",64,1.0,64,1.0,0,0.0
"XD-2676",33,3.0,33,"3.0",0,0.0
"XD-2674",8,1.0,8,1.0,0,0.0
"XD-2672",18,8.0,18,"6.0",0,2.0
"XD-2671",78,3.0,59,"3.0",19,0.0
"XD-2670",5,1.0,5,1.0,0,0.0
"XD-2668",94,-1.0,94,3.0,0,-4.0
"XD-2667",14,1.0,14,1.0,0,0.0
"XD-2666",16,1.0,16,"1.0",0,0.0
"XD-2665",19,1.0,19,1.0,0,0.0
"XD-2664",28,8.0,28,8.0,0,0.0
"XD-2661",16,5.0,16,5.0,0,0.0
"XD-2656",21,3.0,21,"3.0",0,0.0
"XD-2655",14,1.0,14,1.0,0,0.0
"XD-2654",13,2.0,13,"2.0",0,0.0
"XD-2652",27,2.0,27,2.0,0,0.0
"XD-2651",14,2.0,14,"2.0",0,0.0
"XD-2649",0,2.0,0,2.0,0,0.0
"XD-2646",34,1.0,34,1.0,0,0.0
"XD-2645",178,1.0,178,1.0,0,0.0
"XD-2643",0,3.0,0,3.0,0,0.0
"XD-2641",0,1.0,0,1.0,0,0.0
"XD-2638",33,1.0,33,1.0,0,0.0
"XD-2637",16,1.0,16,1.0,0,0.0
"XD-2635",63,1.0,63,1.0,0,0.0
"XD-2631",0,1.0,0,1.0,0,0.0
"XD-2630",24,8.0,24,"8.0",0,0.0
"XD-2628",42,5.0,34,5.0,8,0.0
"XD-2626",31,1.0,31,1.0,0,0.0
"XD-2625",45,2.0,45,2.0,0,0.0
"XD-2624",0,3.0,0,3.0,0,0.0
"XD-2622",13,1.0,13,1.0,0,0.0
"XD-2621",0,3.0,0,3.0,0,0.0
"XD-2618",0,1.0,0,1.0,0,0.0
"XD-2617",0,3.0,0,3.0,0,0.0
"XD-2616",24,-1.0,24,3.0,0,-4.0
"XD-2612",8,1.0,8,1.0,0,0.0
"XD-2611",5,1.0,5,1.0,0,0.0
"XD-2609",244,1.0,244,1.0,0,0.0
"XD-2608",423,3.0,423,3.0,0,0.0
"XD-2607",50,2.0,50,"2.0",0,0.0
"XD-2606",23,3.0,23,3.0,0,0.0
"XD-2600",10,1.0,10,1.0,0,0.0
"XD-2599",20,2.0,20,2.0,0,0.0
"XD-2598",48,5.0,48,"5.0",0,0.0
"XD-2597",46,5.0,45,5.0,1,0.0
"XD-2595",29,5.0,29,"5.0",0,0.0
"XD-2594",44,3.0,44,3.0,0,0.0
"XD-2592",61,-1.0,61,3.0,0,-4.0
"XD-2591",0,1.0,0,1.0,0,0.0
"XD-2590",39,3.0,39,3.0,0,0.0
"XD-2589",9,2.0,9,2.0,0,0.0
"XD-2588",10,3.0,10,3.0,0,0.0
"XD-2584",11,1.0,11,1.0,0,0.0
"XD-2582",34,-1.0,34,1.0,0,-2.0
"XD-2577",46,-1.0,46,5.0,0,-6.0
"XD-2575",35,3.0,35,"3.0",0,0.0
"XD-2574",112,5.0,112,5.0,0,0.0
"XD-2573",195,5.0,195,5.0,0,0.0
"XD-2572",12,1.0,12,1.0,0,0.0
"XD-2570",33,2.0,33,2.0,0,0.0
"XD-2569",0,3.0,0,3.0,0,0.0
"XD-2567",40,1.0,40,1.0,0,0.0
"XD-2566",24,8.0,24,8.0,0,0.0
"XD-2564",48,2.0,48,2.0,0,0.0
"XD-2563",41,1.0,41,1.0,0,0.0
"XD-2562",25,3.0,25,3.0,0,0.0
"XD-2561",84,1.0,84,1.0,0,0.0
"XD-2556",0,1.0,0,1.0,0,0.0
"XD-2548",26,5.0,26,"5.0",0,0.0
"XD-2547",32,3.0,32,3.0,0,0.0
"XD-2546",0,2.0,0,2.0,0,0.0
"XD-2544",13,5.0,42,5.0,-29,0.0
"XD-2542",18,5.0,18,"5.0",0,0.0
"XD-2541",19,5.0,19,"5.0",0,0.0
"XD-2539",101,5.0,97,5.0,4,0.0
"XD-2537",16,-1.0,16,1.0,0,-2.0
"XD-2533",0,1.0,0,1.0,0,0.0
"XD-2532",26,5.0,28,5.0,-2,0.0
"XD-2527",19,3.0,19,3.0,0,0.0
"XD-2524",65,1.0,65,1.0,0,0.0
"XD-2523",36,3.0,36,3.0,0,0.0
"XD-2521",60,2.0,60,2.0,0,0.0
"XD-2518",0,-1.0,0,2.0,0,-3.0
"XD-2516",59,3.0,58,3.0,1,0.0
"XD-2510",0,1.0,0,1.0,0,0.0
"XD-2509",0,2.0,0,2.0,0,0.0
"XD-2508",12,3.0,12,3.0,0,0.0
"XD-2505",35,3.0,35,3.0,0,0.0
"XD-2504",26,5.0,26,5.0,0,0.0
"XD-2502",22,2.0,22,2.0,0,0.0
"XD-2501",138,5.0,138,5.0,0,0.0
"XD-2499",28,1.0,28,1.0,0,0.0
"XD-2497",27,2.0,27,2.0,0,0.0
"XD-2496",12,1.0,12,1.0,0,0.0
"XD-2492",25,2.0,25,2.0,0,0.0
"XD-2490",29,2.0,29,2.0,0,0.0
"XD-2489",0,3.0,0,3.0,0,0.0
"XD-2488",23,3.0,23,3.0,0,0.0
"XD-2487",19,5.0,19,5.0,0,0.0
"XD-2486",23,15.0,23,"15.0",0,0.0
"XD-2485",0,1.0,0,1.0,0,0.0
"XD-2484",0,1.0,0,1.0,0,0.0
"XD-2483",24,1.0,24,1.0,0,0.0
"XD-2482",69,0.0,69,"0.0",0,0.0
"XD-2481",29,2.0,29,2.0,0,0.0
"XD-2480",17,5.0,17,5.0,0,0.0
"XD-2478",24,5.0,24,5.0,0,0.0
"XD-2477",18,8.0,19,8.0,-1,0.0
"XD-2475",17,8.0,17,8.0,0,0.0
"XD-2473",15,3.0,15,3.0,0,0.0
"XD-2471",30,3.0,30,3.0,0,0.0
"XD-2467",35,8.0,34,8.0,1,0.0
"XD-2466",0,5.0,0,5.0,0,0.0
"XD-2462",21,3.0,19,"3.0",2,0.0
"XD-2456",22,3.0,22,"3.0",0,0.0
"XD-2433",0,5.0,0,"5.0",0,0.0
"XD-2432",0,5.0,0,"5.0",0,0.0
"XD-2431",30,3.0,30,3.0,0,0.0
"XD-2430",30,8.0,30,8.0,0,0.0
"XD-2429",105,1.0,105,1.0,0,0.0
"XD-2427",17,1.0,17,1.0,0,0.0
"XD-2426",23,2.0,23,2.0,0,0.0
"XD-2425",98,5.0,100,5.0,-2,0.0
"XD-2424",19,5.0,19,5.0,0,0.0
"XD-2423",49,1.0,0,1.0,49,0.0
"XD-2422",0,1.0,0,1.0,0,0.0
"XD-2416",72,1.0,72,1.0,0,0.0
"XD-2414",20,1.0,20,1.0,0,0.0
"XD-2412",23,2.0,23,"3.0",0,-1.0
"XD-2411",15,5.0,15,"4.0",0,1.0
"XD-2410",0,1.0,0,1.0,0,0.0
"XD-2409",95,1.0,95,1.0,0,0.0
"XD-2408",19,1.0,19,1.0,0,0.0
"XD-2406",57,5.0,57,"5.0",0,0.0
"XD-2404",29,3.0,29,3.0,0,0.0
"XD-2403",21,8.0,21,"8.0",0,0.0
"XD-2401",19,5.0,19,"5.0",0,0.0
"XD-2397",65,3.0,65,3.0,0,0.0
"XD-2389",46,2.0,47,2.0,-1,0.0
"XD-2388",20,8.0,20,8.0,0,0.0
"XD-2387",0,5.0,0,5.0,0,0.0
"XD-2386",0,3.0,0,3.0,0,0.0
"XD-2384",17,1.0,17,"1.0",0,0.0
"XD-2382",5,8.0,5,8.0,0,0.0
"XD-2381",21,8.0,21,8.0,0,0.0
"XD-2378",43,5.0,43,5.0,0,0.0
"XD-2377",17,1.0,16,1.0,1,0.0
"XD-2375",40,8.0,40,8.0,0,0.0
"XD-2370",34,1.0,34,1.0,0,0.0
"XD-2368",18,8.0,18,8.0,0,0.0
"XD-2364",22,8.0,22,"8.0",0,0.0
"XD-2362",27,5.0,27,5.0,0,0.0
"XD-2361",22,8.0,22,8.0,0,0.0
"XD-2360",21,8.0,21,8.0,0,0.0
"XD-2358",18,8.0,18,8.0,0,0.0
"XD-2354",39,1.0,39,1.0,0,0.0
"XD-2351",15,5.0,15,"5.0",0,0.0
"XD-2345",30,5.0,30,5.0,0,0.0
"XD-2344",86,3.0,86,3.0,0,0.0
"XD-2342",24,3.0,24,3.0,0,0.0
"XD-2340",0,3.0,0,3.0,0,0.0
"XD-2339",27,5.0,27,5.0,0,0.0
"XD-2335",15,1.0,15,1.0,0,0.0
"XD-2334",41,2.0,41,2.0,0,0.0
"XD-2333",14,8.0,14,8.0,0,0.0
"XD-2332",43,5.0,43,5.0,0,0.0
"XD-2331",35,5.0,30,"4.0",5,1.0
"XD-2330",12,1.0,12,1.0,0,0.0
"XD-2326",763,3.0,763,3.0,0,0.0
"XD-2325",15,1.0,15,1.0,0,0.0
"XD-2323",103,3.0,103,3.0,0,0.0
"XD-2322",17,3.0,14,3.0,3,0.0
"XD-2321",27,4.0,27,4.0,0,0.0
"XD-2320",25,4.0,25,4.0,0,0.0
"XD-2319",0,1.0,0,1.0,0,0.0
"XD-2317",38,-1.0,38,3.0,0,-4.0
"XD-2316",67,3.0,67,3.0,0,0.0
"XD-2315",17,3.0,13,3.0,4,0.0
"XD-2310",384,1.0,384,1.0,0,0.0
"XD-2309",144,5.0,129,5.0,15,0.0
"XD-2308",26,8.0,26,8.0,0,0.0
"XD-2307",44,3.0,43,3.0,1,0.0
"XD-2306",21,5.0,20,"5.0",1,0.0
"XD-2304",27,8.0,27,8.0,0,0.0
"XD-2302",7,4.0,7,4.0,0,0.0
"XD-2301",12,8.0,12,8.0,0,0.0
"XD-2299",0,8.0,0,8.0,0,0.0
"XD-2298",51,8.0,51,"8.0",0,0.0
"XD-2296",24,2.0,24,2.0,0,0.0
"XD-2286",23,2.0,23,2.0,0,0.0
"XD-2283",18,8.0,16,"8.0",2,0.0
"XD-2282",110,8.0,110,"8.0",0,0.0
"XD-2281",107,5.0,108,"5.0",-1,0.0
"XD-2280",49,5.0,50,"5.0",-1,0.0
"XD-2279",48,5.0,49,"5.0",-1,0.0
"XD-2278",110,8.0,110,"7.0",0,1.0
"XD-2277",50,5.0,51,"5.0",-1,0.0
"XD-2276",50,5.0,51,"5.0",-1,0.0
"XD-2275",108,5.0,108,"5.0",0,0.0
"XD-2274",36,1.0,35,1.0,1,0.0
"XD-2271",19,3.0,19,3.0,0,0.0
"XD-2270",20,3.0,20,"5.0",0,-2.0
"XD-2269",25,3.0,25,3.0,0,0.0
"XD-2268",18,5.0,18,5.0,0,0.0
"XD-2266",49,3.0,49,3.0,0,0.0
"XD-2265",48,3.0,48,3.0,0,0.0
"XD-2264",14,5.0,13,5.0,1,0.0
"XD-2259",14,5.0,13,"5.0",1,0.0
"XD-2258",12,2.0,12,"2.0",0,0.0
"XD-2257",49,5.0,49,"8.0",0,-3.0
"XD-2256",48,5.0,48,"8.0",0,-3.0
"XD-2255",50,5.0,50,"8.0",0,-3.0
"XD-2254",50,5.0,50,"8.0",0,-3.0
"XD-2253",36,5.0,36,"8.0",0,-3.0
"XD-2251",24,1.0,22,1.0,2,0.0
"XD-2248",33,-1.0,33,2.0,0,-3.0
"XD-2247",80,2.0,80,2.0,0,0.0
"XD-2245",25,1.0,25,"3.0",0,-2.0
"XD-2239",80,5.0,80,5.0,0,0.0
"XD-2238",51,10.0,51,"10.0",0,0.0
"XD-2237",0,2.0,0,2.0,0,0.0
"XD-2235",14,1.0,14,1.0,0,0.0
"XD-2230",51,8.0,51,"8.0",0,0.0
"XD-2228",22,5.0,22,5.0,0,0.0
"XD-2226",17,5.0,17,5.0,0,0.0
"XD-2225",10,8.0,10,8.0,0,0.0
"XD-2224",12,8.0,13,"8.0",-1,0.0
"XD-2216",25,8.0,25,"8.0",0,0.0
"XD-2215",97,2.0,96,2.0,1,0.0
"XD-2214",24,-1.0,24,1.0,0,-2.0
"XD-2202",0,-1.0,0,5.0,0,-6.0
"XD-2201",124,-1.0,124,5.0,0,-6.0
"XD-2199",56,3.0,56,"3.0",0,0.0
"XD-2198",21,3.0,21,"3.0",0,0.0
"XD-2197",77,5.0,62,5.0,15,0.0
"XD-2196",23,3.0,23,3.0,0,0.0
"XD-2192",7,3.0,7,3.0,0,0.0
"XD-2190",57,1.0,57,1.0,0,0.0
"XD-2181",19,1.0,19,1.0,0,0.0
"XD-2180",29,5.0,29,"5.0",0,0.0
"XD-2178",18,8.0,18,8.0,0,0.0
"XD-2177",46,3.0,46,3.0,0,0.0
"XD-2172",52,-1.0,52,1.0,0,-2.0
"XD-2171",0,1.0,0,1.0,0,0.0
"XD-2170",137,5.0,138,5.0,-1,0.0
"XD-2169",20,3.0,20,3.0,0,0.0
"XD-2158",24,8.0,24,"8.0",0,0.0
"XD-2155",12,1.0,12,1.0,0,0.0
"XD-2154",23,8.0,23,8.0,0,0.0
"XD-2153",18,-1.0,18,1.0,0,-2.0
"XD-2151",32,3.0,27,3.0,5,0.0
"XD-2148",8,1.0,8,1.0,0,0.0
"XD-2147",18,1.0,18,"3.0",0,-2.0
"XD-2146",18,1.0,18,"3.0",0,-2.0
"XD-2145",34,5.0,18,5.0,16,0.0
"XD-2144",27,5.0,27,"5.0",0,0.0
"XD-2143",46,8.0,18,"8.0",28,0.0
"XD-2140",31,3.0,31,3.0,0,0.0
"XD-2139",25,2.0,25,2.0,0,0.0
"XD-2130",20,3.0,20,3.0,0,0.0
"XD-2124",23,5.0,23,5.0,0,0.0
"XD-2123",23,8.0,23,"8.0",0,0.0
"XD-2122",38,8.0,38,8.0,0,0.0
"XD-2121",36,5.0,36,"5.0",0,0.0
"XD-2120",36,5.0,40,5.0,-4,0.0
"XD-2119",49,8.0,31,"5.0",18,3.0
"XD-2118",16,5.0,15,"8.0",1,-3.0
"XD-2114",40,1.0,40,"1.0",0,0.0
"XD-2113",23,3.0,23,"3.0",0,0.0
"XD-2112",16,-1.0,16,3.0,0,-4.0
"XD-2110",25,-1.0,25,3.0,0,-4.0
"XD-2109",34,3.0,34,3.0,0,0.0
"XD-2107",23,3.0,23,3.0,0,0.0
"XD-2105",22,5.0,22,"4.0",0,1.0
"XD-2103",15,8.0,7,8.0,8,0.0
"XD-2098",17,12.0,17,"12.0",0,0.0
"XD-2097",29,4.0,29,"4.0",0,0.0
"XD-2096",17,5.0,17,5.0,0,0.0
"XD-2095",26,2.0,26,2.0,0,0.0
"XD-2094",13,5.0,13,5.0,0,0.0
"XD-2093",37,2.0,37,"2.0",0,0.0
"XD-2092",26,2.0,26,2.0,0,0.0
"XD-2091",18,5.0,18,"8.0",0,-3.0
"XD-2090",16,5.0,16,"16.0",0,-11.0
"XD-2085",37,12.0,37,"12.0",0,0.0
"XD-2084",132,-1.0,132,8.0,0,-9.0
"XD-2080",463,-1.0,463,5.0,0,-6.0
"XD-2079",16,2.0,14,2.0,2,0.0
"XD-2075",7,1.0,0,1.0,7,0.0
"XD-2072",57,2.0,57,2.0,0,0.0
"XD-2071",7,2.0,7,2.0,0,0.0
"XD-2069",39,4.0,39,"4.0",0,0.0
"XD-2067",14,3.0,14,3.0,0,0.0
"XD-2066",33,-1.0,33,5.0,0,-6.0
"XD-2063",23,8.0,23,8.0,0,0.0
"XD-2061",11,8.0,11,"8.0",0,0.0
"XD-2060",15,8.0,15,"8.0",0,0.0
"XD-2058",22,4.0,22,4.0,0,0.0
"XD-2049",35,-1.0,35,4.0,0,-5.0
"XD-2048",25,-1.0,25,20.0,0,-21.0
"XD-2047",11,1.0,11,"3.0",0,-2.0
"XD-2044",12,2.0,12,2.0,0,0.0
"XD-2042",30,-1.0,30,3.0,0,-4.0
"XD-2041",19,8.0,19,8.0,0,0.0
"XD-2040",0,-1.0,0,2.0,0,-3.0
"XD-2038",0,2.0,0,2.0,0,0.0
"XD-2037",19,1.0,19,1.0,0,0.0
"XD-2035",61,1.0,61,1.0,0,0.0
"XD-2033",29,1.0,27,1.0,2,0.0
"XD-2032",54,2.0,52,2.0,2,0.0
"XD-2031",82,1.0,75,"4.0",7,-3.0
"XD-2030",28,1.0,28,1.0,0,0.0
"XD-2029",20,1.0,18,1.0,2,0.0
"XD-2028",45,2.0,45,2.0,0,0.0
"XD-2026",46,5.0,46,5.0,0,0.0
"XD-2025",0,3.0,0,3.0,0,0.0
"XD-2024",114,2.0,114,2.0,0,0.0
"XD-2023",9,1.0,9,1.0,0,0.0
"XD-2022",11,8.0,11,"8.0",0,0.0
"XD-2021",12,1.0,12,1.0,0,0.0
"XD-2018",21,3.0,21,3.0,0,0.0
"XD-2017",15,2.0,15,2.0,0,0.0
"XD-2016",66,2.0,66,2.0,0,0.0
"XD-2015",24,2.0,25,2.0,-1,0.0
"XD-2012",0,1.0,0,1.0,0,0.0
"XD-2011",24,3.0,26,3.0,-2,0.0
"XD-2010",0,2.0,0,2.0,0,0.0
"XD-2009",19,1.0,19,1.0,0,0.0
"XD-2008",14,3.0,14,3.0,0,0.0
"XD-2007",35,4.0,35,4.0,0,0.0
"XD-2006",27,2.0,27,2.0,0,0.0
"XD-2005",109,3.0,109,3.0,0,0.0
"XD-2004",200,3.0,199,"3.0",1,0.0
"XD-2003",47,5.0,47,5.0,0,0.0
"XD-1999",0,1.0,0,1.0,0,0.0
"XD-1998",18,1.0,18,1.0,0,0.0
"XD-1997",30,4.0,30,"4.0",0,0.0
"XD-1996",55,3.0,55,3.0,0,0.0
"XD-1995",29,4.0,29,4.0,0,0.0
"XD-1994",102,4.0,30,4.0,72,0.0
"XD-1993",0,2.0,0,2.0,0,0.0
"XD-1992",0,-1.0,0,2.0,0,-3.0
"XD-1991",35,4.0,34,4.0,1,0.0
"XD-1990",15,1.0,8,1.0,7,0.0
"XD-1989",107,5.0,107,5.0,0,0.0
"XD-1986",9,1.0,9,1.0,0,0.0
"XD-1985",718,5.0,680,5.0,38,0.0
"XD-1984",31,8.0,31,8.0,0,0.0
"XD-1983",130,3.0,130,3.0,0,0.0
"XD-1982",0,3.0,0,"3.0",0,0.0
"XD-1980",25,1.0,25,1.0,0,0.0
"XD-1979",18,2.0,33,2.0,-15,0.0
"XD-1978",0,3.0,0,3.0,0,0.0
"XD-1976",68,5.0,60,5.0,8,0.0
"XD-1975",378,3.0,367,3.0,11,0.0
"XD-1974",27,3.0,27,3.0,0,0.0
"XD-1972",150,16.0,40,"16.0",110,0.0
"XD-1970",17,0.2,17,"2.0",0,-1.8
"XD-1967",50,-1.0,50,5.0,0,-6.0
"XD-1965",102,3.0,102,3.0,0,0.0
"XD-1964",39,2.0,39,2.0,0,0.0
"XD-1963",9,1.0,9,1.0,0,0.0
"XD-1962",66,-1.0,66,3.0,0,-4.0
"XD-1961",36,3.0,36,3.0,0,0.0
"XD-1960",49,-1.0,49,2.0,0,-3.0
"XD-1959",210,1.0,210,"4.0",0,-3.0
"XD-1958",731,5.0,666,5.0,65,0.0
"XD-1957",8,-1.0,8,1.0,0,-2.0
"XD-1956",21,-1.0,21,3.0,0,-4.0
"XD-1954",23,3.0,23,3.0,0,0.0
"XD-1953",150,-1.0,150,2.0,0,-3.0
"XD-1950",1053,1.0,1053,"5.0",0,-4.0
"XD-1949",0,2.0,0,2.0,0,0.0
"XD-1948",17,1.0,17,1.0,0,0.0
"XD-1947",6,3.0,6,3.0,0,0.0
"XD-1946",12,-1.0,12,3.0,0,-4.0
"XD-1945",171,-1.0,171,3.0,0,-4.0
"XD-1944",242,3.0,242,3.0,0,0.0
"XD-1943",0,1.0,0,1.0,0,0.0
"XD-1942",10,3.0,10,3.0,0,0.0
"XD-1941",26,3.0,26,3.0,0,0.0
"XD-1940",15,3.0,15,3.0,0,0.0
"XD-1939",0,1.0,0,1.0,0,0.0
"XD-1938",224,2.0,224,2.0,0,0.0
"XD-1937",10,4.0,10,4.0,0,0.0
"XD-1936",27,3.0,27,3.0,0,0.0
"XD-1934",0,1.0,0,1.0,0,0.0
"XD-1931",25,1.0,25,"3.0",0,-2.0
"XD-1930",58,1.0,58,1.0,0,0.0
"XD-1929",15,4.0,15,4.0,0,0.0
"XD-1927",37,2.0,37,2.0,0,0.0
"XD-1920",0,1.0,0,1.0,0,0.0
"XD-1918",13,1.0,13,1.0,0,0.0
"XD-1915",11,3.0,11,3.0,0,0.0
"XD-1914",53,-1.0,53,4.0,0,-5.0
"XD-1910",6,1.0,6,1.0,0,0.0
"XD-1909",0,2.0,0,2.0,0,0.0
"XD-1908",13,1.0,13,1.0,0,0.0
"XD-1906",46,3.0,46,"12.0",0,-9.0
"XD-1905",34,2.0,34,"2.0",0,0.0
"XD-1901",88,2.0,88,2.0,0,0.0
"XD-1900",121,4.0,121,4.0,0,0.0
"XD-1899",17,2.0,17,2.0,0,0.0
"XD-1897",34,3.0,34,3.0,0,0.0
"XD-1896",0,3.0,0,3.0,0,0.0
"XD-1895",0,4.0,0,4.0,0,0.0
"XD-1894",32,4.0,32,4.0,0,0.0
"XD-1893",0,1.0,0,1.0,0,0.0
"XD-1892",0,2.0,0,2.0,0,0.0
"XD-1891",12,1.0,12,1.0,0,0.0
"XD-1890",16,8.0,16,8.0,0,0.0
"XD-1889",51,4.0,51,4.0,0,0.0
"XD-1888",0,1.0,0,1.0,0,0.0
"XD-1886",5,-1.0,5,1.0,0,-2.0
"XD-1885",35,3.0,32,3.0,3,0.0
"XD-1884",27,2.0,27,2.0,0,0.0
"XD-1881",10,3.0,10,3.0,0,0.0
"XD-1880",14,3.0,14,3.0,0,0.0
"XD-1879",20,2.0,20,2.0,0,0.0
"XD-1877",17,5.0,17,5.0,0,0.0
"XD-1876",49,2.0,49,2.0,0,0.0
"XD-1874",23,4.0,0,4.0,23,0.0
"XD-1873",46,4.0,46,4.0,0,0.0
"XD-1872",43,1.0,43,1.0,0,0.0
"XD-1871",13,1.0,13,1.0,0,0.0
"XD-1870",65,5.0,64,5.0,1,0.0
"XD-1869",11,1.0,11,1.0,0,0.0
"XD-1864",58,5.0,14,"3.0",44,2.0
"XD-1863",35,5.0,35,5.0,0,0.0
"XD-1861",39,3.0,39,3.0,0,0.0
"XD-1858",11,3.0,11,3.0,0,0.0
"XD-1857",29,3.0,29,3.0,0,0.0
"XD-1856",17,5.0,17,5.0,0,0.0
"XD-1855",0,1.0,0,1.0,0,0.0
"XD-1854",77,5.0,82,5.0,-5,0.0
"XD-1853",30,3.0,30,3.0,0,0.0
"XD-1851",7,5.0,7,5.0,0,0.0
"XD-1850",51,3.0,51,3.0,0,0.0
"XD-1849",15,4.0,15,4.0,0,0.0
"XD-1848",25,3.0,25,"3.0",0,0.0
"XD-1846",51,3.0,51,3.0,0,0.0
"XD-1840",15,8.0,15,8.0,0,0.0
"XD-1839",73,8.0,75,8.0,-2,0.0
"XD-1838",35,3.0,35,3.0,0,0.0
"XD-1837",182,1.0,182,1.0,0,0.0
"XD-1835",25,2.0,25,2.0,0,0.0
"XD-1834",14,2.0,14,2.0,0,0.0
"XD-1833",23,1.0,23,1.0,0,0.0
"XD-1831",58,2.0,43,2.0,15,0.0
"XD-1828",37,-1.0,37,4.0,0,-5.0
"XD-1827",31,2.0,31,"10.0",0,-8.0
"XD-1825",0,5.0,0,5.0,0,0.0
"XD-1824",11,1.0,11,1.0,0,0.0
"XD-1823",43,8.0,42,8.0,1,0.0
"XD-1822",20,5.0,20,5.0,0,0.0
"XD-1819",0,2.0,0,2.0,0,0.0
"XD-1817",25,5.0,25,5.0,0,0.0
"XD-1816",13,3.0,13,3.0,0,0.0
"XD-1814",0,8.0,0,8.0,0,0.0
"XD-1813",0,1.0,0,"5.0",0,-4.0
"XD-1812",15,2.0,15,2.0,0,0.0
"XD-1811",42,2.0,42,"2.0",0,0.0
"XD-1810",376,5.0,375,"10.0",1,-5.0
"XD-1809",0,3.0,0,3.0,0,0.0
"XD-1808",21,-1.0,21,4.0,0,-5.0
"XD-1807",14,3.0,14,3.0,0,0.0
"XD-1806",10,-1.0,10,5.0,0,-6.0
"XD-1805",22,8.0,22,8.0,0,0.0
"XD-1804",19,5.0,19,5.0,0,0.0
"XD-1802",29,-1.0,29,1.0,0,-2.0
"XD-1799",1840,2.0,1838,2.0,2,0.0
"XD-1795",58,8.0,58,8.0,0,0.0
"XD-1794",58,5.0,58,"3.0",0,2.0
"XD-1792",78,1.0,78,1.0,0,0.0
"XD-1791",28,5.0,28,5.0,0,0.0
"XD-1788",16,4.0,16,4.0,0,0.0
"XD-1787",9,3.0,9,3.0,0,0.0
"XD-1786",0,5.0,0,5.0,0,0.0
"XD-1784",19,5.0,19,"3.0",0,2.0
"XD-1783",270,-1.0,270,2.0,0,-3.0
"XD-1782",102,-1.0,102,2.0,0,-3.0
"XD-1781",13,10.0,13,10.0,0,0.0
"XD-1780",52,10.0,52,10.0,0,0.0
"XD-1779",116,-1.0,116,10.0,0,-11.0
"XD-1778",53,2.0,53,2.0,0,0.0
"XD-1777",64,20.0,64,20.0,0,0.0
"XD-1775",0,8.0,0,8.0,0,0.0
"XD-1774",11,-1.0,11,3.0,0,-4.0
"XD-1773",0,1.0,0,1.0,0,0.0
"XD-1772",30,4.0,30,4.0,0,0.0
"XD-1771",34,5.0,34,5.0,0,0.0
"XD-1770",109,1.0,109,1.0,0,0.0
"XD-1768",21,3.0,21,3.0,0,0.0
"XD-1767",23,3.0,23,3.0,0,0.0
"XD-1766",127,2.0,127,2.0,0,0.0
"XD-1765",11,1.0,11,1.0,0,0.0
"XD-1764",0,2.0,0,2.0,0,0.0
"XD-1763",0,2.0,0,2.0,0,0.0
"XD-1761",0,4.0,0,"2.0",0,2.0
"XD-1760",65,8.0,65,"0.0",0,8.0
"XD-1759",112,5.0,63,"5.0",49,0.0
"XD-1758",84,2.0,84,2.0,0,0.0
"XD-1757",69,2.0,69,2.0,0,0.0
"XD-1756",15,3.0,15,3.0,0,0.0
"XD-1755",0,2.0,0,"8.0",0,-6.0
"XD-1754",70,4.0,67,"8.0",3,-4.0
"XD-1753",34,3.0,34,3.0,0,0.0
"XD-1751",42,8.0,42,8.0,0,0.0
"XD-1750",30,2.0,34,"1.0",-4,1.0
"XD-1749",10,8.0,10,8.0,0,0.0
"XD-1748",9,1.0,9,1.0,0,0.0
"XD-1747",77,4.0,77,4.0,0,0.0
"XD-1745",59,5.0,59,"0.0",0,5.0
"XD-1744",0,2.0,0,2.0,0,0.0
"XD-1742",62,1.0,44,1.0,18,0.0
"XD-1741",13,1.0,13,1.0,0,0.0
"XD-1740",27,-1.0,27,1.0,0,-2.0
"XD-1739",251,2.0,251,2.0,0,0.0
"XD-1737",0,1.0,0,1.0,0,0.0
"XD-1735",14,-1.0,14,5.0,0,-6.0
"XD-1734",0,2.0,0,2.0,0,0.0
"XD-1733",47,3.0,47,3.0,0,0.0
"XD-1732",0,1.0,0,1.0,0,0.0
"XD-1731",0,3.0,0,3.0,0,0.0
"XD-1730",152,0.0,152,"0.0",0,0.0
"XD-1729",0,4.0,0,4.0,0,0.0
"XD-1728",19,2.0,19,2.0,0,0.0
"XD-1727",12,2.0,12,"2.0",0,0.0
"XD-1726",14,-1.0,14,1.0,0,-2.0
"XD-1723",31,1.0,31,1.0,0,0.0
"XD-1721",0,-1.0,0,2.0,0,-3.0
"XD-1720",24,4.0,24,4.0,0,0.0
"XD-1719",39,1.0,37,1.0,2,0.0
"XD-1718",20,-1.0,20,3.0,0,-4.0
"XD-1716",43,1.0,43,1.0,0,0.0
"XD-1715",40,3.0,40,3.0,0,0.0
"XD-1713",0,-1.0,0,5.0,0,-6.0
"XD-1712",7,-1.0,7,3.0,0,-4.0
"XD-1710",15,5.0,15,5.0,0,0.0
"XD-1709",26,-1.0,26,1.0,0,-2.0
"XD-1708",57,4.0,57,4.0,0,0.0
"XD-1707",131,1.0,131,1.0,0,0.0
"XD-1705",39,3.0,38,3.0,1,0.0
"XD-1704",24,5.0,24,5.0,0,0.0
"XD-1703",36,-1.0,36,3.0,0,-4.0
"XD-1702",24,1.0,24,"3.0",0,-2.0
"XD-1701",70,3.0,70,3.0,0,0.0
"XD-1700",0,1.0,0,1.0,0,0.0
"XD-1699",0,5.0,0,5.0,0,0.0
"XD-1697",0,-1.0,0,5.0,0,-6.0
"XD-1696",13,-1.0,13,"5.0",0,-6.0
"XD-1695",36,8.0,24,8.0,12,0.0
"XD-1687",16,4.0,16,4.0,0,0.0
"XD-1686",33,-1.0,33,1.0,0,-2.0
"XD-1685",0,5.0,0,5.0,0,0.0
"XD-1684",48,3.0,67,"1.0",-19,2.0
"XD-1683",149,5.0,149,5.0,0,0.0
"XD-1682",0,-1.0,0,"5.0",0,-6.0
"XD-1680",0,5.0,0,5.0,0,0.0
"XD-1679",25,1.0,25,1.0,0,0.0
"XD-1678",208,5.0,208,5.0,0,0.0
"XD-1677",12,1.0,0,1.0,12,0.0
"XD-1676",0,5.0,0,5.0,0,0.0
"XD-1673",16,2.0,16,2.0,0,0.0
"XD-1672",0,-1.0,0,5.0,0,-6.0
"XD-1671",46,4.0,46,4.0,0,0.0
"XD-1670",253,2.0,253,2.0,0,0.0
"XD-1668",37,5.0,37,5.0,0,0.0
"XD-1667",19,-1.0,19,2.0,0,-3.0
"XD-1666",0,1.0,0,1.0,0,0.0
"XD-1665",0,1.0,0,1.0,0,0.0
"XD-1664",31,1.0,31,1.0,0,0.0
"XD-1663",80,2.0,80,2.0,0,0.0
"XD-1662",11,4.0,9,4.0,2,0.0
"XD-1661",7,2.0,7,2.0,0,0.0
"XD-1660",16,1.0,16,"3.0",0,-2.0
"XD-1659",0,8.0,0,8.0,0,0.0
"XD-1658",0,4.0,0,"3.0",0,1.0
"XD-1657",0,4.0,0,"3.0",0,1.0
"XD-1655",19,-1.0,19,5.0,0,-6.0
"XD-1654",41,1.0,41,1.0,0,0.0
"XD-1653",53,8.0,44,"5.0",9,3.0
"XD-1652",16,1.0,16,1.0,0,0.0
"XD-1651",31,5.0,31,5.0,0,0.0
"XD-1650",68,8.0,42,8.0,26,0.0
"XD-1646",15,-1.0,15,3.0,0,-4.0
"XD-1645",32,3.0,30,3.0,2,0.0
"XD-1644",231,4.0,231,4.0,0,0.0
"XD-1642",38,1.0,38,1.0,0,0.0
"XD-1641",275,2.0,275,2.0,0,0.0
"XD-1637",12,1.0,12,1.0,0,0.0
"XD-1636",84,1.0,84,1.0,0,0.0
"XD-1635",59,2.0,59,"1.0",0,1.0
"XD-1634",0,1.0,0,1.0,0,0.0
"XD-1632",34,1.0,34,1.0,0,0.0
"XD-1631",16,1.0,16,1.0,0,0.0
"XD-1630",22,2.0,22,2.0,0,0.0
"XD-1629",18,3.0,18,3.0,0,0.0
"XD-1628",0,6.0,0,6.0,0,0.0
"XD-1625",0,4.0,0,4.0,0,0.0
"XD-1623",0,6.0,0,6.0,0,0.0
"XD-1622",12,8.0,12,8.0,0,0.0
"XD-1620",47,1.0,47,1.0,0,0.0
"XD-1618",0,3.0,0,3.0,0,0.0
"XD-1617",0,6.0,0,6.0,0,0.0
"XD-1616",18,8.0,0,"8.0",18,0.0
"XD-1615",0,6.0,0,6.0,0,0.0
"XD-1614",50,1.0,50,1.0,0,0.0
"XD-1613",54,2.0,54,2.0,0,0.0
"XD-1612",29,-1.0,29,3.0,0,-4.0
"XD-1611",0,-1.0,0,3.0,0,-4.0
"XD-1600",51,1.0,51,1.0,0,0.0
"XD-1599",17,3.0,17,3.0,0,0.0
"XD-1598",40,1.0,40,1.0,0,0.0
"XD-1597",39,3.0,29,3.0,10,0.0
"XD-1596",10,3.0,9,3.0,1,0.0
"XD-1595",64,2.0,64,"2.0",0,0.0
"XD-1592",22,1.0,22,1.0,0,0.0
"XD-1591",45,2.0,45,"2.0",0,0.0
"XD-1590",27,2.0,27,2.0,0,0.0
"XD-1589",14,3.0,14,3.0,0,0.0
"XD-1587",37,1.0,37,"1.0",0,0.0
"XD-1585",13,8.0,13,"1.0",0,7.0
"XD-1582",154,3.0,154,3.0,0,0.0
"XD-1581",17,2.0,17,2.0,0,0.0
"XD-1580",424,4.0,424,4.0,0,0.0
"XD-1579",0,4.0,0,4.0,0,0.0
"XD-1577",148,4.0,148,4.0,0,0.0
"XD-1576",20,3.0,20,3.0,0,0.0
"XD-1575",21,8.0,21,8.0,0,0.0
"XD-1574",20,3.0,16,3.0,4,0.0
"XD-1573",23,4.0,23,4.0,0,0.0
"XD-1572",57,-1.0,57,3.0,0,-4.0
"XD-1571",20,1.0,20,1.0,0,0.0
"XD-1569",14,2.0,14,2.0,0,0.0
"XD-1568",25,2.0,25,2.0,0,0.0
"XD-1567",16,3.0,16,3.0,0,0.0
"XD-1566",49,3.0,49,3.0,0,0.0
"XD-1565",62,3.0,62,3.0,0,0.0
"XD-1562",51,3.0,45,3.0,6,0.0
"XD-1561",49,-1.0,49,3.0,0,-4.0
"XD-1560",16,2.0,16,2.0,0,0.0
"XD-1558",22,4.0,22,4.0,0,0.0
"XD-1557",25,-1.0,25,3.0,0,-4.0
"XD-1556",29,3.0,25,3.0,4,0.0
"XD-1555",45,2.0,45,2.0,0,0.0
"XD-1554",28,3.0,28,3.0,0,0.0
"XD-1552",36,2.0,36,2.0,0,0.0
"XD-1551",8,-1.0,8,1.0,0,-2.0
"XD-1550",20,1.0,20,1.0,0,0.0
"XD-1549",54,4.0,54,"4.0",0,0.0
"XD-1548",23,4.0,23,"4.0",0,0.0
"XD-1547",59,3.0,59,3.0,0,0.0
"XD-1546",29,3.0,29,3.0,0,0.0
"XD-1545",12,5.0,12,5.0,0,0.0
"XD-1543",15,-1.0,15,2.0,0,-3.0
"XD-1541",25,3.0,25,3.0,0,0.0
"XD-1540",171,2.0,171,2.0,0,0.0
"XD-1539",220,4.0,220,4.0,0,0.0
"XD-1538",0,4.0,0,4.0,0,0.0
"XD-1537",0,-1.0,0,1.0,0,-2.0
"XD-1536",0,1.0,0,"1.0",0,0.0
"XD-1534",15,-1.0,15,3.0,0,-4.0
"XD-1533",25,2.0,25,2.0,0,0.0
"XD-1532",330,-1.0,330,2.0,0,-3.0
"XD-1531",16,3.0,16,3.0,0,0.0
"XD-1530",36,3.0,34,3.0,2,0.0
"XD-1528",29,-1.0,29,3.0,0,-4.0
"XD-1527",26,-1.0,26,2.0,0,-3.0
"XD-1526",267,3.0,265,3.0,2,0.0
"XD-1525",76,-1.0,76,1.0,0,-2.0
"XD-1524",23,1.0,23,1.0,0,0.0
"XD-1523",0,2.0,0,2.0,0,0.0
"XD-1522",0,2.0,0,2.0,0,0.0
"XD-1521",29,4.0,29,4.0,0,0.0
"XD-1520",52,8.0,52,8.0,0,0.0
"XD-1519",13,3.0,13,3.0,0,0.0
"XD-1518",0,4.0,0,4.0,0,0.0
"XD-1517",22,3.0,22,3.0,0,0.0
"XD-1516",20,-1.0,20,1.0,0,-2.0
"XD-1514",0,3.0,0,3.0,0,0.0
"XD-1513",22,2.0,22,2.0,0,0.0
"XD-1512",8,1.0,8,"1.0",0,0.0
"XD-1511",0,3.0,0,3.0,0,0.0
"XD-1510",32,2.0,32,"2.0",0,0.0
"XD-1509",12,4.0,12,4.0,0,0.0
"XD-1508",66,3.0,66,3.0,0,0.0
"XD-1507",35,3.0,35,3.0,0,0.0
"XD-1506",0,-1.0,0,1.0,0,-2.0
"XD-1505",14,1.0,14,1.0,0,0.0
"XD-1504",15,2.0,15,"2.0",0,0.0
"XD-1503",33,1.0,33,"1.0",0,0.0
"XD-1502",75,1.0,75,1.0,0,0.0
"XD-1501",19,1.0,19,1.0,0,0.0
"XD-1500",69,1.0,69,"1.0",0,0.0
"XD-1499",0,1.0,0,1.0,0,0.0
"XD-1498",9,2.0,9,2.0,0,0.0
"XD-1497",12,3.0,12,3.0,0,0.0
"XD-1496",339,5.0,338,5.0,1,0.0
"XD-1495",47,1.0,47,1.0,0,0.0
"XD-1494",33,1.0,33,1.0,0,0.0
"XD-1493",30,-1.0,30,1.0,0,-2.0
"XD-1492",28,2.0,28,"1.0",0,1.0
"XD-1491",23,2.0,23,"1.0",0,1.0
"XD-1490",259,1.0,259,1.0,0,0.0
"XD-1489",15,3.0,15,3.0,0,0.0
"XD-1488",29,2.0,29,2.0,0,0.0
"XD-1487",0,2.0,0,2.0,0,0.0
"XD-1486",5,4.0,5,4.0,0,0.0
"XD-1485",26,4.0,26,4.0,0,0.0
"XD-1484",0,4.0,0,4.0,0,0.0
"XD-1483",0,4.0,0,4.0,0,0.0
"XD-1482",36,5.0,29,5.0,7,0.0
"XD-1481",11,2.0,11,2.0,0,0.0
"XD-1480",43,2.0,15,2.0,28,0.0
"XD-1479",19,2.0,19,2.0,0,0.0
"XD-1477",73,4.0,50,4.0,23,0.0
"XD-1476",97,8.0,97,"8.0",0,0.0
"XD-1475",54,8.0,54,8.0,0,0.0
"XD-1472",117,4.0,117,"0.0",0,4.0
"XD-1471",16,10.0,16,10.0,0,0.0
"XD-1470",43,-1.0,43,3.0,0,-4.0
"XD-1469",17,2.0,17,2.0,0,0.0
"XD-1468",0,1.0,0,1.0,0,0.0
"XD-1467",0,-1.0,0,4.0,0,-5.0
"XD-1466",14,2.0,14,2.0,0,0.0
"XD-1465",0,1.0,0,1.0,0,0.0
"XD-1464",11,1.0,11,1.0,0,0.0
"XD-1463",21,1.0,24,"4.0",-3,-3.0
"XD-1462",24,3.0,24,3.0,0,0.0
"XD-1461",33,3.0,33,3.0,0,0.0
"XD-1460",21,3.0,21,"1.0",0,2.0
"XD-1459",45,-1.0,45,5.0,0,-6.0
"XD-1458",0,2.0,0,2.0,0,0.0
"XD-1457",28,-1.0,28,3.0,0,-4.0
"XD-1456",43,3.0,21,3.0,22,0.0
"XD-1455",25,4.0,8,"2.0",17,2.0
"XD-1454",21,-1.0,21,2.0,0,-3.0
"XD-1453",0,-1.0,0,1.0,0,-2.0
"XD-1452",181,5.0,181,5.0,0,0.0
"XD-1451",15,1.0,15,1.0,0,0.0
"XD-1449",0,2.0,0,2.0,0,0.0
"XD-1448",69,1.0,69,"0.0",0,1.0
"XD-1447",48,2.0,48,2.0,0,0.0
"XD-1446",10,3.0,10,"3.0",0,0.0
"XD-1445",0,4.0,0,4.0,0,0.0
"XD-1444",0,2.0,0,2.0,0,0.0
"XD-1443",0,2.0,0,2.0,0,0.0
"XD-1442",9,3.0,9,3.0,0,0.0
"XD-1441",11,5.0,41,5.0,-30,0.0
"XD-1439",21,5.0,21,5.0,0,0.0
"XD-1437",0,3.0,0,3.0,0,0.0
"XD-1436",66,5.0,55,5.0,11,0.0
"XD-1435",36,5.0,36,"5.0",0,0.0
"XD-1434",39,8.0,39,8.0,0,0.0
"XD-1433",0,2.0,0,2.0,0,0.0
"XD-1432",16,3.0,16,3.0,0,0.0
"XD-1431",31,2.0,31,"2.0",0,0.0
"XD-1430",0,5.0,0,5.0,0,0.0
"XD-1429",37,4.0,37,4.0,0,0.0
"XD-1428",23,1.0,23,"1.0",0,0.0
"XD-1427",16,2.0,16,2.0,0,0.0
"XD-1425",19,3.0,19,"3.0",0,0.0
"XD-1423",25,4.0,25,4.0,0,0.0
"XD-1422",38,4.0,34,4.0,4,0.0
"XD-1421",0,5.0,0,5.0,0,0.0
"XD-1420",110,8.0,110,8.0,0,0.0
"XD-1419",19,4.0,19,4.0,0,0.0
"XD-1418",70,8.0,70,8.0,0,0.0
"XD-1417",62,8.0,62,8.0,0,0.0
"XD-1416",51,1.0,51,"1.0",0,0.0
"XD-1413",61,4.0,65,"5.0",-4,-1.0
"XD-1412",68,-1.0,68,5.0,0,-6.0
"XD-1411",18,5.0,18,5.0,0,0.0
"XD-1410",12,5.0,12,5.0,0,0.0
"XD-1408",51,-1.0,51,3.0,0,-4.0
"XD-1407",24,5.0,24,5.0,0,0.0
"XD-1406",27,-1.0,27,1.0,0,-2.0
"XD-1404",0,4.0,0,4.0,0,0.0
"XD-1403",31,10.0,32,10.0,-1,0.0
"XD-1402",39,4.0,39,4.0,0,0.0
"XD-1401",27,8.0,27,8.0,0,0.0
"XD-1400",43,8.0,30,8.0,13,0.0
"XD-1399",38,8.0,0,8.0,38,0.0
"XD-1398",41,8.0,41,8.0,0,0.0
"XD-1397",23,4.0,23,4.0,0,0.0
"XD-1396",33,-1.0,33,5.0,0,-6.0
"XD-1395",21,-1.0,21,5.0,0,-6.0
"XD-1394",0,1.0,0,1.0,0,0.0
"XD-1393",124,4.0,124,4.0,0,0.0
"XD-1389",377,5.0,375,5.0,2,0.0
"XD-1388",0,2.0,0,2.0,0,0.0
"XD-1387",0,5.0,0,5.0,0,0.0
"XD-1386",0,4.0,0,4.0,0,0.0
"XD-1385",13,10.0,10,"5.0",3,5.0
"XD-1384",368,-1.0,368,8.0,0,-9.0
"XD-1383",14,5.0,16,5.0,-2,0.0
"XD-1379",93,4.0,93,4.0,0,0.0
"XD-1378",83,3.0,83,3.0,0,0.0
"XD-1377",33,4.0,33,4.0,0,0.0
"XD-1376",69,2.0,69,2.0,0,0.0
"XD-1375",0,4.0,0,"4.0",0,0.0
"XD-1373",33,5.0,33,5.0,0,0.0
"XD-1371",187,-1.0,187,3.0,0,-4.0
"XD-1370",186,-1.0,186,3.0,0,-4.0
"XD-1368",15,8.0,15,8.0,0,0.0
"XD-1367",16,-1.0,16,1.0,0,-2.0
"XD-1366",45,-1.0,45,3.0,0,-4.0
"XD-1365",20,4.0,20,"4.0",0,0.0
"XD-1364",16,5.0,16,5.0,0,0.0
"XD-1363",59,5.0,59,5.0,0,0.0
"XD-1362",39,5.0,39,5.0,0,0.0
"XD-1360",68,3.0,68,3.0,0,0.0
"XD-1359",35,5.0,35,5.0,0,0.0
"XD-1358",9,1.0,9,"1.0",0,0.0
"XD-1357",46,4.0,0,4.0,46,0.0
"XD-1356",64,3.0,64,3.0,0,0.0
"XD-1354",20,5.0,20,5.0,0,0.0
"XD-1353",28,4.0,21,"8.0",7,-4.0
"XD-1352",71,1.0,71,1.0,0,0.0
"XD-1351",17,8.0,17,8.0,0,0.0
"XD-1350",33,4.0,33,4.0,0,0.0
"XD-1349",14,3.0,14,3.0,0,0.0
"XD-1348",27,8.0,27,"8.0",0,0.0
"XD-1345",20,4.0,20,4.0,0,0.0
"XD-1344",111,1.0,111,1.0,0,0.0
"XD-1343",51,8.0,51,8.0,0,0.0
"XD-1342",22,1.0,22,1.0,0,0.0
"XD-1341",21,3.0,21,"3.0",0,0.0
"XD-1339",56,1.0,56,"1.0",0,0.0
"XD-1338",51,1.0,51,"1.0",0,0.0
"XD-1337",66,1.0,66,"1.0",0,0.0
"XD-1335",29,1.0,29,1.0,0,0.0
"XD-1334",27,3.0,27,3.0,0,0.0
"XD-1332",23,-1.0,23,5.0,0,-6.0
"XD-1331",12,4.0,12,4.0,0,0.0
"XD-1329",21,5.0,21,"5.0",0,0.0
"XD-1328",16,8.0,16,8.0,0,0.0
"XD-1327",261,1.0,261,1.0,0,0.0
"XD-1325",11,8.0,11,8.0,0,0.0
"XD-1324",0,4.0,0,4.0,0,0.0
"XD-1322",0,5.0,0,5.0,0,0.0
"XD-1321",12,8.0,12,8.0,0,0.0
"XD-1319",69,-1.0,69,5.0,0,-6.0
"XD-1318",2844,3.0,2844,3.0,0,0.0
"XD-1316",152,2.0,151,2.0,1,0.0
"XD-1315",16,-1.0,16,5.0,0,-6.0
"XD-1314",44,3.0,44,3.0,0,0.0
"XD-1312",118,-1.0,118,5.0,0,-6.0
"XD-1311",29,3.0,29,3.0,0,0.0
"XD-1310",189,1.0,189,"3.0",0,-2.0
"XD-1309",20,5.0,20,5.0,0,0.0
"XD-1308",48,4.0,48,4.0,0,0.0
"XD-1306",27,1.0,25,"5.0",2,-4.0
"XD-1305",14,5.0,14,5.0,0,0.0
"XD-1304",0,3.0,0,3.0,0,0.0
"XD-1303",0,3.0,0,3.0,0,0.0
"XD-1302",0,5.0,0,5.0,0,0.0
"XD-1301",49,-1.0,49,5.0,0,-6.0
"XD-1300",59,3.0,59,3.0,0,0.0
"XD-1299",49,3.0,60,3.0,-11,0.0
"XD-1298",13,-1.0,13,5.0,0,-6.0
"XD-1296",57,2.0,57,2.0,0,0.0
"XD-1295",342,3.0,342,3.0,0,0.0
"XD-1294",53,1.0,53,1.0,0,0.0
"XD-1293",36,3.0,36,3.0,0,0.0
"XD-1292",21,-1.0,21,4.0,0,-5.0
"XD-1291",237,2.0,237,2.0,0,0.0
"XD-1288",0,2.0,0,2.0,0,0.0
"XD-1287",0,-1.0,0,4.0,0,-5.0
"XD-1285",18,4.0,18,4.0,0,0.0
"XD-1284",25,-1.0,25,8.0,0,-9.0
"XD-1281",18,6.0,18,6.0,0,0.0
"XD-1279",0,-1.0,0,4.0,0,-5.0
"XD-1278",23,2.0,19,2.0,4,0.0
"XD-1277",74,4.0,74,4.0,0,0.0
"XD-1276",34,8.0,34,8.0,0,0.0
"XD-1274",0,1.0,0,1.0,0,0.0
"XD-1273",30,1.0,30,1.0,0,0.0
"XD-1272",30,4.0,30,4.0,0,0.0
"XD-1271",44,3.0,44,3.0,0,0.0
"XD-1270",71,10.0,71,"10.0",0,0.0
"XD-1268",0,4.0,0,4.0,0,0.0
"XD-1266",0,3.0,0,3.0,0,0.0
"XD-1264",118,4.0,116,4.0,2,0.0
"XD-1263",0,-1.0,0,5.0,0,-6.0
"XD-1262",60,3.0,50,"0.0",10,3.0
"XD-1261",15,4.0,15,4.0,0,0.0
"XD-1256",50,2.0,50,2.0,0,0.0
"XD-1255",61,-1.0,61,5.0,0,-6.0
"XD-1254",13,2.0,13,2.0,0,0.0
"XD-1252",51,-1.0,51,5.0,0,-6.0
"XD-1251",8,4.0,8,4.0,0,0.0
"XD-1250",13,5.0,13,5.0,0,0.0
"XD-1249",16,5.0,16,5.0,0,0.0
"XD-1248",7,2.0,7,2.0,0,0.0
"XD-1247",5,1.0,5,1.0,0,0.0
"XD-1246",27,3.0,26,3.0,1,0.0
"XD-1245",20,5.0,20,5.0,0,0.0
"XD-1244",39,8.0,35,8.0,4,0.0
"XD-1243",21,5.0,20,5.0,1,0.0
"XD-1242",19,6.0,19,6.0,0,0.0
"XD-1241",28,8.0,28,8.0,0,0.0
"XD-1240",28,8.0,29,8.0,-1,0.0
"XD-1239",28,2.0,26,2.0,2,0.0
"XD-1238",46,8.0,42,8.0,4,0.0
"XD-1237",20,4.0,20,4.0,0,0.0
"XD-1236",0,5.0,0,5.0,0,0.0
"XD-1235",0,5.0,0,5.0,0,0.0
"XD-1234",0,8.0,0,8.0,0,0.0
"XD-1233",0,3.0,0,3.0,0,0.0
"XD-1232",0,4.0,0,4.0,0,0.0
"XD-1231",0,6.0,0,"55.0",0,-49.0
"XD-1230",15,5.0,15,5.0,0,0.0
"XD-1229",43,8.0,43,8.0,0,0.0
"XD-1228",85,8.0,87,8.0,-2,0.0
"XD-1227",45,6.0,45,6.0,0,0.0
"XD-1225",28,4.0,28,4.0,0,0.0
"XD-1224",25,3.0,25,3.0,0,0.0
"XD-1223",39,3.0,39,"3.0",0,0.0
"XD-1222",56,1.0,56,1.0,0,0.0
"XD-1221",34,2.0,34,2.0,0,0.0
"XD-1220",29,5.0,29,5.0,0,0.0
"XD-1219",0,-1.0,0,8.0,0,-9.0
"XD-1218",17,-1.0,17,20.0,0,-21.0
"XD-1217",54,-1.0,54,5.0,0,-6.0
"XD-1216",0,2.0,0,2.0,0,0.0
"XD-1215",37,5.0,37,5.0,0,0.0
"XD-1214",17,3.0,17,3.0,0,0.0
"XD-1213",12,4.0,12,4.0,0,0.0
"XD-1212",10,3.0,10,3.0,0,0.0
"XD-1211",14,-1.0,14,1.0,0,-2.0
"XD-1210",19,2.0,19,2.0,0,0.0
"XD-1209",14,2.0,14,"2.0",0,0.0
"XD-1208",0,5.0,0,5.0,0,0.0
"XD-1207",0,4.0,0,4.0,0,0.0
"XD-1206",104,-1.0,104,1.0,0,-2.0
"XD-1205",10,3.0,10,3.0,0,0.0
"XD-1204",16,3.0,16,3.0,0,0.0
"XD-1203",11,-1.0,11,2.0,0,-3.0
"XD-1202",0,1.0,0,1.0,0,0.0
"XD-1201",35,1.0,35,"1.0",0,0.0
"XD-1200",77,5.0,77,5.0,0,0.0
"XD-1199",49,3.0,49,3.0,0,0.0
"XD-1196",45,5.0,40,"8.0",5,-3.0
"XD-1194",48,2.0,48,2.0,0,0.0
"XD-1193",0,1.0,0,1.0,0,0.0
"XD-1192",10,2.0,10,2.0,0,0.0
"XD-1191",20,3.0,20,3.0,0,0.0
"XD-1190",45,5.0,45,5.0,0,0.0
"XD-1189",39,2.0,39,2.0,0,0.0
"XD-1188",11,2.0,11,2.0,0,0.0
"XD-1187",8,3.0,8,3.0,0,0.0
"XD-1186",62,3.0,62,3.0,0,0.0
"XD-1185",168,1.0,168,"3.0",0,-2.0
"XD-1184",220,2.0,220,2.0,0,0.0
"XD-1183",9,1.0,9,1.0,0,0.0
"XD-1182",35,3.0,13,3.0,22,0.0
"XD-1180",17,-1.0,17,4.0,0,-5.0
"XD-1179",30,-1.0,30,5.0,0,-6.0
"XD-1178",0,3.0,0,3.0,0,0.0
"XD-1177",106,-1.0,106,4.0,0,-5.0
"XD-1176",9,1.0,9,1.0,0,0.0
"XD-1175",52,-1.0,52,5.0,0,-6.0
"XD-1174",0,2.0,0,2.0,0,0.0
"XD-1173",83,3.0,83,3.0,0,0.0
"XD-1172",22,4.0,22,4.0,0,0.0
"XD-1171",56,3.0,56,3.0,0,0.0
"XD-1170",51,-1.0,51,2.0,0,-3.0
"XD-1169",33,-1.0,33,1.0,0,-2.0
"XD-1167",0,-1.0,0,2.0,0,-3.0
"XD-1166",0,3.0,0,3.0,0,0.0
"XD-1164",0,1.0,0,1.0,0,0.0
"XD-1163",0,1.0,0,1.0,0,0.0
"XD-1162",33,-1.0,33,1.0,0,-2.0
"XD-1161",13,3.0,13,3.0,0,0.0
"XD-1159",32,5.0,32,5.0,0,0.0
"XD-1158",11,-1.0,11,3.0,0,-4.0
"XD-1157",0,1.0,0,1.0,0,0.0
"XD-1156",15,2.0,0,2.0,15,0.0
"XD-1155",139,3.0,139,3.0,0,0.0
"XD-1154",24,3.0,24,3.0,0,0.0
"XD-1153",10,1.0,10,"1.0",0,0.0
"XD-1151",0,8.0,0,"10.0",0,-2.0
"XD-1150",0,1.0,0,1.0,0,0.0
"XD-1148",31,2.0,31,"0.0",0,2.0
"XD-1146",0,16.0,0,16.0,0,0.0
"XD-1145",25,-1.0,25,4.0,0,-5.0
"XD-1144",56,10.0,56,10.0,0,0.0
"XD-1143",88,-1.0,88,10.0,0,-11.0
"XD-1142",29,-1.0,29,8.0,0,-9.0
"XD-1140",0,16.0,0,"5.0",0,11.0
"XD-1139",0,3.0,0,3.0,0,0.0
"XD-1137",25,-1.0,25,3.0,0,-4.0
"XD-1136",0,3.0,0,3.0,0,0.0
"XD-1135",28,1.0,28,1.0,0,0.0
"XD-1134",45,1.0,10,1.0,35,0.0
"XD-1133",22,2.0,22,2.0,0,0.0
"XD-1132",20,2.0,20,2.0,0,0.0
"XD-1131",26,4.0,26,4.0,0,0.0
"XD-1130",44,5.0,44,5.0,0,0.0
"XD-1129",10,2.0,10,2.0,0,0.0
"XD-1128",0,1.0,0,1.0,0,0.0
"XD-1127",20,20.0,16,20.0,4,0.0
"XD-1125",16,-1.0,16,5.0,0,-6.0
"XD-1124",48,1.0,48,1.0,0,0.0
"XD-1123",0,5.0,0,5.0,0,0.0
"XD-1122",14,2.0,14,2.0,0,0.0
"XD-1120",29,8.0,29,8.0,0,0.0
"XD-1119",18,-1.0,18,3.0,0,-4.0
"XD-1118",0,5.0,0,5.0,0,0.0
"XD-1117",0,1.0,0,1.0,0,0.0
"XD-1116",0,2.0,0,2.0,0,0.0
"XD-1111",19,-1.0,19,2.0,0,-3.0
"XD-1110",27,2.0,27,2.0,0,0.0
"XD-1109",17,2.0,17,2.0,0,0.0
"XD-1108",16,2.0,16,2.0,0,0.0
"XD-1107",19,1.0,19,1.0,0,0.0
"XD-1106",13,6.0,13,"4.0",0,2.0
"XD-1105",28,3.0,28,3.0,0,0.0
"XD-1104",26,5.0,26,5.0,0,0.0
"XD-1103",44,5.0,44,"8.0",0,-3.0
"XD-1102",19,8.0,19,8.0,0,0.0
"XD-1101",44,8.0,44,8.0,0,0.0
"XD-1100",89,4.0,89,4.0,0,0.0
"XD-1096",13,3.0,13,3.0,0,0.0
"XD-1095",0,2.0,0,2.0,0,0.0
"XD-1094",0,2.0,0,2.0,0,0.0
"XD-1093",0,2.0,0,2.0,0,0.0
"XD-1092",0,2.0,0,2.0,0,0.0
"XD-1091",0,2.0,0,2.0,0,0.0
"XD-1090",0,2.0,0,2.0,0,0.0
"XD-1089",0,2.0,0,2.0,0,0.0
"XD-1088",28,4.0,28,4.0,0,0.0
"XD-1087",27,3.0,27,3.0,0,0.0
"XD-1086",24,3.0,24,"2.0",0,1.0
"XD-1085",25,3.0,19,3.0,6,0.0
"XD-1084",31,4.0,25,4.0,6,0.0
"XD-1083",32,4.0,26,4.0,6,0.0
"XD-1082",31,2.0,25,2.0,6,0.0
"XD-1081",111,1.0,111,1.0,0,0.0
"XD-1079",17,1.0,17,1.0,0,0.0
"XD-1078",15,1.0,14,1.0,1,0.0
"XD-1077",115,40.0,84,40.0,31,0.0
"XD-1073",16,1.0,21,1.0,-5,0.0
"XD-1072",21,1.0,21,1.0,0,0.0
"XD-1071",27,6.0,27,6.0,0,0.0
"XD-1070",40,4.0,40,4.0,0,0.0
"XD-1068",0,2.0,0,2.0,0,0.0
"XD-1067",134,3.0,134,3.0,0,0.0
"XD-1066",78,5.0,78,5.0,0,0.0
"XD-1065",26,2.0,26,2.0,0,0.0
"XD-1064",101,4.0,101,4.0,0,0.0
"XD-1063",20,-1.0,20,2.0,0,-3.0
"XD-1061",21,2.0,21,2.0,0,0.0
"XD-1060",56,1.0,58,1.0,-2,0.0
"XD-1059",21,2.0,21,2.0,0,0.0
"XD-1058",19,2.0,19,2.0,0,0.0
"XD-1053",55,3.0,39,3.0,16,0.0
"XD-1052",24,4.0,24,4.0,0,0.0
"XD-1051",65,1.0,64,"4.0",1,-3.0
"XD-1050",48,12.0,48,12.0,0,0.0
"XD-1049",0,3.0,0,3.0,0,0.0
"XD-1047",110,5.0,110,5.0,0,0.0
"XD-1044",16,8.0,16,8.0,0,0.0
"XD-1042",23,3.0,23,3.0,0,0.0
"XD-1041",16,3.0,16,3.0,0,0.0
"XD-1040",16,2.0,16,2.0,0,0.0
"XD-1039",78,5.0,78,5.0,0,0.0
"XD-1037",107,15.0,107,15.0,0,0.0
"XD-1036",31,10.0,31,10.0,0,0.0
"XD-1035",58,5.0,58,5.0,0,0.0
"XD-1033",38,5.0,38,5.0,0,0.0
"XD-1032",34,8.0,34,8.0,0,0.0
"XD-1031",59,8.0,32,8.0,27,0.0
"XD-1030",0,-1.0,0,1.0,0,-2.0
"XD-1029",0,3.0,0,3.0,0,0.0
"XD-1028",14,1.0,14,1.0,0,0.0
"XD-1025",35,2.0,35,2.0,0,0.0
"XD-1024",25,5.0,25,5.0,0,0.0
"XD-1023",48,4.0,48,4.0,0,0.0
"XD-1022",30,-1.0,30,5.0,0,-6.0
"XD-1021",20,5.0,20,5.0,0,0.0
"XD-1019",10,2.0,10,2.0,0,0.0
"XD-1017",24,5.0,24,5.0,0,0.0
"XD-1016",26,3.0,26,3.0,0,0.0
"XD-1015",29,5.0,29,5.0,0,0.0
"XD-1014",0,8.0,0,8.0,0,0.0
"XD-1013",0,8.0,0,8.0,0,0.0
"XD-1012",55,8.0,59,8.0,-4,0.0
"XD-1010",9,5.0,9,5.0,0,0.0
"XD-1009",69,-1.0,69,2.0,0,-3.0
"XD-1008",20,4.0,20,4.0,0,0.0
"XD-1007",23,3.0,23,3.0,0,0.0
"XD-1006",41,3.0,41,3.0,0,0.0
"XD-1004",40,2.0,40,"2.0",0,0.0
"XD-1003",32,2.0,32,2.0,0,0.0
"XD-1002",32,3.0,32,3.0,0,0.0
"XD-1001",37,2.0,37,2.0,0,0.0
"XD-1000",67,4.0,67,4.0,0,0.0
"XD-999",27,4.0,27,4.0,0,0.0
"XD-998",10,1.0,10,1.0,0,0.0
"XD-997",13,4.0,13,"5.0",0,-1.0
"XD-995",31,5.0,31,5.0,0,0.0
"XD-994",14,-1.0,14,8.0,0,-9.0
"XD-991",17,8.0,17,8.0,0,0.0
"XD-990",22,8.0,14,8.0,8,0.0
"XD-988",27,5.0,27,5.0,0,0.0
"XD-987",36,8.0,33,8.0,3,0.0
"XD-985",49,5.0,28,5.0,21,0.0
"XD-984",58,10.0,51,10.0,7,0.0
"XD-981",22,3.0,22,3.0,0,0.0
"XD-980",76,-1.0,76,10.0,0,-11.0
"XD-978",90,10.0,90,10.0,0,0.0
"XD-977",102,5.0,48,5.0,54,0.0
"XD-976",32,5.0,32,5.0,0,0.0
"XD-972",47,5.0,48,5.0,-1,0.0
"XD-970",188,-1.0,188,10.0,0,-11.0
"XD-969",190,10.0,57,10.0,133,0.0
"XD-968",32,-1.0,32,3.0,0,-4.0
"XD-967",10,-1.0,10,5.0,0,-6.0
"XD-966",29,5.0,29,5.0,0,0.0
"XD-962",15,1.0,15,1.0,0,0.0
"XD-961",69,1.0,0,1.0,69,0.0
"XD-959",22,-1.0,22,3.0,0,-4.0
"XD-958",177,-1.0,177,3.0,0,-4.0
"XD-957",0,3.0,0,3.0,0,0.0
"XD-956",15,12.0,15,"3.0",0,9.0
"XD-955",13,1.0,13,1.0,0,0.0
"XD-954",44,3.0,44,3.0,0,0.0
"XD-953",189,10.0,189,10.0,0,0.0
"XD-950",0,20.0,0,20.0,0,0.0
"XD-949",0,10.0,0,10.0,0,0.0
"XD-948",8,10.0,10,10.0,-2,0.0
"XD-947",12,20.0,12,20.0,0,0.0
"XD-946",0,20.0,0,20.0,0,0.0
"XD-945",6,10.0,6,10.0,0,0.0
"XD-944",14,2.0,14,"3.0",0,-1.0
"XD-943",32,-1.0,32,3.0,0,-4.0
"XD-942",0,1.0,0,1.0,0,0.0
"XD-941",38,3.0,38,3.0,0,0.0
"XD-940",0,1.0,0,1.0,0,0.0
"XD-937",14,1.0,14,1.0,0,0.0
"XD-935",21,3.0,21,3.0,0,0.0
"XD-933",18,2.0,18,2.0,0,0.0
"XD-931",23,2.0,23,2.0,0,0.0
"XD-928",24,1.0,18,1.0,6,0.0
"XD-927",8,3.0,8,3.0,0,0.0
"XD-926",0,8.0,0,8.0,0,0.0
"XD-924",28,3.0,28,3.0,0,0.0
"XD-923",21,8.0,22,8.0,-1,0.0
"XD-922",26,2.0,26,2.0,0,0.0
"XD-921",13,3.0,13,3.0,0,0.0
"XD-920",74,2.0,74,"5.0",0,-3.0
"XD-919",14,2.0,14,2.0,0,0.0
"XD-916",36,4.0,36,4.0,0,0.0
"XD-915",45,8.0,45,8.0,0,0.0
"XD-914",28,2.0,28,2.0,0,0.0
"XD-913",14,-1.0,14,1.0,0,-2.0
"XD-912",13,-1.0,13,5.0,0,-6.0
"XD-911",11,-1.0,11,1.0,0,-2.0
"XD-910",52,1.0,0,1.0,52,0.0
"XD-909",0,-1.0,0,5.0,0,-6.0
"XD-908",22,3.0,22,"5.0",0,-2.0
"XD-907",0,3.0,0,"5.0",0,-2.0
"XD-906",0,5.0,0,5.0,0,0.0
"XD-905",27,2.0,27,2.0,0,0.0
"XD-902",35,-1.0,35,2.0,0,-3.0
"XD-901",27,3.0,27,3.0,0,0.0
"XD-900",21,1.0,21,1.0,0,0.0
"XD-899",42,2.0,42,2.0,0,0.0
"XD-896",25,8.0,17,8.0,8,0.0
"XD-892",83,-1.0,83,1.0,0,-2.0
"XD-891",35,3.0,35,3.0,0,0.0
"XD-890",36,8.0,36,8.0,0,0.0
"XD-889",18,1.0,18,1.0,0,0.0
"XD-887",58,6.0,58,6.0,0,0.0
"XD-886",0,1.0,0,1.0,0,0.0
"XD-885",26,8.0,26,8.0,0,0.0
"XD-882",17,-1.0,17,1.0,0,-2.0
"XD-881",16,-1.0,16,5.0,0,-6.0
"XD-880",0,1.0,0,1.0,0,0.0
"XD-879",25,2.0,25,2.0,0,0.0
"XD-878",40,-1.0,40,3.0,0,-4.0
"XD-877",21,3.0,19,3.0,2,0.0
"XD-875",21,2.0,21,2.0,0,0.0
"XD-874",49,8.0,42,8.0,7,0.0
"XD-872",57,-1.0,57,8.0,0,-9.0
"XD-871",77,4.0,77,4.0,0,0.0
"XD-870",25,4.0,25,4.0,0,0.0
"XD-868",42,4.0,42,4.0,0,0.0
"XD-866",10,1.0,10,1.0,0,0.0
"XD-865",18,-1.0,18,5.0,0,-6.0
"XD-864",11,1.0,11,1.0,0,0.0
"XD-863",25,4.0,25,4.0,0,0.0
"XD-862",44,10.0,44,10.0,0,0.0
"XD-859",34,8.0,32,8.0,2,0.0
"XD-858",0,1.0,0,1.0,0,0.0
"XD-857",28,5.0,25,"2.0",3,3.0
"XD-855",19,-1.0,19,5.0,0,-6.0
"XD-854",23,2.0,23,2.0,0,0.0
"XD-851",102,-1.0,102,4.0,0,-5.0
"XD-850",27,-1.0,27,3.0,0,-4.0
"XD-849",19,-1.0,19,2.0,0,-3.0
"XD-848",42,-1.0,42,1.0,0,-2.0
"XD-847",25,5.0,23,5.0,2,0.0
"XD-846",0,-1.0,0,2.0,0,-3.0
"XD-845",17,-1.0,17,3.0,0,-4.0
"XD-844",25,-1.0,25,3.0,0,-4.0
"XD-843",33,-1.0,33,20.0,0,-21.0
"XD-842",16,-1.0,16,1.0,0,-2.0
"XD-840",434,-1.0,434,1.0,0,-2.0
"XD-839",0,-1.0,0,1.0,0,-2.0
"XD-837",32,-1.0,32,5.0,0,-6.0
"XD-832",23,2.0,23,2.0,0,0.0
"XD-831",0,2.0,0,2.0,0,0.0
"XD-830",36,-1.0,36,5.0,0,-6.0
"XD-828",30,2.0,30,2.0,0,0.0
"XD-827",33,2.0,32,2.0,1,0.0
"XD-824",22,3.0,22,3.0,0,0.0
"XD-823",25,1.0,25,1.0,0,0.0
"XD-822",17,2.0,17,2.0,0,0.0
"XD-821",25,-1.0,25,5.0,0,-6.0
"XD-820",0,3.0,0,3.0,0,0.0
"XD-818",16,-1.0,16,5.0,0,-6.0
"XD-817",42,-1.0,42,5.0,0,-6.0
"XD-816",30,2.0,32,2.0,-2,0.0
"XD-815",12,-1.0,12,1.0,0,-2.0
"XD-814",31,-1.0,31,5.0,0,-6.0
"XD-813",26,4.0,26,4.0,0,0.0
"XD-811",35,2.0,35,2.0,0,0.0
"XD-810",701,3.0,701,3.0,0,0.0
"XD-808",21,-1.0,21,3.0,0,-4.0
"XD-807",17,-1.0,17,"4.0",0,-5.0
"XD-806",37,3.0,37,3.0,0,0.0
"XD-805",22,-1.0,22,8.0,0,-9.0
"XD-804",43,8.0,43,8.0,0,0.0
"XD-802",0,3.0,0,3.0,0,0.0
"XD-800",21,2.0,21,2.0,0,0.0
"XD-799",142,3.0,142,3.0,0,0.0
"XD-797",6,-1.0,6,1.0,0,-2.0
"XD-796",59,5.0,59,5.0,0,0.0
"XD-795",12,3.0,12,3.0,0,0.0
"XD-794",0,4.0,0,4.0,0,0.0
"XD-793",0,1.0,0,1.0,0,0.0
"XD-792",0,2.0,0,2.0,0,0.0
"XD-791",0,5.0,0,5.0,0,0.0
"XD-790",24,1.0,24,1.0,0,0.0
"XD-789",0,2.0,0,2.0,0,0.0
"XD-788",22,8.0,20,8.0,2,0.0
"XD-786",0,-1.0,0,1.0,0,-2.0
"XD-784",20,2.0,20,2.0,0,0.0
"XD-782",0,3.0,0,3.0,0,0.0
"XD-779",486,2.0,486,2.0,0,0.0
"XD-778",26,2.0,26,2.0,0,0.0
"XD-777",37,2.0,38,2.0,-1,0.0
"XD-776",18,-1.0,18,1.0,0,-2.0
"XD-775",8,2.0,8,2.0,0,0.0
"XD-774",22,5.0,22,"5.0",0,0.0
"XD-770",0,2.0,0,2.0,0,0.0
"XD-768",0,8.0,0,8.0,0,0.0
"XD-767",0,8.0,0,8.0,0,0.0
"XD-766",10,8.0,10,"8.0",0,0.0
"XD-764",47,-1.0,47,5.0,0,-6.0
"XD-763",75,5.0,75,5.0,0,0.0
"XD-762",11,-1.0,11,2.0,0,-3.0
"XD-761",11,-1.0,11,8.0,0,-9.0
"XD-759",40,1.0,40,1.0,0,0.0
"XD-757",103,3.0,103,3.0,0,0.0
"XD-756",97,2.0,97,2.0,0,0.0
"XD-754",15,1.0,10,1.0,5,0.0
"XD-753",18,2.0,18,2.0,0,0.0
"XD-752",42,2.0,42,2.0,0,0.0
"XD-746",0,-1.0,0,1.0,0,-2.0
"XD-745",258,5.0,258,5.0,0,0.0
"XD-744",38,-1.0,38,2.0,0,-3.0
"XD-743",122,1.0,122,1.0,0,0.0
"XD-741",23,2.0,23,"1.0",0,1.0
"XD-739",48,4.0,48,4.0,0,0.0
"XD-737",32,-1.0,32,3.0,0,-4.0
"XD-736",44,5.0,44,5.0,0,0.0
"XD-735",53,-1.0,53,5.0,0,-6.0
"XD-733",36,6.0,36,6.0,0,0.0
"XD-732",38,4.0,38,4.0,0,0.0
"XD-730",19,2.0,19,2.0,0,0.0
"XD-729",38,2.0,38,2.0,0,0.0
"XD-728",28,2.0,28,2.0,0,0.0
"XD-727",32,4.0,32,4.0,0,0.0
"XD-725",28,5.0,28,5.0,0,0.0
"XD-724",69,5.0,69,5.0,0,0.0
"XD-723",38,-1.0,38,8.0,0,-9.0
"XD-722",32,8.0,32,8.0,0,0.0
"XD-721",61,5.0,61,5.0,0,0.0
"XD-720",81,5.0,81,5.0,0,0.0
"XD-719",72,5.0,72,5.0,0,0.0
"XD-718",196,5.0,196,5.0,0,0.0
"XD-717",348,2.0,348,2.0,0,0.0
"XD-716",636,5.0,636,5.0,0,0.0
"XD-715",9,2.0,9,2.0,0,0.0
"XD-713",0,0.0,6,"0.0",-6,0.0
"XD-708",19,0.0,19,"0.0",0,0.0
"XD-707",92,0.0,92,"0.0",0,0.0
"XD-705",265,16.0,264,"10.0",1,6.0
"XD-704",18,2.0,14,"1.0",4,1.0
"XD-703",127,8.0,127,"5.0",0,3.0
"XD-702",149,2.0,149,2.0,0,0.0
"XD-700",22,1.0,22,1.0,0,0.0
"XD-695",25,3.0,25,3.0,0,0.0
"XD-693",0,3.0,0,3.0,0,0.0
"XD-692",0,1.0,0,1.0,0,0.0
"XD-691",16,2.0,16,2.0,0,0.0
"XD-690",23,8.0,23,8.0,0,0.0
"XD-689",55,1.0,55,1.0,0,0.0
"XD-686",21,8.0,21,8.0,0,0.0
"XD-685",46,16.0,26,"8.0",20,8.0
"XD-683",18,2.0,18,2.0,0,0.0
"XD-682",33,1.0,33,"2.0",0,-1.0
"XD-680",13,-1.0,13,2.0,0,-3.0
"XD-679",17,-1.0,17,1.0,0,-2.0
"XD-678",0,1.0,0,1.0,0,0.0
"XD-677",49,2.0,49,2.0,0,0.0
"XD-676",33,5.0,33,5.0,0,0.0
"XD-675",23,1.0,23,1.0,0,0.0
"XD-674",0,2.0,0,2.0,0,0.0
"XD-673",33,-1.0,33,1.0,0,-2.0
"XD-672",42,-1.0,42,5.0,0,-6.0
"XD-671",92,16.0,92,"8.0",0,8.0
"XD-670",11,4.0,11,4.0,0,0.0
"XD-666",11,2.0,11,2.0,0,0.0
"XD-665",14,2.0,14,"2.0",0,0.0
"XD-664",0,1.0,0,1.0,0,0.0
"XD-663",33,3.0,33,3.0,0,0.0
"XD-662",55,2.0,55,2.0,0,0.0
"XD-661",0,4.0,0,4.0,0,0.0
"XD-660",0,1.0,0,1.0,0,0.0
"XD-656",68,8.0,68,"8.0",0,0.0
"XD-655",78,1.0,78,1.0,0,0.0
"XD-653",28,1.0,28,1.0,0,0.0
"XD-652",47,2.0,47,2.0,0,0.0
"XD-650",30,5.0,30,5.0,0,0.0
"XD-649",8,1.0,8,1.0,0,0.0
"XD-648",22,3.0,22,3.0,0,0.0
"XD-647",25,8.0,25,8.0,0,0.0
"XD-645",53,3.0,37,3.0,16,0.0
"XD-644",24,2.0,24,2.0,0,0.0
"XD-643",26,3.0,26,3.0,0,0.0
"XD-642",22,1.0,22,1.0,0,0.0
"XD-640",29,3.0,29,3.0,0,0.0
"XD-639",62,-1.0,62,2.0,0,-3.0
"XD-637",17,-1.0,17,4.0,0,-5.0
"XD-636",16,1.0,16,1.0,0,0.0
"XD-635",18,1.0,18,1.0,0,0.0
"XD-634",24,3.0,24,3.0,0,0.0
"XD-633",10,1.0,10,1.0,0,0.0
"XD-632",25,4.0,25,4.0,0,0.0
"XD-631",24,1.0,24,1.0,0,0.0
"XD-630",56,2.0,56,2.0,0,0.0
"XD-629",42,-1.0,42,2.0,0,-3.0
"XD-628",0,-1.0,0,3.0,0,-4.0
"XD-626",26,1.0,26,1.0,0,0.0
"XD-625",0,-1.0,0,1.0,0,-2.0
"XD-624",22,1.0,22,1.0,0,0.0
"XD-622",377,1.0,377,1.0,0,0.0
"XD-620",16,2.0,16,2.0,0,0.0
"XD-619",0,2.0,0,2.0,0,0.0
"XD-618",0,1.0,0,1.0,0,0.0
"XD-617",109,2.0,109,2.0,0,0.0
"XD-614",61,8.0,61,8.0,0,0.0
"XD-613",14,5.0,14,5.0,0,0.0
"XD-612",15,2.0,15,2.0,0,0.0
"XD-611",13,1.0,13,1.0,0,0.0
"XD-610",13,1.0,13,1.0,0,0.0
"XD-609",13,1.0,13,1.0,0,0.0
"XD-608",0,-1.0,0,1.0,0,-2.0
"XD-606",39,3.0,39,3.0,0,0.0
"XD-605",13,2.0,13,2.0,0,0.0
"XD-603",78,2.0,78,2.0,0,0.0
"XD-600",0,5.0,0,5.0,0,0.0
"XD-599",47,1.0,46,1.0,1,0.0
"XD-598",25,0.0,25,"0.0",0,0.0
"XD-597",33,4.0,33,4.0,0,0.0
"XD-596",11,1.0,11,1.0,0,0.0
"XD-595",20,1.0,20,1.0,0,0.0
"XD-594",24,2.0,24,2.0,0,0.0
"XD-593",18,1.0,18,1.0,0,0.0
"XD-592",109,3.0,109,"3.0",0,0.0
"XD-591",36,1.0,36,1.0,0,0.0
"XD-589",16,1.0,16,1.0,0,0.0
"XD-588",48,3.0,48,3.0,0,0.0
"XD-587",0,3.0,0,3.0,0,0.0
"XD-586",0,-1.0,0,3.0,0,-4.0
"XD-585",35,1.0,35,"0.0",0,1.0
"XD-583",35,0.0,35,"0.0",0,0.0
"XD-582",39,4.0,28,4.0,11,0.0
"XD-581",29,2.0,17,2.0,12,0.0
"XD-580",25,-1.0,25,3.0,0,-4.0
"XD-579",0,1.0,0,1.0,0,0.0
"XD-578",75,3.0,75,3.0,0,0.0
"XD-577",0,1.0,0,1.0,0,0.0
"XD-576",0,1.0,0,1.0,0,0.0
"XD-575",53,1.0,52,1.0,1,0.0
"XD-574",28,2.0,28,"1.0",0,1.0
"XD-572",0,5.0,0,5.0,0,0.0
"XD-571",27,3.0,27,3.0,0,0.0
"XD-569",14,2.0,14,2.0,0,0.0
"XD-568",0,1.0,0,1.0,0,0.0
"XD-567",0,1.0,0,1.0,0,0.0
"XD-566",0,1.0,0,1.0,0,0.0
"XD-565",14,1.0,14,1.0,0,0.0
"XD-563",21,2.0,21,2.0,0,0.0
"XD-561",29,4.0,29,4.0,0,0.0
"XD-560",14,3.0,14,3.0,0,0.0
"XD-559",0,-1.0,0,1.0,0,-2.0
"XD-556",69,5.0,69,5.0,0,0.0
"XD-555",106,2.0,106,2.0,0,0.0
"XD-554",32,5.0,32,5.0,0,0.0
"XD-553",25,3.0,25,3.0,0,0.0
"XD-552",17,1.0,17,1.0,0,0.0
"XD-551",0,1.0,0,1.0,0,0.0
"XD-549",0,2.0,0,2.0,0,0.0
"XD-548",0,2.0,0,"2.0",0,0.0
"XD-547",0,2.0,0,"2.0",0,0.0
"XD-546",0,2.0,0,2.0,0,0.0
"XD-545",0,2.0,0,2.0,0,0.0
"XD-544",45,3.0,45,3.0,0,0.0
"XD-543",0,-1.0,0,5.0,0,-6.0
"XD-542",23,2.0,23,2.0,0,0.0
"XD-541",0,-1.0,0,3.0,0,-4.0
"XD-540",22,5.0,22,5.0,0,0.0
"XD-539",27,5.0,27,5.0,0,0.0
"XD-538",19,5.0,19,5.0,0,0.0
"XD-536",16,4.0,16,4.0,0,0.0
"XD-534",9,4.0,9,"4.0",0,0.0
"XD-533",11,2.0,11,2.0,0,0.0
"XD-532",0,6.0,0,6.0,0,0.0
"XD-531",0,2.0,0,2.0,0,0.0
"XD-530",8,3.0,8,3.0,0,0.0
"XD-528",0,4.0,0,4.0,0,0.0
"XD-526",27,5.0,27,5.0,0,0.0
"XD-525",12,3.0,12,3.0,0,0.0
"XD-524",0,1.0,0,1.0,0,0.0
"XD-523",32,5.0,32,5.0,0,0.0
"XD-521",13,1.0,13,"2.0",0,-1.0
"XD-518",0,2.0,0,2.0,0,0.0
"XD-517",17,-1.0,17,3.0,0,-4.0
"XD-515",14,-1.0,14,3.0,0,-4.0
"XD-514",10,-1.0,10,8.0,0,-9.0
"XD-513",16,-1.0,16,1.0,0,-2.0
"XD-510",0,-1.0,0,4.0,0,-5.0
"XD-509",32,3.0,32,3.0,0,0.0
"XD-508",8,1.0,8,1.0,0,0.0
"XD-507",8,1.0,8,1.0,0,0.0
"XD-506",8,1.0,8,1.0,0,0.0
"XD-505",24,-1.0,24,2.0,0,-3.0
"XD-504",19,1.0,19,1.0,0,0.0
"XD-503",13,2.0,12,2.0,1,0.0
"XD-502",16,1.0,16,1.0,0,0.0
"XD-500",0,2.0,0,2.0,0,0.0
"XD-499",0,3.0,0,3.0,0,0.0
"XD-498",17,-1.0,17,1.0,0,-2.0
"XD-497",21,3.0,21,3.0,0,0.0
"XD-496",35,3.0,35,3.0,0,0.0
"XD-495",0,1.0,0,1.0,0,0.0
"XD-494",41,2.0,41,2.0,0,0.0
"XD-493",21,4.0,21,4.0,0,0.0
"XD-492",10,1.0,10,1.0,0,0.0
"XD-491",27,3.0,27,3.0,0,0.0
"XD-490",11,4.0,11,4.0,0,0.0
"XD-489",11,3.0,11,3.0,0,0.0
"XD-488",13,1.0,13,1.0,0,0.0
"XD-487",13,4.0,13,4.0,0,0.0
"XD-486",18,2.0,18,2.0,0,0.0
"XD-485",61,5.0,61,5.0,0,0.0
"XD-483",0,-1.0,0,2.0,0,-3.0
"XD-482",15,1.0,15,1.0,0,0.0
"XD-481",0,2.0,0,2.0,0,0.0
"XD-480",36,2.0,36,2.0,0,0.0
"XD-479",19,8.0,19,8.0,0,0.0
"XD-478",23,3.0,23,3.0,0,0.0
"XD-477",20,-1.0,20,5.0,0,-6.0
"XD-476",90,-1.0,90,2.0,0,-3.0
"XD-475",25,-1.0,25,8.0,0,-9.0
"XD-473",21,5.0,21,5.0,0,0.0
"XD-472",25,8.0,25,8.0,0,0.0
"XD-470",14,3.0,14,3.0,0,0.0
"XD-469",16,1.0,16,1.0,0,0.0
"XD-467",73,3.0,73,3.0,0,0.0
"XD-466",27,3.0,27,3.0,0,0.0
"XD-465",134,-1.0,134,2.0,0,-3.0
"XD-451",61,-1.0,61,5.0,0,-6.0
"XD-447",0,1.0,0,1.0,0,0.0
"XD-444",13,1.0,13,"3.0",0,-2.0
"XD-443",0,3.0,0,3.0,0,0.0
"XD-442",20,-1.0,20,2.0,0,-3.0
"XD-441",41,-1.0,41,3.0,0,-4.0
"XD-439",41,2.0,41,2.0,0,0.0
"XD-438",145,4.0,145,4.0,0,0.0
"XD-437",12,-1.0,12,4.0,0,-5.0
"XD-435",19,2.0,19,"3.0",0,-1.0
"XD-433",36,-1.0,36,5.0,0,-6.0
"XD-431",0,5.0,0,"0.0",0,5.0
"XD-430",16,1.0,16,1.0,0,0.0
"XD-429",13,1.0,13,1.0,0,0.0
"XD-428",12,-1.0,12,1.0,0,-2.0
"XD-427",12,-1.0,12,1.0,0,-2.0
"XD-426",16,-1.0,16,1.0,0,-2.0
"XD-425",0,-1.0,0,1.0,0,-2.0
"XD-424",0,-1.0,0,1.0,0,-2.0
"XD-423",0,-1.0,0,1.0,0,-2.0
"XD-422",0,-1.0,0,1.0,0,-2.0
"XD-421",0,-1.0,0,1.0,0,-2.0
"XD-420",16,3.0,16,3.0,0,0.0
"XD-419",38,-1.0,38,2.0,0,-3.0
"XD-418",11,-1.0,11,1.0,0,-2.0
"XD-417",11,-1.0,11,1.0,0,-2.0
"XD-416",11,-1.0,11,1.0,0,-2.0
"XD-415",11,-1.0,11,1.0,0,-2.0
"XD-414",11,-1.0,11,1.0,0,-2.0
"XD-413",11,-1.0,11,1.0,0,-2.0
"XD-412",13,-1.0,13,1.0,0,-2.0
"XD-411",11,-1.0,11,1.0,0,-2.0
"XD-410",16,-1.0,16,1.0,0,-2.0
"XD-409",11,-1.0,11,1.0,0,-2.0
"XD-408",12,-1.0,12,1.0,0,-2.0
"XD-407",13,-1.0,13,1.0,0,-2.0
"XD-406",12,-1.0,12,1.0,0,-2.0
"XD-405",10,-1.0,10,1.0,0,-2.0
"XD-404",55,3.0,55,3.0,0,0.0
"XD-403",11,1.0,11,1.0,0,0.0
"XD-402",12,4.0,12,4.0,0,0.0
"XD-401",35,1.0,35,1.0,0,0.0
"XD-400",31,1.0,31,1.0,0,0.0
"XD-399",17,1.0,17,1.0,0,0.0
"XD-398",11,1.0,11,1.0,0,0.0
"XD-397",31,2.0,31,2.0,0,0.0
"XD-396",17,1.0,17,1.0,0,0.0
"XD-393",71,-1.0,71,1.0,0,-2.0
"XD-392",0,1.0,0,1.0,0,0.0
"XD-388",47,0.0,42,"0.0",5,0.0
"XD-386",54,3.0,54,3.0,0,0.0
"XD-385",14,-1.0,14,5.0,0,-6.0
"XD-384",0,1.0,0,1.0,0,0.0
"XD-383",0,1.0,0,1.0,0,0.0
"XD-382",9,1.0,9,1.0,0,0.0
"XD-381",7,1.0,7,1.0,0,0.0
"XD-379",10,1.0,10,1.0,0,0.0
"XD-378",10,1.0,10,1.0,0,0.0
"XD-377",10,1.0,10,1.0,0,0.0
"XD-376",12,1.0,12,1.0,0,0.0
"XD-375",0,1.0,0,1.0,0,0.0
"XD-374",0,1.0,0,1.0,0,0.0
"XD-373",9,1.0,9,1.0,0,0.0
"XD-372",9,1.0,9,1.0,0,0.0
"XD-371",9,1.0,9,1.0,0,0.0
"XD-370",11,3.0,11,3.0,0,0.0
"XD-369",194,3.0,194,3.0,0,0.0
"XD-368",12,2.0,12,2.0,0,0.0
"XD-367",20,3.0,20,3.0,0,0.0
"XD-366",21,3.0,21,3.0,0,0.0
"XD-365",23,4.0,23,4.0,0,0.0
"XD-364",8,1.0,8,"0.0",0,1.0
"XD-363",0,1.0,0,"0.0",0,1.0
"XD-361",0,1.0,0,"0.0",0,1.0
"XD-360",0,2.0,0,"0.0",0,2.0
"XD-359",0,1.0,0,"0.0",0,1.0
"XD-358",10,2.0,0,"0.0",10,2.0
"XD-357",29,4.0,29,4.0,0,0.0
"XD-356",11,1.0,11,1.0,0,0.0
"XD-353",51,5.0,51,5.0,0,0.0
"XD-352",0,3.0,0,3.0,0,0.0
"XD-351",0,1.0,0,"1.0",0,0.0
"XD-350",0,2.0,0,"2.0",0,0.0
"XD-348",10,4.0,10,"4.0",0,0.0
"XD-345",0,1.0,0,1.0,0,0.0
"XD-343",21,5.0,21,5.0,0,0.0
"XD-342",78,3.0,77,3.0,1,0.0
"XD-339",11,1.0,11,1.0,0,0.0
"XD-338",26,4.0,26,4.0,0,0.0
"XD-337",0,2.0,0,2.0,0,0.0
"XD-336",0,2.0,0,2.0,0,0.0
"XD-335",20,14.0,0,"4.0",20,10.0
"XD-334",0,5.0,0,5.0,0,0.0
"XD-332",0,0.0,0,"0.0",0,0.0
"XD-331",0,0.0,0,"0.0",0,0.0
"XD-330",0,0.0,0,"0.0",0,0.0
"XD-329",0,0.0,0,"0.0",0,0.0
"XD-328",0,0.0,0,"0.0",0,0.0
"XD-323",0,1.0,0,"0.0",0,1.0
"XD-321",5,1.0,4,"0.0",1,1.0
"XD-319",0,1.0,0,"0.0",0,1.0
"XD-318",21,10.0,21,"0.0",0,10.0
"XD-317",0,4.0,0,4.0,0,0.0
"XD-316",29,5.0,29,5.0,0,0.0
"XD-315",24,3.0,24,3.0,0,0.0
"XD-313",14,8.0,15,"0.0",-1,8.0
"XD-312",20,5.0,20,"0.0",0,5.0
"XD-308",0,8.0,0,8.0,0,0.0
"XD-307",0,8.0,0,8.0,0,0.0
"XD-305",0,8.0,0,8.0,0,0.0
"XD-303",0,8.0,0,8.0,0,0.0
"XD-302",0,8.0,0,8.0,0,0.0
"XD-301",32,1.0,32,"1.0",0,0.0
"XD-299",18,5.0,18,5.0,0,0.0
"XD-298",25,2.0,25,"5.0",0,-3.0
"XD-297",24,2.0,24,2.0,0,0.0
"XD-296",28,1.0,28,1.0,0,0.0
"XD-294",0,1.0,0,1.0,0,0.0
"XD-293",15,4.0,15,4.0,0,0.0
"XD-292",34,1.0,34,1.0,0,0.0
"XD-291",29,1.0,29,1.0,0,0.0
"XD-282",0,0.0,0,"0.0",0,0.0
"XD-271",28,0.0,28,"0.0",0,0.0
"XD-270",34,0.0,34,"0.0",0,0.0
"XD-269",40,4.0,39,4.0,1,0.0
"XD-268",31,2.0,31,2.0,0,0.0
"XD-264",0,8.0,0,8.0,0,0.0
"XD-263",9,5.0,9,5.0,0,0.0
"XD-262",0,3.0,0,3.0,0,0.0
"XD-261",0,1.0,0,"10.0",0,-9.0
"XD-260",0,3.0,0,"10.0",0,-7.0
"XD-259",0,1.0,0,"10.0",0,-9.0
"XD-258",0,3.0,0,"10.0",0,-7.0
"XD-257",12,3.0,0,"10.0",12,-7.0
"XD-256",0,2.0,0,"5.0",0,-3.0
"XD-255",11,3.0,11,"5.0",0,-2.0
"XD-251",16,-1.0,16,10.0,0,-11.0
"XD-250",0,-1.0,0,5.0,0,-6.0
"XD-247",18,2.0,18,2.0,0,0.0
"XD-246",30,4.0,48,4.0,-18,0.0
"XD-245",42,8.0,49,"4.0",-7,4.0
"XD-244",73,8.0,53,8.0,20,0.0
"XD-242",0,2.0,0,2.0,0,0.0
"XD-236",23,8.0,23,"10.0",0,-2.0
"XD-231",23,3.0,23,3.0,0,0.0
"XD-230",29,3.0,29,3.0,0,0.0
"XD-229",0,5.0,0,"5.0",0,0.0
"XD-228",34,-1.0,34,1.0,0,-2.0
"XD-227",15,1.0,15,1.0,0,0.0
"XD-226",43,2.0,43,2.0,0,0.0
"XD-225",32,2.0,32,2.0,0,0.0
"XD-224",74,2.0,74,2.0,0,0.0
"XD-223",34,2.0,34,2.0,0,0.0
"XD-222",8,1.0,8,1.0,0,0.0
"XD-221",109,2.0,0,2.0,109,0.0
"XD-220",14,1.0,14,"1.0",0,0.0
"XD-219",0,1.0,0,1.0,0,0.0
"XD-218",0,-1.0,0,1.0,0,-2.0
"XD-217",26,2.0,26,2.0,0,0.0
"XD-216",0,2.0,0,2.0,0,0.0
"XD-215",17,1.0,17,1.0,0,0.0
"XD-214",17,3.0,17,3.0,0,0.0
"XD-213",0,2.0,0,2.0,0,0.0
"XD-212",14,2.0,14,2.0,0,0.0
"XD-211",0,1.0,0,1.0,0,0.0
"XD-210",14,-1.0,14,1.0,0,-2.0
"XD-208",0,1.0,0,1.0,0,0.0
"XD-207",41,2.0,41,2.0,0,0.0
"XD-206",31,1.0,31,1.0,0,0.0
"XD-204",5,2.0,5,2.0,0,0.0
"XD-202",0,3.0,0,3.0,0,0.0
"XD-201",9,2.0,9,2.0,0,0.0
"XD-200",30,4.0,30,4.0,0,0.0
"XD-199",20,3.0,20,3.0,0,0.0
"XD-198",354,0.0,354,"0.0",0,0.0
"XD-197",44,4.0,44,4.0,0,0.0
"XD-196",23,4.0,23,4.0,0,0.0
"XD-195",24,1.0,24,1.0,0,0.0
"XD-194",53,5.0,53,5.0,0,0.0
"XD-193",28,3.0,28,3.0,0,0.0
"XD-192",23,2.0,23,2.0,0,0.0
"XD-191",41,2.0,41,2.0,0,0.0
"XD-190",20,-1.0,20,1.0,0,-2.0
"XD-188",41,1.0,41,1.0,0,0.0
"XD-187",22,2.0,22,2.0,0,0.0
"XD-186",10,2.0,10,2.0,0,0.0
"XD-184",0,4.0,0,4.0,0,0.0
"XD-183",0,3.0,0,3.0,0,0.0
"XD-182",20,3.0,20,3.0,0,0.0
"XD-181",76,3.0,56,3.0,20,0.0
"XD-180",48,1.0,48,1.0,0,0.0
"XD-179",46,1.0,46,1.0,0,0.0
"XD-178",15,1.0,15,1.0,0,0.0
"XD-176",36,2.0,36,2.0,0,0.0
"XD-175",22,8.0,22,8.0,0,0.0
"XD-174",24,4.0,24,4.0,0,0.0
"XD-173",36,6.0,35,6.0,1,0.0
"XD-172",18,4.0,18,4.0,0,0.0
"XD-171",24,4.0,24,4.0,0,0.0
"XD-170",10,2.0,10,2.0,0,0.0
"XD-169",20,2.0,21,2.0,-1,0.0
"XD-168",0,4.0,0,4.0,0,0.0
"XD-167",0,5.0,0,5.0,0,0.0
"XD-166",66,-1.0,66,3.0,0,-4.0
"XD-165",19,2.0,19,2.0,0,0.0
"XD-164",24,2.0,24,2.0,0,0.0
"XD-163",40,12.0,40,"5.0",0,7.0
"XD-162",53,20.0,53,"5.0",0,15.0
"XD-161",0,5.0,0,5.0,0,0.0
"XD-160",39,3.0,36,3.0,3,0.0
"XD-159",71,0.0,52,"0.0",19,0.0
"XD-158",57,4.0,57,4.0,0,0.0
"XD-157",32,4.0,32,4.0,0,0.0
"XD-155",22,5.0,22,5.0,0,0.0
"XD-153",20,5.0,20,5.0,0,0.0
"XD-152",16,5.0,16,5.0,0,0.0
"XD-150",36,2.0,36,2.0,0,0.0
"XD-149",62,4.0,62,4.0,0,0.0
"XD-148",307,2.0,307,2.0,0,0.0
"XD-147",35,-1.0,35,2.0,0,-3.0
"XD-143",18,3.0,19,3.0,-1,0.0
"XD-142",25,8.0,25,"20.0",0,-12.0
"XD-141",25,1.0,25,1.0,0,0.0
"XD-140",21,2.0,21,2.0,0,0.0
"XD-139",16,2.0,16,2.0,0,0.0
"XD-138",0,5.0,0,5.0,0,0.0
"XD-137",0,10.0,0,"5.0",0,5.0
"XD-136",8,3.0,8,3.0,0,0.0
"XD-135",14,4.0,14,4.0,0,0.0
"XD-134",12,2.0,12,2.0,0,0.0
"XD-133",13,1.0,13,"4.0",0,-3.0
"XD-131",0,2.0,0,2.0,0,0.0
"XD-130",0,3.0,0,3.0,0,0.0
"XD-129",0,2.0,0,2.0,0,0.0
"XD-128",12,3.0,12,"1.0",0,2.0
"XD-127",19,3.0,12,"2.0",7,1.0
"XD-126",15,2.0,15,2.0,0,0.0
"XD-125",3,1.0,3,"1.0",0,0.0
"XD-124",18,2.0,17,"3.0",1,-1.0
"XD-123",28,3.0,28,3.0,0,0.0
"XD-122",33,-1.0,33,2.0,0,-3.0
"XD-120",0,3.0,0,3.0,0,0.0
"XD-119",19,1.0,19,1.0,0,0.0
"XD-118",24,1.0,24,1.0,0,0.0
"XD-117",10,1.0,10,1.0,0,0.0
"XD-116",13,1.0,13,1.0,0,0.0
"XD-115",11,1.0,11,1.0,0,0.0
"XD-112",0,1.0,0,1.0,0,0.0
"XD-111",69,5.0,69,5.0,0,0.0
"XD-110",28,1.0,28,1.0,0,0.0
"XD-109",0,1.0,0,1.0,0,0.0
"XD-108",24,1.0,24,1.0,0,0.0
"XD-106",38,1.0,38,1.0,0,0.0
"XD-105",9,1.0,9,1.0,0,0.0
"XD-104",10,1.0,10,1.0,0,0.0
"XD-103",14,1.0,14,1.0,0,0.0
"XD-102",19,1.0,19,1.0,0,0.0
"XD-99",19,1.0,19,1.0,0,0.0
"XD-98",19,3.0,19,3.0,0,0.0
"XD-91",10,3.0,10,3.0,0,0.0
"XD-90",10,3.0,10,3.0,0,0.0
"XD-89",9,3.0,9,3.0,0,0.0
"XD-88",9,3.0,9,3.0,0,0.0
"XD-87",11,3.0,11,3.0,0,0.0
"XD-86",10,3.0,10,3.0,0,0.0
"XD-85",10,3.0,10,3.0,0,0.0
"XD-84",10,3.0,10,3.0,0,0.0
"XD-82",10,3.0,10,3.0,0,0.0
"XD-81",10,3.0,10,3.0,0,0.0
"XD-80",10,3.0,10,"3.0",0,0.0
"XD-79",20,5.0,20,5.0,0,0.0
"XD-78",12,3.0,12,"3.0",0,0.0
"XD-76",0,2.0,0,"2.0",0,0.0
"XD-74",0,1.0,0,1.0,0,0.0
"XD-73",19,-1.0,19,2.0,0,-3.0
"XD-72",8,5.0,8,5.0,0,0.0
"XD-71",20,1.0,20,1.0,0,0.0
"XD-70",49,2.0,49,2.0,0,0.0
"XD-69",14,5.0,14,5.0,0,0.0
"XD-67",67,8.0,67,8.0,0,0.0
"XD-66",14,-1.0,14,1.0,0,-2.0
"XD-65",8,2.0,8,2.0,0,0.0
"XD-63",0,2.0,0,2.0,0,0.0
"XD-62",16,5.0,16,5.0,0,0.0
"XD-61",76,8.0,24,8.0,52,0.0
"XD-59",16,1.0,16,1.0,0,0.0
"XD-58",17,1.0,17,1.0,0,0.0
"XD-57",0,1.0,0,1.0,0,0.0
"XD-56",11,2.0,11,2.0,0,0.0
"XD-55",23,1.0,23,"1.0",0,0.0
"XD-54",17,1.0,17,1.0,0,0.0
"XD-53",23,13.0,23,"8.0",0,5.0
"XD-52",0,1.0,0,1.0,0,0.0
"XD-51",0,1.0,0,1.0,0,0.0
"XD-50",12,2.0,12,2.0,0,0.0
"XD-49",33,1.0,33,"1.0",0,0.0
"XD-48",0,2.0,0,"0.0",0,2.0
"XD-47",0,1.0,0,1.0,0,0.0
"XD-45",25,1.0,25,1.0,0,0.0
"XD-44",30,1.0,30,1.0,0,0.0
"XD-43",16,2.0,16,"1.0",0,1.0
"XD-41",0,1.0,0,1.0,0,0.0
"XD-40",24,2.0,24,2.0,0,0.0
"XD-37",0,2.0,0,2.0,0,0.0
"XD-36",0,1.0,0,"1.0",0,0.0
"XD-35",7,1.0,7,1.0,0,0.0
"XD-31",20,3.0,17,"3.0",3,0.0
"XD-30",11,3.0,8,"3.0",3,0.0
"XD-29",15,3.0,12,"3.0",3,0.0
"XD-28",10,3.0,7,"3.0",3,0.0
"XD-27",0,0.0,0,"0.0",0,0.0
"XD-26",0,-1.0,0,20.0,0,-21.0
"XD-24",0,2.0,0,2.0,0,0.0
"XD-23",0,1.0,0,"0.0",0,1.0
"XD-20",0,3.0,0,3.0,0,0.0
"XD-14",0,3.0,0,3.0,0,0.0
"XD-13",0,2.0,0,"2.0",0,0.0
"XD-9",0,13.0,0,"8.0",0,5.0
"XD-8",0,1.0,0,1.0,0,0.0
"XD-7",0,1.0,0,1.0,0,0.0
"XD-6",0,0.0,0,"0.0",0,0.0
"XD-2",0,1.0,0,1.0,0,0.0
"XD-1",10,1.0,0,1.0,10,0.0
